run_accession	study_accession	study_title	experiment_accession	experiment_title	experiment_desc	organism_taxid	organism_name	library_name	library_strategy	library_source	library_selection	library_layout	sample_accession	sample_title	biosample	bioproject	instrument	instrument_model	instrument_model_desc	total_spots	total_size	run_total_spots	run_total_bases	run_alias	public_filename	public_size	public_date	public_md5	public_version	public_semantic_name	public_supertype	public_sratoolkit	aws_url	aws_free_egress	aws_access_type	public_url	ncbi_url	ncbi_free_egress	ncbi_access_type	gcp_url	gcp_free_egress	gcp_access_type	experiment_alias	collection_date	env_broad_scale	env_local_scale	env_medium	geo_loc_name	host	lat_lon	altitude	temp	tree_height	plantation	replicate	biosamplemodel	ena_fastq_http	ena_fastq_http_1	ena_fastq_http_2	ena_fastq_ftp	ena_fastq_ftp_1	ena_fastq_ftp_2
SRR10614059	SRP235361	Theobroma cacao leaf metagenome	SRX7293347	Fungal endophyte communities in leaves of Theobroma cacao, sample Tree36	Fungal endophyte communities in leaves of Theobroma cacao, sample Tree36	1297858	leaf metagenome	Fun_T36	AMPLICON	METAGENOMIC	PCR	PAIRED	SRS5786641	-	SAMN13519340	PRJNA594470	Illumina MiSeq	Illumina MiSeq	ILLUMINA	76746	29965293	76746	45406069	Fun_T36_R1.fastq.gz	SRR10614059.sralite	11694441	2020-06-24 01:50:39	798c2a53ffd3a5a32dcabcf015ce2786	1	SRA Lite	Primary ETL	1	s3://sra-pub-zq-8/SRR10614059/SRR10614059.sralite.1	s3.us-east-1	aws identity	https://sra-downloadb.be-md.ncbi.nlm.nih.gov/sos5/sra-pub-zq-14/SRR010/614/SRR10614059.sralite.1	https://sra-downloadb.be-md.ncbi.nlm.nih.gov/sos5/sra-pub-zq-14/SRR010/614/SRR10614059.sralite.1	worldwide	anonymous	gs://sra-pub-zq-108/SRR10614059/SRR10614059.zq.1	gs.us-east1	gcp identity	-	2014	cropland biome	cacao plantation	leaf	Cameroon: Bakoa	Theobroma cacao	4.5739 N 11.1798 E	683m	24.87	8.3m	Bakoa	Bakoa_rep4	MIGS/MIMS/MIMARKS.plant-associated	-	http://ftp.sra.ebi.ac.uk/vol1/fastq/SRR106/059/SRR10614059/SRR10614059_1.fastq.gz	http://ftp.sra.ebi.ac.uk/vol1/fastq/SRR106/059/SRR10614059/SRR10614059_2.fastq.gz	-	era-fasp@fasp.sra.ebi.ac.uk:vol1/fastq/SRR106/059/SRR10614059/SRR10614059_1.fastq.gz	era-fasp@fasp.sra.ebi.ac.uk:vol1/fastq/SRR106/059/SRR10614059/SRR10614059_2.fastq.gz
SRR10614060	SRP235361	Theobroma cacao leaf metagenome	SRX7293346	Fungal endophyte communities in leaves of Theobroma cacao, sample Tree35	Fungal endophyte communities in leaves of Theobroma cacao, sample Tree35	1297858	leaf metagenome	Fun_T35	AMPLICON	METAGENOMIC	PCR	PAIRED	SRS5786640	-	SAMN13519339	PRJNA594470	Illumina MiSeq	Illumina MiSeq	ILLUMINA	10164	4085271	10164	5967227	Fun_T35_R1.fastq.gz	SRR10614060.sralite	1606168	2020-06-20 10:57:53	a9fb63a3500fe50a5e6fa259d7b54c86	1	SRA Lite	Primary ETL	1	s3://sra-pub-zq-7/SRR10614060/SRR10614060.sralite.1	s3.us-east-1	aws identity	https://sra-downloadb.be-md.ncbi.nlm.nih.gov/sos9/sra-pub-zq-922/SRR010/614/SRR10614060.sralite.1	https://sra-downloadb.be-md.ncbi.nlm.nih.gov/sos9/sra-pub-zq-922/SRR010/614/SRR10614060.sralite.1	worldwide	anonymous	gs://sra-pub-zq-108/SRR10614060/SRR10614060.zq.1	gs.us-east1	gcp identity	-	2014	cropland biome	cacao plantation	leaf	Cameroon: Bakoa	Theobroma cacao	4.5739 N 11.1798 E	683m	24.87	7.8m	Bakoa	Bakoa_rep3	MIGS/MIMS/MIMARKS.plant-associated	-	http://ftp.sra.ebi.ac.uk/vol1/fastq/SRR106/060/SRR10614060/SRR10614060_1.fastq.gz	http://ftp.sra.ebi.ac.uk/vol1/fastq/SRR106/060/SRR10614060/SRR10614060_2.fastq.gz	-	era-fasp@fasp.sra.ebi.ac.uk:vol1/fastq/SRR106/060/SRR10614060/SRR10614060_1.fastq.gz	era-fasp@fasp.sra.ebi.ac.uk:vol1/fastq/SRR106/060/SRR10614060/SRR10614060_2.fastq.gz
SRR10614061	SRP235361	Theobroma cacao leaf metagenome	SRX7293345	Fungal endophyte communities in leaves of Theobroma cacao, sample Tree34	Fungal endophyte communities in leaves of Theobroma cacao, sample Tree34	1297858	leaf metagenome	Fun_T34	AMPLICON	METAGENOMIC	PCR	PAIRED	SRS5786639	-	SAMN13519338	PRJNA594470	Illumina MiSeq	Illumina MiSeq	ILLUMINA	64260	24822176	64260	37623259	Fun_T34_R1.fastq.gz	SRR10614061.sralite	9716255	2020-06-20 10:58:01	8ffe8cbc292d3ddb2479c5ef10f785c1	1	SRA Lite	Primary ETL	1	s3://sra-pub-zq-4/SRR10614061/SRR10614061.sralite.1	s3.us-east-1	aws identity	https://sra-downloadb.be-md.ncbi.nlm.nih.gov/sos9/sra-pub-zq-922/SRR010/614/SRR10614061.sralite.1	https://sra-downloadb.be-md.ncbi.nlm.nih.gov/sos9/sra-pub-zq-922/SRR010/614/SRR10614061.sralite.1	worldwide	anonymous	gs://sra-pub-zq-108/SRR10614061/SRR10614061.zq.1	gs.us-east1	gcp identity	-	2014	cropland biome	cacao plantation	leaf	Cameroon: Bakoa	Theobroma cacao	4.5768 N 11.1798 E	689m	26.92	10m	Bakoa	Bakoa_rep2	MIGS/MIMS/MIMARKS.plant-associated	-	http://ftp.sra.ebi.ac.uk/vol1/fastq/SRR106/061/SRR10614061/SRR10614061_1.fastq.gz	http://ftp.sra.ebi.ac.uk/vol1/fastq/SRR106/061/SRR10614061/SRR10614061_2.fastq.gz	-	era-fasp@fasp.sra.ebi.ac.uk:vol1/fastq/SRR106/061/SRR10614061/SRR10614061_1.fastq.gz	era-fasp@fasp.sra.ebi.ac.uk:vol1/fastq/SRR106/061/SRR10614061/SRR10614061_2.fastq.gz
SRR10614062	SRP235361	Theobroma cacao leaf metagenome	SRX7293344	Fungal endophyte communities in leaves of Theobroma cacao, sample Tree33	Fungal endophyte communities in leaves of Theobroma cacao, sample Tree33	1297858	leaf metagenome	Fun_T33	AMPLICON	METAGENOMIC	PCR	PAIRED	SRS5786638	-	SAMN13519337	PRJNA594470	Illumina MiSeq	Illumina MiSeq	ILLUMINA	123636	49270364	123636	74168797	Fun_T33_R1.fastq.gz	SRR10614062.sralite	18961229	2020-06-20 10:57:59	8c94099a7a4d11b4ea01d76f838c5c74	1	SRA Lite	Primary ETL	1	s3://sra-pub-zq-4/SRR10614062/SRR10614062.sralite.1	s3.us-east-1	aws identity	https://sra-downloadb.be-md.ncbi.nlm.nih.gov/sos9/sra-pub-zq-922/SRR010/614/SRR10614062.sralite.1	https://sra-downloadb.be-md.ncbi.nlm.nih.gov/sos9/sra-pub-zq-922/SRR010/614/SRR10614062.sralite.1	worldwide	anonymous	gs://sra-pub-zq-108/SRR10614062/SRR10614062.zq.1	gs.us-east1	gcp identity	-	2014	cropland biome	cacao plantation	leaf	Cameroon: Bakoa	Theobroma cacao	4.5768 N 11.1798 E	689m	26.92	10.4m	Bakoa	Bakoa_rep1	MIGS/MIMS/MIMARKS.plant-associated	-	http://ftp.sra.ebi.ac.uk/vol1/fastq/SRR106/062/SRR10614062/SRR10614062_1.fastq.gz	http://ftp.sra.ebi.ac.uk/vol1/fastq/SRR106/062/SRR10614062/SRR10614062_2.fastq.gz	-	era-fasp@fasp.sra.ebi.ac.uk:vol1/fastq/SRR106/062/SRR10614062/SRR10614062_1.fastq.gz	era-fasp@fasp.sra.ebi.ac.uk:vol1/fastq/SRR106/062/SRR10614062/SRR10614062_2.fastq.gz
SRR10614063	SRP235361	Theobroma cacao leaf metagenome	SRX7293343	Fungal endophyte communities in leaves of Theobroma cacao, sample Tree32	Fungal endophyte communities in leaves of Theobroma cacao, sample Tree32	1297858	leaf metagenome	Fun_T32	AMPLICON	METAGENOMIC	PCR	PAIRED	SRS5786637	-	SAMN13519336	PRJNA594470	Illumina MiSeq	Illumina MiSeq	ILLUMINA	73219	30574586	73219	43605277	Fun_T32_R1.fastq.gz	SRR10614063.sralite	11208526	2020-06-19 19:47:40	1b1f78ddbd1b3d7158ebd3244aec1a82	1	SRA Lite	Primary ETL	1	s3://sra-pub-zq-7/SRR10614063/SRR10614063.sralite.1	s3.us-east-1	aws identity	https://sra-downloadb.be-md.ncbi.nlm.nih.gov/sos9/sra-pub-zq-922/SRR010/614/SRR10614063.sralite.1	https://sra-downloadb.be-md.ncbi.nlm.nih.gov/sos9/sra-pub-zq-922/SRR010/614/SRR10614063.sralite.1	worldwide	anonymous	gs://sra-pub-zq-108/SRR10614063/SRR10614063.zq.1	gs.us-east1	gcp identity	-	2014	cropland biome	cacao plantation	leaf	Cameroon: Talba	Theobroma cacao	4.6189 N 11.4977 E	143m	28.51	6m	Talba	Talba_rep16	MIGS/MIMS/MIMARKS.plant-associated	-	http://ftp.sra.ebi.ac.uk/vol1/fastq/SRR106/063/SRR10614063/SRR10614063_1.fastq.gz	http://ftp.sra.ebi.ac.uk/vol1/fastq/SRR106/063/SRR10614063/SRR10614063_2.fastq.gz	-	era-fasp@fasp.sra.ebi.ac.uk:vol1/fastq/SRR106/063/SRR10614063/SRR10614063_1.fastq.gz	era-fasp@fasp.sra.ebi.ac.uk:vol1/fastq/SRR106/063/SRR10614063/SRR10614063_2.fastq.gz
SRR10614064	SRP235361	Theobroma cacao leaf metagenome	SRX7293342	Fungal endophyte communities in leaves of Theobroma cacao, sample Tree31	Fungal endophyte communities in leaves of Theobroma cacao, sample Tree31	1297858	leaf metagenome	Fun_T31	AMPLICON	METAGENOMIC	PCR	PAIRED	SRS5786636	-	SAMN13519335	PRJNA594470	Illumina MiSeq	Illumina MiSeq	ILLUMINA	51942	20825922	51942	31016366	Fun_T31_R1.fastq.gz	SRR10614064.sralite	7989788	2020-06-20 10:58:08	9b9aea634301cb725b2e5d67cb114753	1	SRA Lite	Primary ETL	1	s3://sra-pub-zq-4/SRR10614064/SRR10614064.sralite.1	s3.us-east-1	aws identity	https://sra-downloadb.be-md.ncbi.nlm.nih.gov/sos9/sra-pub-zq-922/SRR010/614/SRR10614064.sralite.1	https://sra-downloadb.be-md.ncbi.nlm.nih.gov/sos9/sra-pub-zq-922/SRR010/614/SRR10614064.sralite.1	worldwide	anonymous	gs://sra-pub-zq-108/SRR10614064/SRR10614064.zq.1	gs.us-east1	gcp identity	-	2014	cropland biome	cacao plantation	leaf	Cameroon: Talba	Theobroma cacao	4.6189 N 11.4977 E	143m	28.51	6.9m	Talba	Talba_rep15	MIGS/MIMS/MIMARKS.plant-associated	-	http://ftp.sra.ebi.ac.uk/vol1/fastq/SRR106/064/SRR10614064/SRR10614064_1.fastq.gz	http://ftp.sra.ebi.ac.uk/vol1/fastq/SRR106/064/SRR10614064/SRR10614064_2.fastq.gz	-	era-fasp@fasp.sra.ebi.ac.uk:vol1/fastq/SRR106/064/SRR10614064/SRR10614064_1.fastq.gz	era-fasp@fasp.sra.ebi.ac.uk:vol1/fastq/SRR106/064/SRR10614064/SRR10614064_2.fastq.gz
SRR10614065	SRP235361	Theobroma cacao leaf metagenome	SRX7293341	Fungal endophyte communities in leaves of Theobroma cacao, sample Tree30	Fungal endophyte communities in leaves of Theobroma cacao, sample Tree30	1297858	leaf metagenome	Fun_T30	AMPLICON	METAGENOMIC	PCR	PAIRED	SRS5786634	-	SAMN13519334	PRJNA594470	Illumina MiSeq	Illumina MiSeq	ILLUMINA	116067	46558063	116067	69190286	Fun_T30_R1.fastq.gz	SRR10614065.sralite	17731969	2020-06-19 19:47:46	32110681072f7de32f5da3f5082c9270	1	SRA Lite	Primary ETL	1	s3://sra-pub-zq-7/SRR10614065/SRR10614065.sralite.1	s3.us-east-1	aws identity	https://sra-downloadb.be-md.ncbi.nlm.nih.gov/sos9/sra-pub-zq-922/SRR010/614/SRR10614065.sralite.1	https://sra-downloadb.be-md.ncbi.nlm.nih.gov/sos9/sra-pub-zq-922/SRR010/614/SRR10614065.sralite.1	worldwide	anonymous	gs://sra-pub-zq-108/SRR10614065/SRR10614065.zq.1	gs.us-east1	gcp identity	-	2014	cropland biome	cacao plantation	leaf	Cameroon: Talba	Theobroma cacao	4.6189 N 11.4977 E	143m	28.51	7.8m	Talba	Talba_rep14	MIGS/MIMS/MIMARKS.plant-associated	-	http://ftp.sra.ebi.ac.uk/vol1/fastq/SRR106/065/SRR10614065/SRR10614065_1.fastq.gz	http://ftp.sra.ebi.ac.uk/vol1/fastq/SRR106/065/SRR10614065/SRR10614065_2.fastq.gz	-	era-fasp@fasp.sra.ebi.ac.uk:vol1/fastq/SRR106/065/SRR10614065/SRR10614065_1.fastq.gz	era-fasp@fasp.sra.ebi.ac.uk:vol1/fastq/SRR106/065/SRR10614065/SRR10614065_2.fastq.gz
SRR10614066	SRP235361	Theobroma cacao leaf metagenome	SRX7293340	Fungal endophyte communities in leaves of Theobroma cacao, sample Tree29	Fungal endophyte communities in leaves of Theobroma cacao, sample Tree29	1297858	leaf metagenome	Fun_T29	AMPLICON	METAGENOMIC	PCR	PAIRED	SRS5786633	-	SAMN13519333	PRJNA594470	Illumina MiSeq	Illumina MiSeq	ILLUMINA	50274	20287005	50274	30090949	Fun_T29_R1.fastq.gz	SRR10614066.sralite	7751404	2020-06-19 19:47:46	ed1b236fe6d39557e729a9b0b1105796	1	SRA Lite	Primary ETL	1	s3://sra-pub-zq-9/SRR10614066/SRR10614066.sralite.1	s3.us-east-1	aws identity	https://sra-downloadb.be-md.ncbi.nlm.nih.gov/sos9/sra-pub-zq-922/SRR010/614/SRR10614066.sralite.1	https://sra-downloadb.be-md.ncbi.nlm.nih.gov/sos9/sra-pub-zq-922/SRR010/614/SRR10614066.sralite.1	worldwide	anonymous	gs://sra-pub-zq-108/SRR10614066/SRR10614066.zq.1	gs.us-east1	gcp identity	-	2014	cropland biome	cacao plantation	leaf	Cameroon: Talba	Theobroma cacao	4.6189 N 11.4977 E	143m	28.51	7.3m	Talba	Talba_rep13	MIGS/MIMS/MIMARKS.plant-associated	-	http://ftp.sra.ebi.ac.uk/vol1/fastq/SRR106/066/SRR10614066/SRR10614066_1.fastq.gz	http://ftp.sra.ebi.ac.uk/vol1/fastq/SRR106/066/SRR10614066/SRR10614066_2.fastq.gz	-	era-fasp@fasp.sra.ebi.ac.uk:vol1/fastq/SRR106/066/SRR10614066/SRR10614066_1.fastq.gz	era-fasp@fasp.sra.ebi.ac.uk:vol1/fastq/SRR106/066/SRR10614066/SRR10614066_2.fastq.gz
SRR10614067	SRP235361	Theobroma cacao leaf metagenome	SRX7293339	Fungal endophyte communities in leaves of Theobroma cacao, sample Tree28	Fungal endophyte communities in leaves of Theobroma cacao, sample Tree28	1297858	leaf metagenome	Fun_T28	AMPLICON	METAGENOMIC	PCR	PAIRED	SRS5786632	-	SAMN13519332	PRJNA594470	Illumina MiSeq	Illumina MiSeq	ILLUMINA	20804	8357999	20804	12470163	Fun_T28_R1.fastq.gz	SRR10614067.sralite	3258406	2020-06-19 19:47:49	55bdf5eee427e3c10a29498aae7f4ea1	1	SRA Lite	Primary ETL	1	s3://sra-pub-zq-7/SRR10614067/SRR10614067.sralite.1	s3.us-east-1	aws identity	https://sra-downloadb.be-md.ncbi.nlm.nih.gov/sos9/sra-pub-zq-922/SRR010/614/SRR10614067.sralite.1	https://sra-downloadb.be-md.ncbi.nlm.nih.gov/sos9/sra-pub-zq-922/SRR010/614/SRR10614067.sralite.1	worldwide	anonymous	gs://sra-pub-zq-108/SRR10614067/SRR10614067.zq.1	gs.us-east1	gcp identity	-	2014	cropland biome	cacao plantation	leaf	Cameroon: Talba	Theobroma cacao	4.6189 N 11.481 E	138m	27.01	8.9m	Talba	Talba_rep12	MIGS/MIMS/MIMARKS.plant-associated	-	http://ftp.sra.ebi.ac.uk/vol1/fastq/SRR106/067/SRR10614067/SRR10614067_1.fastq.gz	http://ftp.sra.ebi.ac.uk/vol1/fastq/SRR106/067/SRR10614067/SRR10614067_2.fastq.gz	-	era-fasp@fasp.sra.ebi.ac.uk:vol1/fastq/SRR106/067/SRR10614067/SRR10614067_1.fastq.gz	era-fasp@fasp.sra.ebi.ac.uk:vol1/fastq/SRR106/067/SRR10614067/SRR10614067_2.fastq.gz
SRR10614068	SRP235361	Theobroma cacao leaf metagenome	SRX7293338	Fungal endophyte communities in leaves of Theobroma cacao, sample Tree27	Fungal endophyte communities in leaves of Theobroma cacao, sample Tree27	1297858	leaf metagenome	Fun_T27	AMPLICON	METAGENOMIC	PCR	PAIRED	SRS5786631	-	SAMN13519331	PRJNA594470	Illumina MiSeq	Illumina MiSeq	ILLUMINA	80988	33556914	80988	48568045	Fun_T27_R1.fastq.gz	SRR10614068.sralite	12445617	2020-06-19 19:48:01	2abf7aef97591bc126930086d87ee202	1	SRA Lite	Primary ETL	1	s3://sra-pub-zq-7/SRR10614068/SRR10614068.sralite.1	s3.us-east-1	aws identity	https://sra-downloadb.be-md.ncbi.nlm.nih.gov/sos9/sra-pub-zq-922/SRR010/614/SRR10614068.sralite.1	https://sra-downloadb.be-md.ncbi.nlm.nih.gov/sos9/sra-pub-zq-922/SRR010/614/SRR10614068.sralite.1	worldwide	anonymous	gs://sra-pub-zq-108/SRR10614068/SRR10614068.zq.1	gs.us-east1	gcp identity	-	2014	cropland biome	cacao plantation	leaf	Cameroon: Talba	Theobroma cacao	4.6189 N 11.481 E	138m	27.01	8.2m	Talba	Talba_rep11	MIGS/MIMS/MIMARKS.plant-associated	-	http://ftp.sra.ebi.ac.uk/vol1/fastq/SRR106/068/SRR10614068/SRR10614068_1.fastq.gz	http://ftp.sra.ebi.ac.uk/vol1/fastq/SRR106/068/SRR10614068/SRR10614068_2.fastq.gz	-	era-fasp@fasp.sra.ebi.ac.uk:vol1/fastq/SRR106/068/SRR10614068/SRR10614068_1.fastq.gz	era-fasp@fasp.sra.ebi.ac.uk:vol1/fastq/SRR106/068/SRR10614068/SRR10614068_2.fastq.gz
SRR10614069	SRP235361	Theobroma cacao leaf metagenome	SRX7293337	Bacterial endophyte communities in leaves of Theobroma cacao, sample Tree10	Bacterial endophyte communities in leaves of Theobroma cacao, sample Tree10	1297858	leaf metagenome	Bac_T10	AMPLICON	METAGENOMIC	PCR	PAIRED	SRS5786647	-	SAMN13519314	PRJNA594470	Illumina MiSeq	Illumina MiSeq	ILLUMINA	109309	43586426	109309	65481228	Bac_T10_R1.fastq.gz	SRR10614069.sralite	16646132	2020-06-19 19:48:06	e6c2ff1e4f7d53f497b013fc45b87b14	1	SRA Lite	Primary ETL	1	s3://sra-pub-zq-7/SRR10614069/SRR10614069.sralite.1	s3.us-east-1	aws identity	https://sra-downloadb.be-md.ncbi.nlm.nih.gov/sos9/sra-pub-zq-922/SRR010/614/SRR10614069.sralite.1	https://sra-downloadb.be-md.ncbi.nlm.nih.gov/sos9/sra-pub-zq-922/SRR010/614/SRR10614069.sralite.1	worldwide	anonymous	gs://sra-pub-zq-108/SRR10614069/SRR10614069.zq.1	gs.us-east1	gcp identity	-	2014	cropland biome	cacao plantation	leaf	Cameroon: Boumnyebel	Theobroma cacao	3.9378 N 10.9756 E	376m	24.18	8.2m	Simanya	Boumnyebel_rep10	MIGS/MIMS/MIMARKS.plant-associated	-	http://ftp.sra.ebi.ac.uk/vol1/fastq/SRR106/069/SRR10614069/SRR10614069_1.fastq.gz	http://ftp.sra.ebi.ac.uk/vol1/fastq/SRR106/069/SRR10614069/SRR10614069_2.fastq.gz	-	era-fasp@fasp.sra.ebi.ac.uk:vol1/fastq/SRR106/069/SRR10614069/SRR10614069_1.fastq.gz	era-fasp@fasp.sra.ebi.ac.uk:vol1/fastq/SRR106/069/SRR10614069/SRR10614069_2.fastq.gz
SRR10614070	SRP235361	Theobroma cacao leaf metagenome	SRX7293336	Fungal endophyte communities in leaves of Theobroma cacao, sample Tree26	Fungal endophyte communities in leaves of Theobroma cacao, sample Tree26	1297858	leaf metagenome	Fun_T26	AMPLICON	METAGENOMIC	PCR	PAIRED	SRS5786630	-	SAMN13519330	PRJNA594470	Illumina MiSeq	Illumina MiSeq	ILLUMINA	42032	17077308	42032	25214018	Fun_T26_R1.fastq.gz	SRR10614070.sralite	6504783	2020-06-21 13:29:21	0003af2ddc4c5c7fe6fd71d6bcb7f843	1	SRA Lite	Primary ETL	1	s3://sra-pub-zq-8/SRR10614070/SRR10614070.sralite.1	s3.us-east-1	aws identity	https://sra-downloadb.be-md.ncbi.nlm.nih.gov/sos9/sra-pub-zq-922/SRR010/614/SRR10614070.sralite.1	https://sra-downloadb.be-md.ncbi.nlm.nih.gov/sos9/sra-pub-zq-922/SRR010/614/SRR10614070.sralite.1	worldwide	anonymous	gs://sra-pub-zq-108/SRR10614070/SRR10614070.zq.1	gs.us-east1	gcp identity	-	2014	cropland biome	cacao plantation	leaf	Cameroon: Talba	Theobroma cacao	4.6189 N 11.481 E	138m	27.01	9.6m	Talba	Talba_rep10	MIGS/MIMS/MIMARKS.plant-associated	-	http://ftp.sra.ebi.ac.uk/vol1/fastq/SRR106/070/SRR10614070/SRR10614070_1.fastq.gz	http://ftp.sra.ebi.ac.uk/vol1/fastq/SRR106/070/SRR10614070/SRR10614070_2.fastq.gz	-	era-fasp@fasp.sra.ebi.ac.uk:vol1/fastq/SRR106/070/SRR10614070/SRR10614070_1.fastq.gz	era-fasp@fasp.sra.ebi.ac.uk:vol1/fastq/SRR106/070/SRR10614070/SRR10614070_2.fastq.gz
SRR10614071	SRP235361	Theobroma cacao leaf metagenome	SRX7293335	Fungal endophyte communities in leaves of Theobroma cacao, sample Tree25	Fungal endophyte communities in leaves of Theobroma cacao, sample Tree25	1297858	leaf metagenome	Fun_T25	AMPLICON	METAGENOMIC	PCR	PAIRED	SRS5786629	-	SAMN13519329	PRJNA594470	Illumina MiSeq	Illumina MiSeq	ILLUMINA	25014	10008866	25014	14934057	Fun_T25_R1.fastq.gz	SRR10614071.sralite	3888242	2020-06-21 13:29:31	0b3d82e7c8d6f254f548f4c74ee71c8b	1	SRA Lite	Primary ETL	1	s3://sra-pub-zq-9/SRR10614071/SRR10614071.sralite.1	s3.us-east-1	aws identity	https://sra-downloadb.be-md.ncbi.nlm.nih.gov/sos9/sra-pub-zq-922/SRR010/614/SRR10614071.sralite.1	https://sra-downloadb.be-md.ncbi.nlm.nih.gov/sos9/sra-pub-zq-922/SRR010/614/SRR10614071.sralite.1	worldwide	anonymous	gs://sra-pub-zq-108/SRR10614071/SRR10614071.zq.1	gs.us-east1	gcp identity	-	2014	cropland biome	cacao plantation	leaf	Cameroon: Talba	Theobroma cacao	4.6189 N 11.481 E	138m	27.01	10.5m	Talba	Talba_rep9	MIGS/MIMS/MIMARKS.plant-associated	-	http://ftp.sra.ebi.ac.uk/vol1/fastq/SRR106/071/SRR10614071/SRR10614071_1.fastq.gz	http://ftp.sra.ebi.ac.uk/vol1/fastq/SRR106/071/SRR10614071/SRR10614071_2.fastq.gz	-	era-fasp@fasp.sra.ebi.ac.uk:vol1/fastq/SRR106/071/SRR10614071/SRR10614071_1.fastq.gz	era-fasp@fasp.sra.ebi.ac.uk:vol1/fastq/SRR106/071/SRR10614071/SRR10614071_2.fastq.gz
SRR10614072	SRP235361	Theobroma cacao leaf metagenome	SRX7293334	Fungal endophyte communities in leaves of Theobroma cacao, sample Tree24	Fungal endophyte communities in leaves of Theobroma cacao, sample Tree24	1297858	leaf metagenome	Fun_T24	AMPLICON	METAGENOMIC	PCR	PAIRED	SRS5786628	-	SAMN13519328	PRJNA594470	Illumina MiSeq	Illumina MiSeq	ILLUMINA	76345	30929372	76345	45651092	Fun_T24_R1.fastq.gz	SRR10614072.sralite	11723051	2020-06-21 13:29:34	973e87ef0c6f798a4be868405a5ea9dc	1	SRA Lite	Primary ETL	1	s3://sra-pub-zq-5/SRR10614072/SRR10614072.sralite.1	s3.us-east-1	aws identity	https://sra-downloadb.be-md.ncbi.nlm.nih.gov/sos9/sra-pub-zq-922/SRR010/614/SRR10614072.sralite.1	https://sra-downloadb.be-md.ncbi.nlm.nih.gov/sos9/sra-pub-zq-922/SRR010/614/SRR10614072.sralite.1	worldwide	anonymous	gs://sra-pub-zq-108/SRR10614072/SRR10614072.zq.1	gs.us-east1	gcp identity	-	2014	cropland biome	cacao plantation	leaf	Cameroon: Talba	Theobroma cacao	4.6077 N 11.4511 E	146m	27.03	8.5m	Talba	Talba_rep8	MIGS/MIMS/MIMARKS.plant-associated	-	http://ftp.sra.ebi.ac.uk/vol1/fastq/SRR106/072/SRR10614072/SRR10614072_1.fastq.gz	http://ftp.sra.ebi.ac.uk/vol1/fastq/SRR106/072/SRR10614072/SRR10614072_2.fastq.gz	-	era-fasp@fasp.sra.ebi.ac.uk:vol1/fastq/SRR106/072/SRR10614072/SRR10614072_1.fastq.gz	era-fasp@fasp.sra.ebi.ac.uk:vol1/fastq/SRR106/072/SRR10614072/SRR10614072_2.fastq.gz
SRR10614073	SRP235361	Theobroma cacao leaf metagenome	SRX7293333	Fungal endophyte communities in leaves of Theobroma cacao, sample Tree23	Fungal endophyte communities in leaves of Theobroma cacao, sample Tree23	1297858	leaf metagenome	Fun_T23	AMPLICON	METAGENOMIC	PCR	PAIRED	SRS5786627	-	SAMN13519327	PRJNA594470	Illumina MiSeq	Illumina MiSeq	ILLUMINA	69604	27964546	69604	41789432	Fun_T23_R1.fastq.gz	SRR10614073.sralite	10713358	2020-06-21 13:29:40	28b6d29c8176dfea62d5f85ba4a54d36	1	SRA Lite	Primary ETL	1	s3://sra-pub-zq-5/SRR10614073/SRR10614073.sralite.1	s3.us-east-1	aws identity	https://sra-downloadb.be-md.ncbi.nlm.nih.gov/sos9/sra-pub-zq-922/SRR010/614/SRR10614073.sralite.1	https://sra-downloadb.be-md.ncbi.nlm.nih.gov/sos9/sra-pub-zq-922/SRR010/614/SRR10614073.sralite.1	worldwide	anonymous	gs://sra-pub-zq-108/SRR10614073/SRR10614073.zq.1	gs.us-east1	gcp identity	-	2014	cropland biome	cacao plantation	leaf	Cameroon: Talba	Theobroma cacao	4.6077 N 11.4511 E	146m	27.03	8.5m	Talba	Talba_rep7	MIGS/MIMS/MIMARKS.plant-associated	-	http://ftp.sra.ebi.ac.uk/vol1/fastq/SRR106/073/SRR10614073/SRR10614073_1.fastq.gz	http://ftp.sra.ebi.ac.uk/vol1/fastq/SRR106/073/SRR10614073/SRR10614073_2.fastq.gz	-	era-fasp@fasp.sra.ebi.ac.uk:vol1/fastq/SRR106/073/SRR10614073/SRR10614073_1.fastq.gz	era-fasp@fasp.sra.ebi.ac.uk:vol1/fastq/SRR106/073/SRR10614073/SRR10614073_2.fastq.gz
SRR10614074	SRP235361	Theobroma cacao leaf metagenome	SRX7293332	Fungal endophyte communities in leaves of Theobroma cacao, sample Tree22	Fungal endophyte communities in leaves of Theobroma cacao, sample Tree22	1297858	leaf metagenome	Fun_T22	AMPLICON	METAGENOMIC	PCR	PAIRED	SRS5786626	-	SAMN13519326	PRJNA594470	Illumina MiSeq	Illumina MiSeq	ILLUMINA	123161	49077334	123161	73901156	Fun_T22_R1.fastq.gz	SRR10614074.sralite	18871225	2020-06-21 13:29:23	4c9cea6abc585f983d8375c537a7a858	1	SRA Lite	Primary ETL	1	s3://sra-pub-zq-9/SRR10614074/SRR10614074.sralite.1	s3.us-east-1	aws identity	https://sra-downloadb.be-md.ncbi.nlm.nih.gov/sos9/sra-pub-zq-922/SRR010/614/SRR10614074.sralite.1	https://sra-downloadb.be-md.ncbi.nlm.nih.gov/sos9/sra-pub-zq-922/SRR010/614/SRR10614074.sralite.1	worldwide	anonymous	gs://sra-pub-zq-108/SRR10614074/SRR10614074.zq.1	gs.us-east1	gcp identity	-	2014	cropland biome	cacao plantation	leaf	Cameroon: Talba	Theobroma cacao	4.6077 N 11.4511 E	146m	27.03	10.3m	Talba	Talba_rep6	MIGS/MIMS/MIMARKS.plant-associated	-	http://ftp.sra.ebi.ac.uk/vol1/fastq/SRR106/074/SRR10614074/SRR10614074_1.fastq.gz	http://ftp.sra.ebi.ac.uk/vol1/fastq/SRR106/074/SRR10614074/SRR10614074_2.fastq.gz	-	era-fasp@fasp.sra.ebi.ac.uk:vol1/fastq/SRR106/074/SRR10614074/SRR10614074_1.fastq.gz	era-fasp@fasp.sra.ebi.ac.uk:vol1/fastq/SRR106/074/SRR10614074/SRR10614074_2.fastq.gz
SRR10614075	SRP235361	Theobroma cacao leaf metagenome	SRX7293331	Fungal endophyte communities in leaves of Theobroma cacao, sample Tree21	Fungal endophyte communities in leaves of Theobroma cacao, sample Tree21	1297858	leaf metagenome	Fun_T21	AMPLICON	METAGENOMIC	PCR	PAIRED	SRS5786625	-	SAMN13519325	PRJNA594470	Illumina MiSeq	Illumina MiSeq	ILLUMINA	151131	60393341	151131	90369722	Fun_T21_R1.fastq.gz	SRR10614075.sralite	23150381	2020-06-21 13:29:24	4c8aea08492d68534c679117f7f9d4c7	1	SRA Lite	Primary ETL	1	s3://sra-pub-zq-8/SRR10614075/SRR10614075.sralite.1	s3.us-east-1	aws identity	https://sra-downloadb.be-md.ncbi.nlm.nih.gov/sos9/sra-pub-zq-922/SRR010/614/SRR10614075.sralite.1	https://sra-downloadb.be-md.ncbi.nlm.nih.gov/sos9/sra-pub-zq-922/SRR010/614/SRR10614075.sralite.1	worldwide	anonymous	gs://sra-pub-zq-108/SRR10614075/SRR10614075.zq.1	gs.us-east1	gcp identity	-	2014	cropland biome	cacao plantation	leaf	Cameroon: Talba	Theobroma cacao	4.6077 N 11.4511 E	146m	27.03	9.2m	Talba	Talba_rep5	MIGS/MIMS/MIMARKS.plant-associated	-	http://ftp.sra.ebi.ac.uk/vol1/fastq/SRR106/075/SRR10614075/SRR10614075_1.fastq.gz	http://ftp.sra.ebi.ac.uk/vol1/fastq/SRR106/075/SRR10614075/SRR10614075_2.fastq.gz	-	era-fasp@fasp.sra.ebi.ac.uk:vol1/fastq/SRR106/075/SRR10614075/SRR10614075_1.fastq.gz	era-fasp@fasp.sra.ebi.ac.uk:vol1/fastq/SRR106/075/SRR10614075/SRR10614075_2.fastq.gz
SRR10614076	SRP235361	Theobroma cacao leaf metagenome	SRX7293330	Fungal endophyte communities in leaves of Theobroma cacao, sample Tree20	Fungal endophyte communities in leaves of Theobroma cacao, sample Tree20	1297858	leaf metagenome	Fun_T20	AMPLICON	METAGENOMIC	PCR	PAIRED	SRS5786623	-	SAMN13519324	PRJNA594470	Illumina MiSeq	Illumina MiSeq	ILLUMINA	28564	9282215	28564	13839059	Fun_T20_R1.fastq.gz	SRR10614076.sralite	3642106	2020-06-21 13:29:16	729b415e3a489d93543fb9d4bb5c4926	1	SRA Lite	Primary ETL	1	s3://sra-pub-zq-9/SRR10614076/SRR10614076.sralite.1	s3.us-east-1	aws identity	https://sra-downloadb.be-md.ncbi.nlm.nih.gov/sos9/sra-pub-zq-922/SRR010/614/SRR10614076.sralite.1	https://sra-downloadb.be-md.ncbi.nlm.nih.gov/sos9/sra-pub-zq-922/SRR010/614/SRR10614076.sralite.1	worldwide	anonymous	gs://sra-pub-zq-108/SRR10614076/SRR10614076.zq.1	gs.us-east1	gcp identity	-	2014	cropland biome	cacao plantation	leaf	Cameroon: Talba	Theobroma cacao	4.6099 N 11.4973 E	145m	27.23	9.9m	Talba	Talba_rep4	MIGS/MIMS/MIMARKS.plant-associated	-	http://ftp.sra.ebi.ac.uk/vol1/fastq/SRR106/076/SRR10614076/SRR10614076_1.fastq.gz	http://ftp.sra.ebi.ac.uk/vol1/fastq/SRR106/076/SRR10614076/SRR10614076_2.fastq.gz	-	era-fasp@fasp.sra.ebi.ac.uk:vol1/fastq/SRR106/076/SRR10614076/SRR10614076_1.fastq.gz	era-fasp@fasp.sra.ebi.ac.uk:vol1/fastq/SRR106/076/SRR10614076/SRR10614076_2.fastq.gz
SRR10614077	SRP235361	Theobroma cacao leaf metagenome	SRX7293329	Fungal endophyte communities in leaves of Theobroma cacao, sample Tree19	Fungal endophyte communities in leaves of Theobroma cacao, sample Tree19	1297858	leaf metagenome	Fun_T19	AMPLICON	METAGENOMIC	PCR	PAIRED	SRS5786622	-	SAMN13519323	PRJNA594470	Illumina MiSeq	Illumina MiSeq	ILLUMINA	65758	25666826	65758	38692912	Fun_T19_R1.fastq.gz	SRR10614077.sralite	9976988	2020-06-22 12:10:27	0d1abd41d04ec639cf2f722f6590665a	1	SRA Lite	Primary ETL	1	s3://sra-pub-zq-4/SRR10614077/SRR10614077.sralite.1	s3.us-east-1	aws identity	https://sra-downloadb.be-md.ncbi.nlm.nih.gov/sos9/sra-pub-zq-922/SRR010/614/SRR10614077.sralite.1	https://sra-downloadb.be-md.ncbi.nlm.nih.gov/sos9/sra-pub-zq-922/SRR010/614/SRR10614077.sralite.1	worldwide	anonymous	gs://sra-pub-zq-108/SRR10614077/SRR10614077.zq.1	gs.us-east1	gcp identity	-	2014	cropland biome	cacao plantation	leaf	Cameroon: Talba	Theobroma cacao	4.6099 N 11.4973 E	145m	27.23	8.5m	Talba	Talba_rep3	MIGS/MIMS/MIMARKS.plant-associated	-	http://ftp.sra.ebi.ac.uk/vol1/fastq/SRR106/077/SRR10614077/SRR10614077_1.fastq.gz	http://ftp.sra.ebi.ac.uk/vol1/fastq/SRR106/077/SRR10614077/SRR10614077_2.fastq.gz	-	era-fasp@fasp.sra.ebi.ac.uk:vol1/fastq/SRR106/077/SRR10614077/SRR10614077_1.fastq.gz	era-fasp@fasp.sra.ebi.ac.uk:vol1/fastq/SRR106/077/SRR10614077/SRR10614077_2.fastq.gz
SRR10614078	SRP235361	Theobroma cacao leaf metagenome	SRX7293328	Fungal endophyte communities in leaves of Theobroma cacao, sample Tree18	Fungal endophyte communities in leaves of Theobroma cacao, sample Tree18	1297858	leaf metagenome	Fun_T18	AMPLICON	METAGENOMIC	PCR	PAIRED	SRS5786621	-	SAMN13519322	PRJNA594470	Illumina MiSeq	Illumina MiSeq	ILLUMINA	54324	21872342	54324	32608163	Fun_T18_R1.fastq.gz	SRR10614078.sralite	8384327	2020-06-22 12:10:20	72d11a801cc08d6ed250d7ecf6cde520	1	SRA Lite	Primary ETL	1	s3://sra-pub-zq-3/SRR10614078/SRR10614078.sralite.1	s3.us-east-1	aws identity	https://sra-downloadb.be-md.ncbi.nlm.nih.gov/sos9/sra-pub-zq-922/SRR010/614/SRR10614078.sralite.1	https://sra-downloadb.be-md.ncbi.nlm.nih.gov/sos9/sra-pub-zq-922/SRR010/614/SRR10614078.sralite.1	worldwide	anonymous	gs://sra-pub-zq-108/SRR10614078/SRR10614078.zq.1	gs.us-east1	gcp identity	-	2014	cropland biome	cacao plantation	leaf	Cameroon: Talba	Theobroma cacao	4.6099 N 11.4973 E	145m	27.23	9.5m	Talba	Talba_rep2	MIGS/MIMS/MIMARKS.plant-associated	-	http://ftp.sra.ebi.ac.uk/vol1/fastq/SRR106/078/SRR10614078/SRR10614078_1.fastq.gz	http://ftp.sra.ebi.ac.uk/vol1/fastq/SRR106/078/SRR10614078/SRR10614078_2.fastq.gz	-	era-fasp@fasp.sra.ebi.ac.uk:vol1/fastq/SRR106/078/SRR10614078/SRR10614078_1.fastq.gz	era-fasp@fasp.sra.ebi.ac.uk:vol1/fastq/SRR106/078/SRR10614078/SRR10614078_2.fastq.gz
SRR10614079	SRP235361	Theobroma cacao leaf metagenome	SRX7293327	Fungal endophyte communities in leaves of Theobroma cacao, sample Tree17	Fungal endophyte communities in leaves of Theobroma cacao, sample Tree17	1297858	leaf metagenome	Fun_T17	AMPLICON	METAGENOMIC	PCR	PAIRED	SRS5786620	-	SAMN13519321	PRJNA594470	Illumina MiSeq	Illumina MiSeq	ILLUMINA	109343	43229456	109343	65483999	Fun_T17_R1.fastq.gz	SRR10614079.sralite	16762534	2020-06-22 12:10:29	3b3ab63e4af5b890fec9297fc7216186	1	SRA Lite	Primary ETL	1	s3://sra-pub-zq-2/SRR10614079/SRR10614079.sralite.1	s3.us-east-1	aws identity	https://sra-downloadb.be-md.ncbi.nlm.nih.gov/sos5/sra-pub-zq-14/SRR010/614/SRR10614079.sralite.1	https://sra-downloadb.be-md.ncbi.nlm.nih.gov/sos5/sra-pub-zq-14/SRR010/614/SRR10614079.sralite.1	worldwide	anonymous	gs://sra-pub-zq-108/SRR10614079/SRR10614079.zq.1	gs.us-east1	gcp identity	-	2014	cropland biome	cacao plantation	leaf	Cameroon: Talba	Theobroma cacao	4.6099 N 11.4973 E	145m	27.23	7.6m	Talba	Talba_rep1	MIGS/MIMS/MIMARKS.plant-associated	-	http://ftp.sra.ebi.ac.uk/vol1/fastq/SRR106/079/SRR10614079/SRR10614079_1.fastq.gz	http://ftp.sra.ebi.ac.uk/vol1/fastq/SRR106/079/SRR10614079/SRR10614079_2.fastq.gz	-	era-fasp@fasp.sra.ebi.ac.uk:vol1/fastq/SRR106/079/SRR10614079/SRR10614079_1.fastq.gz	era-fasp@fasp.sra.ebi.ac.uk:vol1/fastq/SRR106/079/SRR10614079/SRR10614079_2.fastq.gz
SRR10614080	SRP235361	Theobroma cacao leaf metagenome	SRX7293326	Bacterial endophyte communities in leaves of Theobroma cacao, sample Tree09	Bacterial endophyte communities in leaves of Theobroma cacao, sample Tree09	1297858	leaf metagenome	Bac_T9	AMPLICON	METAGENOMIC	PCR	PAIRED	SRS5786646	-	SAMN13519313	PRJNA594470	Illumina MiSeq	Illumina MiSeq	ILLUMINA	177581	70813016	177581	106372795	Bac_T9_R1.fastq.gz	SRR10614080.sralite	26991271	2020-06-22 12:10:33	ff1bf7762decc2b40d4aa58bbd47540c	1	SRA Lite	Primary ETL	1	s3://sra-pub-zq-5/SRR10614080/SRR10614080.sralite.1	s3.us-east-1	aws identity	https://sra-downloadb.be-md.ncbi.nlm.nih.gov/sos5/sra-pub-zq-14/SRR010/614/SRR10614080.sralite.1	https://sra-downloadb.be-md.ncbi.nlm.nih.gov/sos5/sra-pub-zq-14/SRR010/614/SRR10614080.sralite.1	worldwide	anonymous	gs://sra-pub-zq-108/SRR10614080/SRR10614080.zq.1	gs.us-east1	gcp identity	-	2014	cropland biome	cacao plantation	leaf	Cameroon: Boumnyebel	Theobroma cacao	3.9378 N 10.9756 E	376m	24.18	5.3m	Simanya	Boumnyebel_rep9	MIGS/MIMS/MIMARKS.plant-associated	-	http://ftp.sra.ebi.ac.uk/vol1/fastq/SRR106/080/SRR10614080/SRR10614080_1.fastq.gz	http://ftp.sra.ebi.ac.uk/vol1/fastq/SRR106/080/SRR10614080/SRR10614080_2.fastq.gz	-	era-fasp@fasp.sra.ebi.ac.uk:vol1/fastq/SRR106/080/SRR10614080/SRR10614080_1.fastq.gz	era-fasp@fasp.sra.ebi.ac.uk:vol1/fastq/SRR106/080/SRR10614080/SRR10614080_2.fastq.gz
SRR10614081	SRP235361	Theobroma cacao leaf metagenome	SRX7293325	Fungal endophyte communities in leaves of Theobroma cacao, sample Tree16	Fungal endophyte communities in leaves of Theobroma cacao, sample Tree16	1297858	leaf metagenome	Fun_T16	AMPLICON	METAGENOMIC	PCR	PAIRED	SRS5786619	-	SAMN13519320	PRJNA594470	Illumina MiSeq	Illumina MiSeq	ILLUMINA	46481	18342555	46481	27770773	Fun_T16_R1.fastq.gz	SRR10614081.sralite	7168692	2020-06-22 12:10:28	658ab858ce42074ad88c35a43f4a727c	1	SRA Lite	Primary ETL	1	s3://sra-pub-zq-1/SRR10614081/SRR10614081.sralite.1	s3.us-east-1	aws identity	https://sra-downloadb.be-md.ncbi.nlm.nih.gov/sos9/sra-pub-zq-922/SRR010/614/SRR10614081.sralite.1	https://sra-downloadb.be-md.ncbi.nlm.nih.gov/sos9/sra-pub-zq-922/SRR010/614/SRR10614081.sralite.1	worldwide	anonymous	gs://sra-pub-zq-108/SRR10614081/SRR10614081.zq.1	gs.us-east1	gcp identity	-	2014	cropland biome	cacao plantation	leaf	Cameroon: Boumnyebel	Theobroma cacao	3.9266 N 10.973 E	587m	26.41	6.3m	Simanya	Boumnyebel_rep16	MIGS/MIMS/MIMARKS.plant-associated	-	http://ftp.sra.ebi.ac.uk/vol1/fastq/SRR106/081/SRR10614081/SRR10614081_1.fastq.gz	http://ftp.sra.ebi.ac.uk/vol1/fastq/SRR106/081/SRR10614081/SRR10614081_2.fastq.gz	-	era-fasp@fasp.sra.ebi.ac.uk:vol1/fastq/SRR106/081/SRR10614081/SRR10614081_1.fastq.gz	era-fasp@fasp.sra.ebi.ac.uk:vol1/fastq/SRR106/081/SRR10614081/SRR10614081_2.fastq.gz
SRR10614082	SRP235361	Theobroma cacao leaf metagenome	SRX7293324	Fungal endophyte communities in leaves of Theobroma cacao, sample Tree15	Fungal endophyte communities in leaves of Theobroma cacao, sample Tree15	1297858	leaf metagenome	Fun_T15	AMPLICON	METAGENOMIC	PCR	PAIRED	SRS5786618	-	SAMN13519319	PRJNA594470	Illumina MiSeq	Illumina MiSeq	ILLUMINA	97452	39047269	97452	58386595	Fun_T15_R1.fastq.gz	SRR10614082.sralite	14966396	2020-06-24 01:50:38	6481a41c910118660d5718fd902f675c	1	SRA Lite	Primary ETL	1	s3://sra-pub-zq-8/SRR10614082/SRR10614082.sralite.1	s3.us-east-1	aws identity	https://sra-downloadb.be-md.ncbi.nlm.nih.gov/sos5/sra-pub-zq-14/SRR010/614/SRR10614082.sralite.1	https://sra-downloadb.be-md.ncbi.nlm.nih.gov/sos5/sra-pub-zq-14/SRR010/614/SRR10614082.sralite.1	worldwide	anonymous	gs://sra-pub-zq-108/SRR10614082/SRR10614082.zq.1	gs.us-east1	gcp identity	-	2014	cropland biome	cacao plantation	leaf	Cameroon: Boumnyebel	Theobroma cacao	3.9266 N 10.973 E	587m	26.41	5.9m	Simanya	Boumnyebel_rep15	MIGS/MIMS/MIMARKS.plant-associated	-	http://ftp.sra.ebi.ac.uk/vol1/fastq/SRR106/082/SRR10614082/SRR10614082_1.fastq.gz	http://ftp.sra.ebi.ac.uk/vol1/fastq/SRR106/082/SRR10614082/SRR10614082_2.fastq.gz	-	era-fasp@fasp.sra.ebi.ac.uk:vol1/fastq/SRR106/082/SRR10614082/SRR10614082_1.fastq.gz	era-fasp@fasp.sra.ebi.ac.uk:vol1/fastq/SRR106/082/SRR10614082/SRR10614082_2.fastq.gz
SRR10614083	SRP235361	Theobroma cacao leaf metagenome	SRX7293323	Fungal endophyte communities in leaves of Theobroma cacao, sample Tree14	Fungal endophyte communities in leaves of Theobroma cacao, sample Tree14	1297858	leaf metagenome	Fun_T14	AMPLICON	METAGENOMIC	PCR	PAIRED	SRS5786617	-	SAMN13519318	PRJNA594470	Illumina MiSeq	Illumina MiSeq	ILLUMINA	26182	10024005	26182	14429356	Fun_T14_R1.fastq.gz	SRR10614083.sralite	3769375	2020-06-24 01:50:41	cbef485a0795d9642224820104036848	1	SRA Lite	Primary ETL	1	s3://sra-pub-zq-8/SRR10614083/SRR10614083.sralite.1	s3.us-east-1	aws identity	https://sra-downloadb.be-md.ncbi.nlm.nih.gov/sos5/sra-pub-zq-14/SRR010/614/SRR10614083.sralite.1	https://sra-downloadb.be-md.ncbi.nlm.nih.gov/sos5/sra-pub-zq-14/SRR010/614/SRR10614083.sralite.1	worldwide	anonymous	gs://sra-pub-zq-108/SRR10614083/SRR10614083.zq.1	gs.us-east1	gcp identity	-	2014	cropland biome	cacao plantation	leaf	Cameroon: Boumnyebel	Theobroma cacao	3.9266 N 10.973 E	587m	26.41	7.5m	Simanya	Boumnyebel_rep14	MIGS/MIMS/MIMARKS.plant-associated	-	http://ftp.sra.ebi.ac.uk/vol1/fastq/SRR106/083/SRR10614083/SRR10614083_1.fastq.gz	http://ftp.sra.ebi.ac.uk/vol1/fastq/SRR106/083/SRR10614083/SRR10614083_2.fastq.gz	-	era-fasp@fasp.sra.ebi.ac.uk:vol1/fastq/SRR106/083/SRR10614083/SRR10614083_1.fastq.gz	era-fasp@fasp.sra.ebi.ac.uk:vol1/fastq/SRR106/083/SRR10614083/SRR10614083_2.fastq.gz
SRR10614084	SRP235361	Theobroma cacao leaf metagenome	SRX7293322	Fungal endophyte communities in leaves of Theobroma cacao, sample Tree13	Fungal endophyte communities in leaves of Theobroma cacao, sample Tree13	1297858	leaf metagenome	Fun_T13	AMPLICON	METAGENOMIC	PCR	PAIRED	SRS5786608	-	SAMN13519317	PRJNA594470	Illumina MiSeq	Illumina MiSeq	ILLUMINA	37586	14064811	37586	21120066	Fun_T13_R1.fastq.gz	SRR10614084.sralite	5491394	2020-06-24 01:50:48	ea07a1ccb305bac7cfe0ae4a680356cb	1	SRA Lite	Primary ETL	1	s3://sra-pub-zq-8/SRR10614084/SRR10614084.sralite.1	s3.us-east-1	aws identity	https://sra-downloadb.be-md.ncbi.nlm.nih.gov/sos5/sra-pub-zq-14/SRR010/614/SRR10614084.sralite.1	https://sra-downloadb.be-md.ncbi.nlm.nih.gov/sos5/sra-pub-zq-14/SRR010/614/SRR10614084.sralite.1	worldwide	anonymous	gs://sra-pub-zq-108/SRR10614084/SRR10614084.zq.1	gs.us-east1	gcp identity	-	2014	cropland biome	cacao plantation	leaf	Cameroon: Boumnyebel	Theobroma cacao	3.9266 N 10.973 E	587m	26.41	5.3m	Simanya	Boumnyebel_rep13	MIGS/MIMS/MIMARKS.plant-associated	-	http://ftp.sra.ebi.ac.uk/vol1/fastq/SRR106/084/SRR10614084/SRR10614084_1.fastq.gz	http://ftp.sra.ebi.ac.uk/vol1/fastq/SRR106/084/SRR10614084/SRR10614084_2.fastq.gz	-	era-fasp@fasp.sra.ebi.ac.uk:vol1/fastq/SRR106/084/SRR10614084/SRR10614084_1.fastq.gz	era-fasp@fasp.sra.ebi.ac.uk:vol1/fastq/SRR106/084/SRR10614084/SRR10614084_2.fastq.gz
SRR10614085	SRP235361	Theobroma cacao leaf metagenome	SRX7293321	Fungal endophyte communities in leaves of Theobroma cacao, sample Tree12	Fungal endophyte communities in leaves of Theobroma cacao, sample Tree12	1297858	leaf metagenome	Fun_T12	AMPLICON	METAGENOMIC	PCR	PAIRED	SRS5786597	-	SAMN13519316	PRJNA594470	Illumina MiSeq	Illumina MiSeq	ILLUMINA	44110	14974835	44110	21569433	Fun_T12_R1.fastq.gz	SRR10614085.sralite	5602038	2020-06-24 01:50:39	62b6be0ea9403e305b90b027032fdf96	1	SRA Lite	Primary ETL	1	s3://sra-pub-zq-8/SRR10614085/SRR10614085.sralite.1	s3.us-east-1	aws identity	https://sra-downloadb.be-md.ncbi.nlm.nih.gov/sos5/sra-pub-zq-14/SRR010/614/SRR10614085.sralite.1	https://sra-downloadb.be-md.ncbi.nlm.nih.gov/sos5/sra-pub-zq-14/SRR010/614/SRR10614085.sralite.1	worldwide	anonymous	gs://sra-pub-zq-108/SRR10614085/SRR10614085.zq.1	gs.us-east1	gcp identity	-	2014	cropland biome	cacao plantation	leaf	Cameroon: Boumnyebel	Theobroma cacao	3.9378 N 10.9756 E	376m	24.18	6.4m	Simanya	Boumnyebel_rep12	MIGS/MIMS/MIMARKS.plant-associated	-	http://ftp.sra.ebi.ac.uk/vol1/fastq/SRR106/085/SRR10614085/SRR10614085_1.fastq.gz	http://ftp.sra.ebi.ac.uk/vol1/fastq/SRR106/085/SRR10614085/SRR10614085_2.fastq.gz	-	era-fasp@fasp.sra.ebi.ac.uk:vol1/fastq/SRR106/085/SRR10614085/SRR10614085_1.fastq.gz	era-fasp@fasp.sra.ebi.ac.uk:vol1/fastq/SRR106/085/SRR10614085/SRR10614085_2.fastq.gz
SRR10614086	SRP235361	Theobroma cacao leaf metagenome	SRX7293320	Fungal endophyte communities in leaves of Theobroma cacao, sample Tree11	Fungal endophyte communities in leaves of Theobroma cacao, sample Tree11	1297858	leaf metagenome	Fun_T11	AMPLICON	METAGENOMIC	PCR	PAIRED	SRS5786586	-	SAMN13519315	PRJNA594470	Illumina MiSeq	Illumina MiSeq	ILLUMINA	43472	17033466	43472	25863946	Fun_T11_R1.fastq.gz	SRR10614086.sralite	6696907	2020-06-24 01:50:39	c60070d3c88b36817fc86b35cad4049a	1	SRA Lite	Primary ETL	1	s3://sra-pub-zq-8/SRR10614086/SRR10614086.sralite.1	s3.us-east-1	aws identity	https://sra-downloadb.be-md.ncbi.nlm.nih.gov/sos5/sra-pub-zq-14/SRR010/614/SRR10614086.sralite.1	https://sra-downloadb.be-md.ncbi.nlm.nih.gov/sos5/sra-pub-zq-14/SRR010/614/SRR10614086.sralite.1	worldwide	anonymous	gs://sra-pub-zq-108/SRR10614086/SRR10614086.zq.1	gs.us-east1	gcp identity	-	2014	cropland biome	cacao plantation	leaf	Cameroon: Boumnyebel	Theobroma cacao	3.9378 N 10.9756 E	376m	24.18	5.8m	Simanya	Boumnyebel_rep11	MIGS/MIMS/MIMARKS.plant-associated	-	http://ftp.sra.ebi.ac.uk/vol1/fastq/SRR106/086/SRR10614086/SRR10614086_1.fastq.gz	http://ftp.sra.ebi.ac.uk/vol1/fastq/SRR106/086/SRR10614086/SRR10614086_2.fastq.gz	-	era-fasp@fasp.sra.ebi.ac.uk:vol1/fastq/SRR106/086/SRR10614086/SRR10614086_1.fastq.gz	era-fasp@fasp.sra.ebi.ac.uk:vol1/fastq/SRR106/086/SRR10614086/SRR10614086_2.fastq.gz
SRR10614087	SRP235361	Theobroma cacao leaf metagenome	SRX7293319	Fungal endophyte communities in leaves of Theobroma cacao, sample Tree10	Fungal endophyte communities in leaves of Theobroma cacao, sample Tree10	1297858	leaf metagenome	Fun_T10	AMPLICON	METAGENOMIC	PCR	PAIRED	SRS5786647	-	SAMN13519314	PRJNA594470	Illumina MiSeq	Illumina MiSeq	ILLUMINA	35320	11563331	35320	17446708	Fun_T10_R1.fastq.gz	SRR10614087.sralite	4571965	2020-06-24 01:50:45	a01f9f5e78d8bce6177f980695a4c4db	1	SRA Lite	Primary ETL	1	s3://sra-pub-zq-8/SRR10614087/SRR10614087.sralite.1	s3.us-east-1	aws identity	https://sra-downloadb.be-md.ncbi.nlm.nih.gov/sos5/sra-pub-zq-14/SRR010/614/SRR10614087.sralite.1	https://sra-downloadb.be-md.ncbi.nlm.nih.gov/sos5/sra-pub-zq-14/SRR010/614/SRR10614087.sralite.1	worldwide	anonymous	gs://sra-pub-zq-108/SRR10614087/SRR10614087.zq.1	gs.us-east1	gcp identity	-	2014	cropland biome	cacao plantation	leaf	Cameroon: Boumnyebel	Theobroma cacao	3.9378 N 10.9756 E	376m	24.18	8.2m	Simanya	Boumnyebel_rep10	MIGS/MIMS/MIMARKS.plant-associated	-	http://ftp.sra.ebi.ac.uk/vol1/fastq/SRR106/087/SRR10614087/SRR10614087_1.fastq.gz	http://ftp.sra.ebi.ac.uk/vol1/fastq/SRR106/087/SRR10614087/SRR10614087_2.fastq.gz	-	era-fasp@fasp.sra.ebi.ac.uk:vol1/fastq/SRR106/087/SRR10614087/SRR10614087_1.fastq.gz	era-fasp@fasp.sra.ebi.ac.uk:vol1/fastq/SRR106/087/SRR10614087/SRR10614087_2.fastq.gz
SRR10614088	SRP235361	Theobroma cacao leaf metagenome	SRX7293318	Fungal endophyte communities in leaves of Theobroma cacao, sample Tree09	Fungal endophyte communities in leaves of Theobroma cacao, sample Tree09	1297858	leaf metagenome	Fun_T9	AMPLICON	METAGENOMIC	PCR	PAIRED	SRS5786646	-	SAMN13519313	PRJNA594470	Illumina MiSeq	Illumina MiSeq	ILLUMINA	30487	8168588	30487	12491991	Fun_T9_R1.fastq.gz	SRR10614088.sralite	3301113	2020-06-24 01:50:43	4c17a45896d9cd03a8dd73ebacebc1c9	1	SRA Lite	Primary ETL	1	s3://sra-pub-zq-8/SRR10614088/SRR10614088.sralite.1	s3.us-east-1	aws identity	https://sra-downloadb.be-md.ncbi.nlm.nih.gov/sos5/sra-pub-zq-14/SRR010/614/SRR10614088.sralite.1	https://sra-downloadb.be-md.ncbi.nlm.nih.gov/sos5/sra-pub-zq-14/SRR010/614/SRR10614088.sralite.1	worldwide	anonymous	gs://sra-pub-zq-108/SRR10614088/SRR10614088.zq.1	gs.us-east1	gcp identity	-	2014	cropland biome	cacao plantation	leaf	Cameroon: Boumnyebel	Theobroma cacao	3.9378 N 10.9756 E	376m	24.18	5.3m	Simanya	Boumnyebel_rep9	MIGS/MIMS/MIMARKS.plant-associated	-	http://ftp.sra.ebi.ac.uk/vol1/fastq/SRR106/088/SRR10614088/SRR10614088_1.fastq.gz	http://ftp.sra.ebi.ac.uk/vol1/fastq/SRR106/088/SRR10614088/SRR10614088_2.fastq.gz	-	era-fasp@fasp.sra.ebi.ac.uk:vol1/fastq/SRR106/088/SRR10614088/SRR10614088_1.fastq.gz	era-fasp@fasp.sra.ebi.ac.uk:vol1/fastq/SRR106/088/SRR10614088/SRR10614088_2.fastq.gz
SRR10614089	SRP235361	Theobroma cacao leaf metagenome	SRX7293317	Fungal endophyte communities in leaves of Theobroma cacao, sample Tree08	Fungal endophyte communities in leaves of Theobroma cacao, sample Tree08	1297858	leaf metagenome	Fun_T8	AMPLICON	METAGENOMIC	PCR	PAIRED	SRS5786645	-	SAMN13519312	PRJNA594470	Illumina MiSeq	Illumina MiSeq	ILLUMINA	41988	16203084	41988	24807303	Fun_T8_R1.fastq.gz	SRR10614089.sralite	6391240	2020-06-20 10:58:08	a81c57ea5721305704bba23a4eab2dfb	1	SRA Lite	Primary ETL	1	s3://sra-pub-zq-7/SRR10614089/SRR10614089.sralite.1	s3.us-east-1	aws identity	https://sra-downloadb.be-md.ncbi.nlm.nih.gov/sos5/sra-pub-zq-16/SRR010/614/SRR10614089.sralite.1	https://sra-downloadb.be-md.ncbi.nlm.nih.gov/sos5/sra-pub-zq-16/SRR010/614/SRR10614089.sralite.1	worldwide	anonymous	gs://sra-pub-zq-108/SRR10614089/SRR10614089.zq.1	gs.us-east1	gcp identity	-	2014	cropland biome	cacao plantation	leaf	Cameroon: Boumnyebel	Theobroma cacao	3.9468 N 11.0018 E	370m	25.18	6m	Pan-Makak	Boumnyebel_rep8	MIGS/MIMS/MIMARKS.plant-associated	-	http://ftp.sra.ebi.ac.uk/vol1/fastq/SRR106/089/SRR10614089/SRR10614089_1.fastq.gz	http://ftp.sra.ebi.ac.uk/vol1/fastq/SRR106/089/SRR10614089/SRR10614089_2.fastq.gz	-	era-fasp@fasp.sra.ebi.ac.uk:vol1/fastq/SRR106/089/SRR10614089/SRR10614089_1.fastq.gz	era-fasp@fasp.sra.ebi.ac.uk:vol1/fastq/SRR106/089/SRR10614089/SRR10614089_2.fastq.gz
SRR10614090	SRP235361	Theobroma cacao leaf metagenome	SRX7293316	Fungal endophyte communities in leaves of Theobroma cacao, sample Tree07	Fungal endophyte communities in leaves of Theobroma cacao, sample Tree07	1297858	leaf metagenome	Fun_T7	AMPLICON	METAGENOMIC	PCR	PAIRED	SRS5786644	-	SAMN13519311	PRJNA594470	Illumina MiSeq	Illumina MiSeq	ILLUMINA	36553	10884882	36553	16353387	Fun_T7_R1.fastq.gz	SRR10614090.sralite	4288533	2020-06-20 10:58:05	e4b7c117841483374794bfeba9aca27e	1	SRA Lite	Primary ETL	1	s3://sra-pub-zq-4/SRR10614090/SRR10614090.sralite.1	s3.us-east-1	aws identity	https://sra-downloadb.be-md.ncbi.nlm.nih.gov/sos9/sra-pub-zq-922/SRR010/614/SRR10614090.sralite.1	https://sra-downloadb.be-md.ncbi.nlm.nih.gov/sos9/sra-pub-zq-922/SRR010/614/SRR10614090.sralite.1	worldwide	anonymous	gs://sra-pub-zq-108/SRR10614090/SRR10614090.zq.1	gs.us-east1	gcp identity	-	2014	cropland biome	cacao plantation	leaf	Cameroon: Boumnyebel	Theobroma cacao	3.9468 N 11.0018 E	370m	25.18	6.3m	Pan-Makak	Boumnyebel_rep7	MIGS/MIMS/MIMARKS.plant-associated	-	http://ftp.sra.ebi.ac.uk/vol1/fastq/SRR106/090/SRR10614090/SRR10614090_1.fastq.gz	http://ftp.sra.ebi.ac.uk/vol1/fastq/SRR106/090/SRR10614090/SRR10614090_2.fastq.gz	-	era-fasp@fasp.sra.ebi.ac.uk:vol1/fastq/SRR106/090/SRR10614090/SRR10614090_1.fastq.gz	era-fasp@fasp.sra.ebi.ac.uk:vol1/fastq/SRR106/090/SRR10614090/SRR10614090_2.fastq.gz
SRR10614091	SRP235361	Theobroma cacao leaf metagenome	SRX7293315	Bacterial endophyte communities in leaves of Theobroma cacao, sample Tree08	Bacterial endophyte communities in leaves of Theobroma cacao, sample Tree08	1297858	leaf metagenome	Bac_T8	AMPLICON	METAGENOMIC	PCR	PAIRED	SRS5786645	-	SAMN13519312	PRJNA594470	Illumina MiSeq	Illumina MiSeq	ILLUMINA	173395	68821248	173395	103941629	Bac_T8_R1.fastq.gz	SRR10614091.sralite	26371831	2020-06-20 10:58:05	4f6830c61778c658d9be4ced9c70932d	1	SRA Lite	Primary ETL	1	s3://sra-pub-zq-7/SRR10614091/SRR10614091.sralite.1	s3.us-east-1	aws identity	https://sra-downloadb.be-md.ncbi.nlm.nih.gov/sos9/sra-pub-zq-922/SRR010/614/SRR10614091.sralite.1	https://sra-downloadb.be-md.ncbi.nlm.nih.gov/sos9/sra-pub-zq-922/SRR010/614/SRR10614091.sralite.1	worldwide	anonymous	gs://sra-pub-zq-108/SRR10614091/SRR10614091.zq.1	gs.us-east1	gcp identity	-	2014	cropland biome	cacao plantation	leaf	Cameroon: Boumnyebel	Theobroma cacao	3.9468 N 11.0018 E	370m	25.18	6m	Pan-Makak	Boumnyebel_rep8	MIGS/MIMS/MIMARKS.plant-associated	-	http://ftp.sra.ebi.ac.uk/vol1/fastq/SRR106/091/SRR10614091/SRR10614091_1.fastq.gz	http://ftp.sra.ebi.ac.uk/vol1/fastq/SRR106/091/SRR10614091/SRR10614091_2.fastq.gz	-	era-fasp@fasp.sra.ebi.ac.uk:vol1/fastq/SRR106/091/SRR10614091/SRR10614091_1.fastq.gz	era-fasp@fasp.sra.ebi.ac.uk:vol1/fastq/SRR106/091/SRR10614091/SRR10614091_2.fastq.gz
SRR10614092	SRP235361	Theobroma cacao leaf metagenome	SRX7293314	Fungal endophyte communities in leaves of Theobroma cacao, sample Tree06	Fungal endophyte communities in leaves of Theobroma cacao, sample Tree06	1297858	leaf metagenome	Fun_T6	AMPLICON	METAGENOMIC	PCR	PAIRED	SRS5786643	-	SAMN13519310	PRJNA594470	Illumina MiSeq	Illumina MiSeq	ILLUMINA	5590	1750570	5590	2495572	Fun_T6_R1.fastq.gz	SRR10614092.sralite	724357	2020-06-20 10:58:00	e99f8953e0564fbb50a7b70e5fa49404	1	SRA Lite	Primary ETL	1	s3://sra-pub-zq-4/SRR10614092/SRR10614092.sralite.1	s3.us-east-1	aws identity	https://sra-downloadb.be-md.ncbi.nlm.nih.gov/sos9/sra-pub-zq-922/SRR010/614/SRR10614092.sralite.1	https://sra-downloadb.be-md.ncbi.nlm.nih.gov/sos9/sra-pub-zq-922/SRR010/614/SRR10614092.sralite.1	worldwide	anonymous	gs://sra-pub-zq-108/SRR10614092/SRR10614092.zq.1	gs.us-east1	gcp identity	-	2014	cropland biome	cacao plantation	leaf	Cameroon: Boumnyebel	Theobroma cacao	3.9468 N 11.0018 E	370m	25.18	7.8m	Pan-Makak	Boumnyebel_rep6	MIGS/MIMS/MIMARKS.plant-associated	-	http://ftp.sra.ebi.ac.uk/vol1/fastq/SRR106/092/SRR10614092/SRR10614092_1.fastq.gz	http://ftp.sra.ebi.ac.uk/vol1/fastq/SRR106/092/SRR10614092/SRR10614092_2.fastq.gz	-	era-fasp@fasp.sra.ebi.ac.uk:vol1/fastq/SRR106/092/SRR10614092/SRR10614092_1.fastq.gz	era-fasp@fasp.sra.ebi.ac.uk:vol1/fastq/SRR106/092/SRR10614092/SRR10614092_2.fastq.gz
SRR10614093	SRP235361	Theobroma cacao leaf metagenome	SRX7293313	Fungal endophyte communities in leaves of Theobroma cacao, sample Tree05	Fungal endophyte communities in leaves of Theobroma cacao, sample Tree05	1297858	leaf metagenome	Fun_T5	AMPLICON	METAGENOMIC	PCR	PAIRED	SRS5786642	-	SAMN13519309	PRJNA594470	Illumina MiSeq	Illumina MiSeq	ILLUMINA	24406	8608778	24406	12680654	Fun_T5_R1.fastq.gz	SRR10614093.sralite	3338253	2020-06-20 10:58:03	de4e52ef22de45a7e3b27c93888579a2	1	SRA Lite	Primary ETL	1	s3://sra-pub-zq-4/SRR10614093/SRR10614093.sralite.1	s3.us-east-1	aws identity	https://sra-downloadb.be-md.ncbi.nlm.nih.gov/sos9/sra-pub-zq-922/SRR010/614/SRR10614093.sralite.1	https://sra-downloadb.be-md.ncbi.nlm.nih.gov/sos9/sra-pub-zq-922/SRR010/614/SRR10614093.sralite.1	worldwide	anonymous	gs://sra-pub-zq-108/SRR10614093/SRR10614093.zq.1	gs.us-east1	gcp identity	-	2014	cropland biome	cacao plantation	leaf	Cameroon: Boumnyebel	Theobroma cacao	3.9468 N 11.0018 E	370m	25.18	5.5m	Pan-Makak	Boumnyebel_rep5	MIGS/MIMS/MIMARKS.plant-associated	-	http://ftp.sra.ebi.ac.uk/vol1/fastq/SRR106/093/SRR10614093/SRR10614093_1.fastq.gz	http://ftp.sra.ebi.ac.uk/vol1/fastq/SRR106/093/SRR10614093/SRR10614093_2.fastq.gz	-	era-fasp@fasp.sra.ebi.ac.uk:vol1/fastq/SRR106/093/SRR10614093/SRR10614093_1.fastq.gz	era-fasp@fasp.sra.ebi.ac.uk:vol1/fastq/SRR106/093/SRR10614093/SRR10614093_2.fastq.gz
SRR10614094	SRP235361	Theobroma cacao leaf metagenome	SRX7293312	Fungal endophyte communities in leaves of Theobroma cacao, sample Tree04	Fungal endophyte communities in leaves of Theobroma cacao, sample Tree04	1297858	leaf metagenome	Fun_T4	AMPLICON	METAGENOMIC	PCR	PAIRED	SRS5786635	-	SAMN13519308	PRJNA594470	Illumina MiSeq	Illumina MiSeq	ILLUMINA	33026	10990124	33026	16541286	Fun_T4_R1.fastq.gz	SRR10614094.sralite	4336967	2020-06-20 10:58:02	0d73ea81b73a69e907c7475dd26cc2a6	1	SRA Lite	Primary ETL	1	s3://sra-pub-zq-4/SRR10614094/SRR10614094.sralite.1	s3.us-east-1	aws identity	https://sra-downloadb.be-md.ncbi.nlm.nih.gov/sos5/sra-pub-zq-16/SRR010/614/SRR10614094.sralite.1	https://sra-downloadb.be-md.ncbi.nlm.nih.gov/sos5/sra-pub-zq-16/SRR010/614/SRR10614094.sralite.1	worldwide	anonymous	gs://sra-pub-zq-108/SRR10614094/SRR10614094.zq.1	gs.us-east1	gcp identity	-	2014	cropland biome	cacao plantation	leaf	Cameroon: Boumnyebel	Theobroma cacao	3.9357 N 10.9946 E	374m	23.19	7m	Pan-Makak	Boumnyebel_rep4	MIGS/MIMS/MIMARKS.plant-associated	-	http://ftp.sra.ebi.ac.uk/vol1/fastq/SRR106/094/SRR10614094/SRR10614094_1.fastq.gz	http://ftp.sra.ebi.ac.uk/vol1/fastq/SRR106/094/SRR10614094/SRR10614094_2.fastq.gz	-	era-fasp@fasp.sra.ebi.ac.uk:vol1/fastq/SRR106/094/SRR10614094/SRR10614094_1.fastq.gz	era-fasp@fasp.sra.ebi.ac.uk:vol1/fastq/SRR106/094/SRR10614094/SRR10614094_2.fastq.gz
SRR10614095	SRP235361	Theobroma cacao leaf metagenome	SRX7293311	Fungal endophyte communities in leaves of Theobroma cacao, sample Tree03	Fungal endophyte communities in leaves of Theobroma cacao, sample Tree03	1297858	leaf metagenome	Fun_T3	AMPLICON	METAGENOMIC	PCR	PAIRED	SRS5786624	-	SAMN13519307	PRJNA594470	Illumina MiSeq	Illumina MiSeq	ILLUMINA	70469	20934650	70469	31221382	Fun_T3_R1.fastq.gz	SRR10614095.sralite	8117320	2020-06-19 19:48:03	9e1ff5ad159a4e1197e229fbd54af5bf	1	SRA Lite	Primary ETL	1	s3://sra-pub-zq-7/SRR10614095/SRR10614095.sralite.1	s3.us-east-1	aws identity	https://sra-downloadb.be-md.ncbi.nlm.nih.gov/sos5/sra-pub-zq-16/SRR010/614/SRR10614095.sralite.1	https://sra-downloadb.be-md.ncbi.nlm.nih.gov/sos5/sra-pub-zq-16/SRR010/614/SRR10614095.sralite.1	worldwide	anonymous	gs://sra-pub-zq-108/SRR10614095/SRR10614095.zq.1	gs.us-east1	gcp identity	-	2014	cropland biome	cacao plantation	leaf	Cameroon: Boumnyebel	Theobroma cacao	3.9357 N 10.9946 E	374m	23.19	5.8m	Pan-Makak	Boumnyebel_rep3	MIGS/MIMS/MIMARKS.plant-associated	-	http://ftp.sra.ebi.ac.uk/vol1/fastq/SRR106/095/SRR10614095/SRR10614095_1.fastq.gz	http://ftp.sra.ebi.ac.uk/vol1/fastq/SRR106/095/SRR10614095/SRR10614095_2.fastq.gz	-	era-fasp@fasp.sra.ebi.ac.uk:vol1/fastq/SRR106/095/SRR10614095/SRR10614095_1.fastq.gz	era-fasp@fasp.sra.ebi.ac.uk:vol1/fastq/SRR106/095/SRR10614095/SRR10614095_2.fastq.gz
SRR10614096	SRP235361	Theobroma cacao leaf metagenome	SRX7293310	Fungal endophyte communities in leaves of Theobroma cacao, sample Tree02	Fungal endophyte communities in leaves of Theobroma cacao, sample Tree02	1297858	leaf metagenome	Fun_T2	AMPLICON	METAGENOMIC	PCR	PAIRED	SRS5786585	-	SAMN13519306	PRJNA594470	Illumina MiSeq	Illumina MiSeq	ILLUMINA	35580	12226522	35580	18256475	Fun_T2_R1.fastq.gz	SRR10614096.sralite	4772183	2020-06-19 19:47:58	7f6a70eb577555e35018af827d155cb2	1	SRA Lite	Primary ETL	1	s3://sra-pub-zq-7/SRR10614096/SRR10614096.sralite.1	s3.us-east-1	aws identity	https://sra-downloadb.be-md.ncbi.nlm.nih.gov/sos9/sra-pub-zq-922/SRR010/614/SRR10614096.sralite.1	https://sra-downloadb.be-md.ncbi.nlm.nih.gov/sos9/sra-pub-zq-922/SRR010/614/SRR10614096.sralite.1	worldwide	anonymous	gs://sra-pub-zq-108/SRR10614096/SRR10614096.zq.1	gs.us-east1	gcp identity	-	2014	cropland biome	cacao plantation	leaf	Cameroon: Boumnyebel	Theobroma cacao	3.9357 N 10.9946 E	374m	23.19	6.8m	Pan-Makak	Boumnyebel_rep2	MIGS/MIMS/MIMARKS.plant-associated	-	http://ftp.sra.ebi.ac.uk/vol1/fastq/SRR106/096/SRR10614096/SRR10614096_1.fastq.gz	http://ftp.sra.ebi.ac.uk/vol1/fastq/SRR106/096/SRR10614096/SRR10614096_2.fastq.gz	-	era-fasp@fasp.sra.ebi.ac.uk:vol1/fastq/SRR106/096/SRR10614096/SRR10614096_1.fastq.gz	era-fasp@fasp.sra.ebi.ac.uk:vol1/fastq/SRR106/096/SRR10614096/SRR10614096_2.fastq.gz
SRR10614097	SRP235361	Theobroma cacao leaf metagenome	SRX7293309	Fungal endophyte communities in leaves of Theobroma cacao, sample Tree01	Fungal endophyte communities in leaves of Theobroma cacao, sample Tree01	1297858	leaf metagenome	Fun_T1	AMPLICON	METAGENOMIC	PCR	PAIRED	SRS5786584	-	SAMN13519305	PRJNA594470	Illumina MiSeq	Illumina MiSeq	ILLUMINA	77185	30333123	77185	46279680	Fun_T1_R1.fastq.gz	SRR10614097.sralite	11832481	2020-06-19 19:48:05	527d458d697fecf57be3dec095b8d079	1	SRA Lite	Primary ETL	1	s3://sra-pub-zq-7/SRR10614097/SRR10614097.sralite.1	s3.us-east-1	aws identity	https://sra-downloadb.be-md.ncbi.nlm.nih.gov/sos5/sra-pub-zq-16/SRR010/614/SRR10614097.sralite.1	https://sra-downloadb.be-md.ncbi.nlm.nih.gov/sos5/sra-pub-zq-16/SRR010/614/SRR10614097.sralite.1	worldwide	anonymous	gs://sra-pub-zq-108/SRR10614097/SRR10614097.zq.1	gs.us-east1	gcp identity	-	2014	cropland biome	cacao plantation	leaf	Cameroon: Boumnyebel	Theobroma cacao	3.9357 N 10.9946 E	374m	23.19	6m	Pan-Makak	Boumnyebel_rep1	MIGS/MIMS/MIMARKS.plant-associated	-	http://ftp.sra.ebi.ac.uk/vol1/fastq/SRR106/097/SRR10614097/SRR10614097_1.fastq.gz	http://ftp.sra.ebi.ac.uk/vol1/fastq/SRR106/097/SRR10614097/SRR10614097_2.fastq.gz	-	era-fasp@fasp.sra.ebi.ac.uk:vol1/fastq/SRR106/097/SRR10614097/SRR10614097_1.fastq.gz	era-fasp@fasp.sra.ebi.ac.uk:vol1/fastq/SRR106/097/SRR10614097/SRR10614097_2.fastq.gz
SRR10614098	SRP235361	Theobroma cacao leaf metagenome	SRX7293308	Bacterial endophyte communities in leaves of Theobroma cacao, sample Tree64	Bacterial endophyte communities in leaves of Theobroma cacao, sample Tree64	1297858	leaf metagenome	Bac_T64	AMPLICON	METAGENOMIC	PCR	PAIRED	SRS5786616	-	SAMN13519368	PRJNA594470	Illumina MiSeq	Illumina MiSeq	ILLUMINA	32445	12774286	32445	19302041	Bac_T64_R1.fastq.gz	SRR10614098.sralite	4964084	2020-06-19 19:48:13	398a84b3506990e9b0e0971a593f0797	1	SRA Lite	Primary ETL	1	s3://sra-pub-zq-9/SRR10614098/SRR10614098.sralite.1	s3.us-east-1	aws identity	https://sra-downloadb.be-md.ncbi.nlm.nih.gov/sos5/sra-pub-zq-16/SRR010/614/SRR10614098.sralite.1	https://sra-downloadb.be-md.ncbi.nlm.nih.gov/sos5/sra-pub-zq-16/SRR010/614/SRR10614098.sralite.1	worldwide	anonymous	gs://sra-pub-zq-108/SRR10614098/SRR10614098.zq.1	gs.us-east1	gcp identity	-	2014	cropland biome	cacao plantation	leaf	Cameroon: Obala	Theobroma cacao	4.153 N 11.3837 E	605m	25.73	9.8m	Nkolobang	Obala_rep16	MIGS/MIMS/MIMARKS.plant-associated	-	http://ftp.sra.ebi.ac.uk/vol1/fastq/SRR106/098/SRR10614098/SRR10614098_1.fastq.gz	http://ftp.sra.ebi.ac.uk/vol1/fastq/SRR106/098/SRR10614098/SRR10614098_2.fastq.gz	-	era-fasp@fasp.sra.ebi.ac.uk:vol1/fastq/SRR106/098/SRR10614098/SRR10614098_1.fastq.gz	era-fasp@fasp.sra.ebi.ac.uk:vol1/fastq/SRR106/098/SRR10614098/SRR10614098_2.fastq.gz
SRR10614099	SRP235361	Theobroma cacao leaf metagenome	SRX7293307	Bacterial endophyte communities in leaves of Theobroma cacao, sample Tree63	Bacterial endophyte communities in leaves of Theobroma cacao, sample Tree63	1297858	leaf metagenome	Bac_T63	AMPLICON	METAGENOMIC	PCR	PAIRED	SRS5786615	-	SAMN13519367	PRJNA594470	Illumina MiSeq	Illumina MiSeq	ILLUMINA	33168	13040927	33168	19762800	Bac_T63_R1.fastq.gz	SRR10614099.sralite	5078882	2020-06-19 19:48:07	d9a6848dd7001947705f04198a46fee6	1	SRA Lite	Primary ETL	1	s3://sra-pub-zq-9/SRR10614099/SRR10614099.sralite.1	s3.us-east-1	aws identity	https://sra-downloadb.be-md.ncbi.nlm.nih.gov/sos5/sra-pub-zq-16/SRR010/614/SRR10614099.sralite.1	https://sra-downloadb.be-md.ncbi.nlm.nih.gov/sos5/sra-pub-zq-16/SRR010/614/SRR10614099.sralite.1	worldwide	anonymous	gs://sra-pub-zq-108/SRR10614099/SRR10614099.zq.1	gs.us-east1	gcp identity	-	2014	cropland biome	cacao plantation	leaf	Cameroon: Obala	Theobroma cacao	4.153 N 11.3837 E	605m	25.73	9.6m	Nkolobang	Obala_rep15	MIGS/MIMS/MIMARKS.plant-associated	-	http://ftp.sra.ebi.ac.uk/vol1/fastq/SRR106/099/SRR10614099/SRR10614099_1.fastq.gz	http://ftp.sra.ebi.ac.uk/vol1/fastq/SRR106/099/SRR10614099/SRR10614099_2.fastq.gz	-	era-fasp@fasp.sra.ebi.ac.uk:vol1/fastq/SRR106/099/SRR10614099/SRR10614099_1.fastq.gz	era-fasp@fasp.sra.ebi.ac.uk:vol1/fastq/SRR106/099/SRR10614099/SRR10614099_2.fastq.gz
SRR10614100	SRP235361	Theobroma cacao leaf metagenome	SRX7293306	Bacterial endophyte communities in leaves of Theobroma cacao, sample Tree62	Bacterial endophyte communities in leaves of Theobroma cacao, sample Tree62	1297858	leaf metagenome	Bac_T62	AMPLICON	METAGENOMIC	PCR	PAIRED	SRS5786614	-	SAMN13519366	PRJNA594470	Illumina MiSeq	Illumina MiSeq	ILLUMINA	61617	24334369	61617	36787351	Bac_T62_R1.fastq.gz	SRR10614100.sralite	9382042	2020-06-22 12:10:34	6be0a5fed47f5e44d5171f85b1fc5f32	1	SRA Lite	Primary ETL	1	s3://sra-pub-zq-5/SRR10614100/SRR10614100.sralite.1	s3.us-east-1	aws identity	https://sra-downloadb.be-md.ncbi.nlm.nih.gov/sos5/sra-pub-zq-16/SRR010/614/SRR10614100.sralite.1	https://sra-downloadb.be-md.ncbi.nlm.nih.gov/sos5/sra-pub-zq-16/SRR010/614/SRR10614100.sralite.1	worldwide	anonymous	gs://sra-pub-zq-108/SRR10614100/SRR10614100.zq.1	gs.us-east1	gcp identity	-	2014	cropland biome	cacao plantation	leaf	Cameroon: Obala	Theobroma cacao	4.153 N 11.3837 E	605m	25.73	9.7m	Nkolobang	Obala_rep14	MIGS/MIMS/MIMARKS.plant-associated	-	http://ftp.sra.ebi.ac.uk/vol1/fastq/SRR106/000/SRR10614100/SRR10614100_1.fastq.gz	http://ftp.sra.ebi.ac.uk/vol1/fastq/SRR106/000/SRR10614100/SRR10614100_2.fastq.gz	-	era-fasp@fasp.sra.ebi.ac.uk:vol1/fastq/SRR106/000/SRR10614100/SRR10614100_1.fastq.gz	era-fasp@fasp.sra.ebi.ac.uk:vol1/fastq/SRR106/000/SRR10614100/SRR10614100_2.fastq.gz
SRR10614101	SRP235361	Theobroma cacao leaf metagenome	SRX7293305	Bacterial endophyte communities in leaves of Theobroma cacao, sample Tree61	Bacterial endophyte communities in leaves of Theobroma cacao, sample Tree61	1297858	leaf metagenome	Bac_T61	AMPLICON	METAGENOMIC	PCR	PAIRED	SRS5786613	-	SAMN13519365	PRJNA594470	Illumina MiSeq	Illumina MiSeq	ILLUMINA	27987	11351671	27987	16723565	Bac_T61_R1.fastq.gz	SRR10614101.sralite	4311869	2020-06-19 19:48:11	cbe961c10e2ef8ad1299e43428cc3965	1	SRA Lite	Primary ETL	1	s3://sra-pub-zq-9/SRR10614101/SRR10614101.sralite.1	s3.us-east-1	aws identity	https://sra-downloadb.be-md.ncbi.nlm.nih.gov/sos5/sra-pub-zq-16/SRR010/614/SRR10614101.sralite.1	https://sra-downloadb.be-md.ncbi.nlm.nih.gov/sos5/sra-pub-zq-16/SRR010/614/SRR10614101.sralite.1	worldwide	anonymous	gs://sra-pub-zq-108/SRR10614101/SRR10614101.zq.1	gs.us-east1	gcp identity	-	2014	cropland biome	cacao plantation	leaf	Cameroon: Obala	Theobroma cacao	4.153 N 11.3837 E	605m	25.73	10.6m	Nkolobang	Obala_rep13	MIGS/MIMS/MIMARKS.plant-associated	-	http://ftp.sra.ebi.ac.uk/vol1/fastq/SRR106/001/SRR10614101/SRR10614101_1.fastq.gz	http://ftp.sra.ebi.ac.uk/vol1/fastq/SRR106/001/SRR10614101/SRR10614101_2.fastq.gz	-	era-fasp@fasp.sra.ebi.ac.uk:vol1/fastq/SRR106/001/SRR10614101/SRR10614101_1.fastq.gz	era-fasp@fasp.sra.ebi.ac.uk:vol1/fastq/SRR106/001/SRR10614101/SRR10614101_2.fastq.gz
SRR10614102	SRP235361	Theobroma cacao leaf metagenome	SRX7293304	Bacterial endophyte communities in leaves of Theobroma cacao, sample Tree07	Bacterial endophyte communities in leaves of Theobroma cacao, sample Tree07	1297858	leaf metagenome	Bac_T7	AMPLICON	METAGENOMIC	PCR	PAIRED	SRS5786644	-	SAMN13519311	PRJNA594470	Illumina MiSeq	Illumina MiSeq	ILLUMINA	69147	27456780	69147	41442537	Bac_T7_R1.fastq.gz	SRR10614102.sralite	10566786	2020-06-19 19:48:16	38b2039a1d28e38dc77103c05d9af0c0	1	SRA Lite	Primary ETL	1	s3://sra-pub-zq-7/SRR10614102/SRR10614102.sralite.1	s3.us-east-1	aws identity	https://sra-downloadb.be-md.ncbi.nlm.nih.gov/sos5/sra-pub-zq-16/SRR010/614/SRR10614102.sralite.1	https://sra-downloadb.be-md.ncbi.nlm.nih.gov/sos5/sra-pub-zq-16/SRR010/614/SRR10614102.sralite.1	worldwide	anonymous	gs://sra-pub-zq-108/SRR10614102/SRR10614102.zq.1	gs.us-east1	gcp identity	-	2014	cropland biome	cacao plantation	leaf	Cameroon: Boumnyebel	Theobroma cacao	3.9468 N 11.0018 E	370m	25.18	6.3m	Pan-Makak	Boumnyebel_rep7	MIGS/MIMS/MIMARKS.plant-associated	-	http://ftp.sra.ebi.ac.uk/vol1/fastq/SRR106/002/SRR10614102/SRR10614102_1.fastq.gz	http://ftp.sra.ebi.ac.uk/vol1/fastq/SRR106/002/SRR10614102/SRR10614102_2.fastq.gz	-	era-fasp@fasp.sra.ebi.ac.uk:vol1/fastq/SRR106/002/SRR10614102/SRR10614102_1.fastq.gz	era-fasp@fasp.sra.ebi.ac.uk:vol1/fastq/SRR106/002/SRR10614102/SRR10614102_2.fastq.gz
SRR10614103	SRP235361	Theobroma cacao leaf metagenome	SRX7293303	Bacterial endophyte communities in leaves of Theobroma cacao, sample Tree60	Bacterial endophyte communities in leaves of Theobroma cacao, sample Tree60	1297858	leaf metagenome	Bac_T60	AMPLICON	METAGENOMIC	PCR	PAIRED	SRS5786612	-	SAMN13519364	PRJNA594470	Illumina MiSeq	Illumina MiSeq	ILLUMINA	42333	16772504	42333	25230796	Bac_T60_R1.fastq.gz	SRR10614103.sralite	6467274	2020-06-21 13:29:34	4d062a2a3eb715f5d07b25c4f1edc0ab	1	SRA Lite	Primary ETL	1	s3://sra-pub-zq-8/SRR10614103/SRR10614103.sralite.1	s3.us-east-1	aws identity	https://sra-downloadb.be-md.ncbi.nlm.nih.gov/sos5/sra-pub-zq-16/SRR010/614/SRR10614103.sralite.1	https://sra-downloadb.be-md.ncbi.nlm.nih.gov/sos5/sra-pub-zq-16/SRR010/614/SRR10614103.sralite.1	worldwide	anonymous	gs://sra-pub-zq-108/SRR10614103/SRR10614103.zq.1	gs.us-east1	gcp identity	-	2014	cropland biome	cacao plantation	leaf	Cameroon: Obala	Theobroma cacao	4.1521 N 11.3829 E	659m	24.07	10.9m	Nkolobang	Obala_rep12	MIGS/MIMS/MIMARKS.plant-associated	-	http://ftp.sra.ebi.ac.uk/vol1/fastq/SRR106/003/SRR10614103/SRR10614103_1.fastq.gz	http://ftp.sra.ebi.ac.uk/vol1/fastq/SRR106/003/SRR10614103/SRR10614103_2.fastq.gz	-	era-fasp@fasp.sra.ebi.ac.uk:vol1/fastq/SRR106/003/SRR10614103/SRR10614103_1.fastq.gz	era-fasp@fasp.sra.ebi.ac.uk:vol1/fastq/SRR106/003/SRR10614103/SRR10614103_2.fastq.gz
SRR10614104	SRP235361	Theobroma cacao leaf metagenome	SRX7293302	Bacterial endophyte communities in leaves of Theobroma cacao, sample Tree59	Bacterial endophyte communities in leaves of Theobroma cacao, sample Tree59	1297858	leaf metagenome	Bac_T59	AMPLICON	METAGENOMIC	PCR	PAIRED	SRS5786611	-	SAMN13519363	PRJNA594470	Illumina MiSeq	Illumina MiSeq	ILLUMINA	89443	35332167	89443	53394148	Bac_T59_R1.fastq.gz	SRR10614104.sralite	13588550	2020-06-21 13:29:41	8310a559b4ef1e3e986200933ace9208	1	SRA Lite	Primary ETL	1	s3://sra-pub-zq-9/SRR10614104/SRR10614104.sralite.1	s3.us-east-1	aws identity	https://sra-downloadb.be-md.ncbi.nlm.nih.gov/sos5/sra-pub-zq-16/SRR010/614/SRR10614104.sralite.1	https://sra-downloadb.be-md.ncbi.nlm.nih.gov/sos5/sra-pub-zq-16/SRR010/614/SRR10614104.sralite.1	worldwide	anonymous	gs://sra-pub-zq-108/SRR10614104/SRR10614104.zq.1	gs.us-east1	gcp identity	-	2014	cropland biome	cacao plantation	leaf	Cameroon: Obala	Theobroma cacao	4.1521 N 11.3829 E	659m	24.07	9.6m	Nkolobang	Obala_rep11	MIGS/MIMS/MIMARKS.plant-associated	-	http://ftp.sra.ebi.ac.uk/vol1/fastq/SRR106/004/SRR10614104/SRR10614104_1.fastq.gz	http://ftp.sra.ebi.ac.uk/vol1/fastq/SRR106/004/SRR10614104/SRR10614104_2.fastq.gz	-	era-fasp@fasp.sra.ebi.ac.uk:vol1/fastq/SRR106/004/SRR10614104/SRR10614104_1.fastq.gz	era-fasp@fasp.sra.ebi.ac.uk:vol1/fastq/SRR106/004/SRR10614104/SRR10614104_2.fastq.gz
SRR10614105	SRP235361	Theobroma cacao leaf metagenome	SRX7293301	Bacterial endophyte communities in leaves of Theobroma cacao, sample Tree58	Bacterial endophyte communities in leaves of Theobroma cacao, sample Tree58	1297858	leaf metagenome	Bac_T58	AMPLICON	METAGENOMIC	PCR	PAIRED	SRS5786610	-	SAMN13519362	PRJNA594470	Illumina MiSeq	Illumina MiSeq	ILLUMINA	101102	40307527	101102	60718927	Bac_T58_R1.fastq.gz	SRR10614105.sralite	15411126	2020-06-21 13:29:42	e9e5c26691d15775b85cbe6f92e572fb	1	SRA Lite	Primary ETL	1	s3://sra-pub-zq-8/SRR10614105/SRR10614105.sralite.1	s3.us-east-1	aws identity	https://sra-downloadb.be-md.ncbi.nlm.nih.gov/sos5/sra-pub-zq-16/SRR010/614/SRR10614105.sralite.1	https://sra-downloadb.be-md.ncbi.nlm.nih.gov/sos5/sra-pub-zq-16/SRR010/614/SRR10614105.sralite.1	worldwide	anonymous	gs://sra-pub-zq-108/SRR10614105/SRR10614105.zq.1	gs.us-east1	gcp identity	-	2014	cropland biome	cacao plantation	leaf	Cameroon: Obala	Theobroma cacao	4.1521 N 11.3829 E	659m	24.07	11.8m	Nkolobang	Obala_rep10	MIGS/MIMS/MIMARKS.plant-associated	-	http://ftp.sra.ebi.ac.uk/vol1/fastq/SRR106/005/SRR10614105/SRR10614105_1.fastq.gz	http://ftp.sra.ebi.ac.uk/vol1/fastq/SRR106/005/SRR10614105/SRR10614105_2.fastq.gz	-	era-fasp@fasp.sra.ebi.ac.uk:vol1/fastq/SRR106/005/SRR10614105/SRR10614105_1.fastq.gz	era-fasp@fasp.sra.ebi.ac.uk:vol1/fastq/SRR106/005/SRR10614105/SRR10614105_2.fastq.gz
SRR10614106	SRP235361	Theobroma cacao leaf metagenome	SRX7293300	Bacterial endophyte communities in leaves of Theobroma cacao, sample Tree57	Bacterial endophyte communities in leaves of Theobroma cacao, sample Tree57	1297858	leaf metagenome	Bac_T57	AMPLICON	METAGENOMIC	PCR	PAIRED	SRS5786609	-	SAMN13519361	PRJNA594470	Illumina MiSeq	Illumina MiSeq	ILLUMINA	139117	55405216	139117	83392593	Bac_T57_R1.fastq.gz	SRR10614106.sralite	21159961	2020-06-21 13:29:45	056b7f08efe01ad8134d1c7935cc3743	1	SRA Lite	Primary ETL	1	s3://sra-pub-zq-5/SRR10614106/SRR10614106.sralite.1	s3.us-east-1	aws identity	https://sra-downloadb.be-md.ncbi.nlm.nih.gov/sos5/sra-pub-zq-16/SRR010/614/SRR10614106.sralite.1	https://sra-downloadb.be-md.ncbi.nlm.nih.gov/sos5/sra-pub-zq-16/SRR010/614/SRR10614106.sralite.1	worldwide	anonymous	gs://sra-pub-zq-108/SRR10614106/SRR10614106.zq.1	gs.us-east1	gcp identity	-	2014	cropland biome	cacao plantation	leaf	Cameroon: Obala	Theobroma cacao	4.1521 N 11.3829 E	659m	24.07	10.8m	Nkolobang	Obala_rep9	MIGS/MIMS/MIMARKS.plant-associated	-	http://ftp.sra.ebi.ac.uk/vol1/fastq/SRR106/006/SRR10614106/SRR10614106_1.fastq.gz	http://ftp.sra.ebi.ac.uk/vol1/fastq/SRR106/006/SRR10614106/SRR10614106_2.fastq.gz	-	era-fasp@fasp.sra.ebi.ac.uk:vol1/fastq/SRR106/006/SRR10614106/SRR10614106_1.fastq.gz	era-fasp@fasp.sra.ebi.ac.uk:vol1/fastq/SRR106/006/SRR10614106/SRR10614106_2.fastq.gz
SRR10614107	SRP235361	Theobroma cacao leaf metagenome	SRX7293299	Bacterial endophyte communities in leaves of Theobroma cacao, sample Tree56	Bacterial endophyte communities in leaves of Theobroma cacao, sample Tree56	1297858	leaf metagenome	Bac_T56	AMPLICON	METAGENOMIC	PCR	PAIRED	SRS5786607	-	SAMN13519360	PRJNA594470	Illumina MiSeq	Illumina MiSeq	ILLUMINA	113080	44904611	113080	67817161	Bac_T56_R1.fastq.gz	SRR10614107.sralite	17215854	2020-06-21 13:29:27	ceb4c7836d71a5654371dca67877658a	1	SRA Lite	Primary ETL	1	s3://sra-pub-zq-9/SRR10614107/SRR10614107.sralite.1	s3.us-east-1	aws identity	https://sra-downloadb.be-md.ncbi.nlm.nih.gov/sos5/sra-pub-zq-16/SRR010/614/SRR10614107.sralite.1	https://sra-downloadb.be-md.ncbi.nlm.nih.gov/sos5/sra-pub-zq-16/SRR010/614/SRR10614107.sralite.1	worldwide	anonymous	gs://sra-pub-zq-108/SRR10614107/SRR10614107.zq.1	gs.us-east1	gcp identity	-	2014	cropland biome	cacao plantation	leaf	Cameroon: Obala	Theobroma cacao	4.1039 N 11.4815 E	287m	25	10.6m	Ekabita_Essele	Obala_rep8	MIGS/MIMS/MIMARKS.plant-associated	-	http://ftp.sra.ebi.ac.uk/vol1/fastq/SRR106/007/SRR10614107/SRR10614107_1.fastq.gz	http://ftp.sra.ebi.ac.uk/vol1/fastq/SRR106/007/SRR10614107/SRR10614107_2.fastq.gz	-	era-fasp@fasp.sra.ebi.ac.uk:vol1/fastq/SRR106/007/SRR10614107/SRR10614107_1.fastq.gz	era-fasp@fasp.sra.ebi.ac.uk:vol1/fastq/SRR106/007/SRR10614107/SRR10614107_2.fastq.gz
SRR10614108	SRP235361	Theobroma cacao leaf metagenome	SRX7293298	Bacterial endophyte communities in leaves of Theobroma cacao, sample Tree55	Bacterial endophyte communities in leaves of Theobroma cacao, sample Tree55	1297858	leaf metagenome	Bac_T55	AMPLICON	METAGENOMIC	PCR	PAIRED	SRS5786606	-	SAMN13519359	PRJNA594470	Illumina MiSeq	Illumina MiSeq	ILLUMINA	97065	38361981	97065	58236156	Bac_T55_R1.fastq.gz	SRR10614108.sralite	14801503	2020-06-22 12:10:36	c22fe168c63fc34d104f437fcf211732	1	SRA Lite	Primary ETL	1	s3://sra-pub-zq-2/SRR10614108/SRR10614108.sralite.1	s3.us-east-1	aws identity	https://sra-downloadb.be-md.ncbi.nlm.nih.gov/sos5/sra-pub-zq-16/SRR010/614/SRR10614108.sralite.1	https://sra-downloadb.be-md.ncbi.nlm.nih.gov/sos5/sra-pub-zq-16/SRR010/614/SRR10614108.sralite.1	worldwide	anonymous	gs://sra-pub-zq-108/SRR10614108/SRR10614108.zq.1	gs.us-east1	gcp identity	-	2014	cropland biome	cacao plantation	leaf	Cameroon: Obala	Theobroma cacao	4.1039 N 11.4815 E	287m	25	11.2m	Ekabita_Essele	Obala_rep7	MIGS/MIMS/MIMARKS.plant-associated	-	http://ftp.sra.ebi.ac.uk/vol1/fastq/SRR106/008/SRR10614108/SRR10614108_1.fastq.gz	http://ftp.sra.ebi.ac.uk/vol1/fastq/SRR106/008/SRR10614108/SRR10614108_2.fastq.gz	-	era-fasp@fasp.sra.ebi.ac.uk:vol1/fastq/SRR106/008/SRR10614108/SRR10614108_1.fastq.gz	era-fasp@fasp.sra.ebi.ac.uk:vol1/fastq/SRR106/008/SRR10614108/SRR10614108_2.fastq.gz
SRR10614109	SRP235361	Theobroma cacao leaf metagenome	SRX7293297	Bacterial endophyte communities in leaves of Theobroma cacao, sample Tree54	Bacterial endophyte communities in leaves of Theobroma cacao, sample Tree54	1297858	leaf metagenome	Bac_T54	AMPLICON	METAGENOMIC	PCR	PAIRED	SRS5786605	-	SAMN13519358	PRJNA594470	Illumina MiSeq	Illumina MiSeq	ILLUMINA	164248	65324989	164248	98474515	Bac_T54_R1.fastq.gz	SRR10614109.sralite	24979598	2020-06-22 12:10:34	3891c7ee641f2fe855b677a53f43c7d8	1	SRA Lite	Primary ETL	1	s3://sra-pub-zq-5/SRR10614109/SRR10614109.sralite.1	s3.us-east-1	aws identity	https://sra-downloadb.be-md.ncbi.nlm.nih.gov/sos5/sra-pub-zq-16/SRR010/614/SRR10614109.sralite.1	https://sra-downloadb.be-md.ncbi.nlm.nih.gov/sos5/sra-pub-zq-16/SRR010/614/SRR10614109.sralite.1	worldwide	anonymous	gs://sra-pub-zq-108/SRR10614109/SRR10614109.zq.1	gs.us-east1	gcp identity	-	2014	cropland biome	cacao plantation	leaf	Cameroon: Obala	Theobroma cacao	4.1039 N 11.4815 E	287m	25	9.6m	Ekabita_Essele	Obala_rep6	MIGS/MIMS/MIMARKS.plant-associated	-	http://ftp.sra.ebi.ac.uk/vol1/fastq/SRR106/009/SRR10614109/SRR10614109_1.fastq.gz	http://ftp.sra.ebi.ac.uk/vol1/fastq/SRR106/009/SRR10614109/SRR10614109_2.fastq.gz	-	era-fasp@fasp.sra.ebi.ac.uk:vol1/fastq/SRR106/009/SRR10614109/SRR10614109_1.fastq.gz	era-fasp@fasp.sra.ebi.ac.uk:vol1/fastq/SRR106/009/SRR10614109/SRR10614109_2.fastq.gz
SRR10614110	SRP235361	Theobroma cacao leaf metagenome	SRX7293296	Bacterial endophyte communities in leaves of Theobroma cacao, sample Tree53	Bacterial endophyte communities in leaves of Theobroma cacao, sample Tree53	1297858	leaf metagenome	Bac_T53	AMPLICON	METAGENOMIC	PCR	PAIRED	SRS5786604	-	SAMN13519357	PRJNA594470	Illumina MiSeq	Illumina MiSeq	ILLUMINA	107248	42359283	107248	64270161	Bac_T53_R1.fastq.gz	SRR10614110.sralite	16312050	2020-06-22 12:10:30	c2f1bc6c5b4a7748115f4721d28c7009	1	SRA Lite	Primary ETL	1	s3://sra-pub-zq-2/SRR10614110/SRR10614110.sralite.1	s3.us-east-1	aws identity	https://sra-downloadb.be-md.ncbi.nlm.nih.gov/sos5/sra-pub-zq-14/SRR010/614/SRR10614110.sralite.1	https://sra-downloadb.be-md.ncbi.nlm.nih.gov/sos5/sra-pub-zq-14/SRR010/614/SRR10614110.sralite.1	worldwide	anonymous	gs://sra-pub-zq-108/SRR10614110/SRR10614110.zq.1	gs.us-east1	gcp identity	-	2014	cropland biome	cacao plantation	leaf	Cameroon: Obala	Theobroma cacao	4.1039 N 11.4815 E	287m	25	10.8m	Ekabita_Essele	Obala_rep5	MIGS/MIMS/MIMARKS.plant-associated	-	http://ftp.sra.ebi.ac.uk/vol1/fastq/SRR106/010/SRR10614110/SRR10614110_1.fastq.gz	http://ftp.sra.ebi.ac.uk/vol1/fastq/SRR106/010/SRR10614110/SRR10614110_2.fastq.gz	-	era-fasp@fasp.sra.ebi.ac.uk:vol1/fastq/SRR106/010/SRR10614110/SRR10614110_1.fastq.gz	era-fasp@fasp.sra.ebi.ac.uk:vol1/fastq/SRR106/010/SRR10614110/SRR10614110_2.fastq.gz
SRR10614111	SRP235361	Theobroma cacao leaf metagenome	SRX7293295	Bacterial endophyte communities in leaves of Theobroma cacao, sample Tree52	Bacterial endophyte communities in leaves of Theobroma cacao, sample Tree52	1297858	leaf metagenome	Bac_T52	AMPLICON	METAGENOMIC	PCR	PAIRED	SRS5786603	-	SAMN13519356	PRJNA594470	Illumina MiSeq	Illumina MiSeq	ILLUMINA	90323	36506214	90323	54094819	Bac_T52_R1.fastq.gz	SRR10614111.sralite	13758425	2020-06-22 12:10:25	d068d76f888f5f1ba4917d2333cfb5d6	1	SRA Lite	Primary ETL	1	s3://sra-pub-zq-5/SRR10614111/SRR10614111.sralite.1	s3.us-east-1	aws identity	https://sra-downloadb.be-md.ncbi.nlm.nih.gov/sos5/sra-pub-zq-14/SRR010/614/SRR10614111.sralite.1	https://sra-downloadb.be-md.ncbi.nlm.nih.gov/sos5/sra-pub-zq-14/SRR010/614/SRR10614111.sralite.1	worldwide	anonymous	gs://sra-pub-zq-108/SRR10614111/SRR10614111.zq.1	gs.us-east1	gcp identity	-	2014	cropland biome	cacao plantation	leaf	Cameroon: Obala	Theobroma cacao	3.8696 N 11.456 E	292m	24.67	8.1m	Ekabita_Essele	Obala_rep4	MIGS/MIMS/MIMARKS.plant-associated	-	http://ftp.sra.ebi.ac.uk/vol1/fastq/SRR106/011/SRR10614111/SRR10614111_1.fastq.gz	http://ftp.sra.ebi.ac.uk/vol1/fastq/SRR106/011/SRR10614111/SRR10614111_2.fastq.gz	-	era-fasp@fasp.sra.ebi.ac.uk:vol1/fastq/SRR106/011/SRR10614111/SRR10614111_1.fastq.gz	era-fasp@fasp.sra.ebi.ac.uk:vol1/fastq/SRR106/011/SRR10614111/SRR10614111_2.fastq.gz
SRR10614112	SRP235361	Theobroma cacao leaf metagenome	SRX7293294	Bacterial endophyte communities in leaves of Theobroma cacao, sample Tree51	Bacterial endophyte communities in leaves of Theobroma cacao, sample Tree51	1297858	leaf metagenome	Bac_T51	AMPLICON	METAGENOMIC	PCR	PAIRED	SRS5786602	-	SAMN13519355	PRJNA594470	Illumina MiSeq	Illumina MiSeq	ILLUMINA	127576	50930432	127576	76420473	Bac_T51_R1.fastq.gz	SRR10614112.sralite	19403543	2020-06-22 12:10:26	8bb0302e8eae94f70793df61c300347d	1	SRA Lite	Primary ETL	1	s3://sra-pub-zq-2/SRR10614112/SRR10614112.sralite.1	s3.us-east-1	aws identity	https://sra-downloadb.be-md.ncbi.nlm.nih.gov/sos5/sra-pub-zq-14/SRR010/614/SRR10614112.sralite.1	https://sra-downloadb.be-md.ncbi.nlm.nih.gov/sos5/sra-pub-zq-14/SRR010/614/SRR10614112.sralite.1	worldwide	anonymous	gs://sra-pub-zq-108/SRR10614112/SRR10614112.zq.1	gs.us-east1	gcp identity	-	2014	cropland biome	cacao plantation	leaf	Cameroon: Obala	Theobroma cacao	3.8696 N 11.456 E	292m	24.67	8.5m	Ekabita_Essele	Obala_rep3	MIGS/MIMS/MIMARKS.plant-associated	-	http://ftp.sra.ebi.ac.uk/vol1/fastq/SRR106/012/SRR10614112/SRR10614112_1.fastq.gz	http://ftp.sra.ebi.ac.uk/vol1/fastq/SRR106/012/SRR10614112/SRR10614112_2.fastq.gz	-	era-fasp@fasp.sra.ebi.ac.uk:vol1/fastq/SRR106/012/SRR10614112/SRR10614112_1.fastq.gz	era-fasp@fasp.sra.ebi.ac.uk:vol1/fastq/SRR106/012/SRR10614112/SRR10614112_2.fastq.gz
SRR10614113	SRP235361	Theobroma cacao leaf metagenome	SRX7293293	Bacterial endophyte communities in leaves of Theobroma cacao, sample Tree06	Bacterial endophyte communities in leaves of Theobroma cacao, sample Tree06	1297858	leaf metagenome	Bac_T6	AMPLICON	METAGENOMIC	PCR	PAIRED	SRS5786643	-	SAMN13519310	PRJNA594470	Illumina MiSeq	Illumina MiSeq	ILLUMINA	90271	36285413	90271	54028813	Bac_T6_R1.fastq.gz	SRR10614113.sralite	13750393	2020-06-24 01:50:42	1e0618089a44857a57e4adc7dd0c78b4	1	SRA Lite	Primary ETL	1	s3://sra-pub-zq-8/SRR10614113/SRR10614113.sralite.1	s3.us-east-1	aws identity	https://sra-downloadb.be-md.ncbi.nlm.nih.gov/sos5/sra-pub-zq-14/SRR010/614/SRR10614113.sralite.1	https://sra-downloadb.be-md.ncbi.nlm.nih.gov/sos5/sra-pub-zq-14/SRR010/614/SRR10614113.sralite.1	worldwide	anonymous	gs://sra-pub-zq-108/SRR10614113/SRR10614113.zq.1	gs.us-east1	gcp identity	-	2014	cropland biome	cacao plantation	leaf	Cameroon: Boumnyebel	Theobroma cacao	3.9468 N 11.0018 E	370m	25.18	7.8m	Pan-Makak	Boumnyebel_rep6	MIGS/MIMS/MIMARKS.plant-associated	-	http://ftp.sra.ebi.ac.uk/vol1/fastq/SRR106/013/SRR10614113/SRR10614113_1.fastq.gz	http://ftp.sra.ebi.ac.uk/vol1/fastq/SRR106/013/SRR10614113/SRR10614113_2.fastq.gz	-	era-fasp@fasp.sra.ebi.ac.uk:vol1/fastq/SRR106/013/SRR10614113/SRR10614113_1.fastq.gz	era-fasp@fasp.sra.ebi.ac.uk:vol1/fastq/SRR106/013/SRR10614113/SRR10614113_2.fastq.gz
SRR10614114	SRP235361	Theobroma cacao leaf metagenome	SRX7293292	Bacterial endophyte communities in leaves of Theobroma cacao, sample Tree50	Bacterial endophyte communities in leaves of Theobroma cacao, sample Tree50	1297858	leaf metagenome	Bac_T50	AMPLICON	METAGENOMIC	PCR	PAIRED	SRS5786601	-	SAMN13519354	PRJNA594470	Illumina MiSeq	Illumina MiSeq	ILLUMINA	113407	48462784	113407	68085682	Bac_T50_R1.fastq.gz	SRR10614114.sralite	17262634	2020-06-24 01:50:56	0fd224671c564195f079e642d9bbd2dd	1	SRA Lite	Primary ETL	1	s3://sra-pub-zq-8/SRR10614114/SRR10614114.sralite.1	s3.us-east-1	aws identity	https://sra-downloadb.be-md.ncbi.nlm.nih.gov/sos5/sra-pub-zq-14/SRR010/614/SRR10614114.sralite.1	https://sra-downloadb.be-md.ncbi.nlm.nih.gov/sos5/sra-pub-zq-14/SRR010/614/SRR10614114.sralite.1	worldwide	anonymous	gs://sra-pub-zq-108/SRR10614114/SRR10614114.zq.1	gs.us-east1	gcp identity	-	2014	cropland biome	cacao plantation	leaf	Cameroon: Obala	Theobroma cacao	3.8696 N 11.456 E	292m	24.67	8m	Ekabita_Essele	Obala_rep2	MIGS/MIMS/MIMARKS.plant-associated	-	http://ftp.sra.ebi.ac.uk/vol1/fastq/SRR106/014/SRR10614114/SRR10614114_1.fastq.gz	http://ftp.sra.ebi.ac.uk/vol1/fastq/SRR106/014/SRR10614114/SRR10614114_2.fastq.gz	-	era-fasp@fasp.sra.ebi.ac.uk:vol1/fastq/SRR106/014/SRR10614114/SRR10614114_1.fastq.gz	era-fasp@fasp.sra.ebi.ac.uk:vol1/fastq/SRR106/014/SRR10614114/SRR10614114_2.fastq.gz
SRR10614115	SRP235361	Theobroma cacao leaf metagenome	SRX7293291	Bacterial endophyte communities in leaves of Theobroma cacao, sample Tree49	Bacterial endophyte communities in leaves of Theobroma cacao, sample Tree49	1297858	leaf metagenome	Bac_T49	AMPLICON	METAGENOMIC	PCR	PAIRED	SRS5786600	-	SAMN13519353	PRJNA594470	Illumina MiSeq	Illumina MiSeq	ILLUMINA	202967	80258214	202967	121330706	Bac_T49_R1.fastq.gz	SRR10614115.sralite	30763975	2020-06-24 01:51:04	230af3832630188adf2feba2d7903f81	1	SRA Lite	Primary ETL	1	s3://sra-pub-zq-8/SRR10614115/SRR10614115.sralite.1	s3.us-east-1	aws identity	https://sra-downloadb.be-md.ncbi.nlm.nih.gov/sos5/sra-pub-zq-14/SRR010/614/SRR10614115.sralite.1	https://sra-downloadb.be-md.ncbi.nlm.nih.gov/sos5/sra-pub-zq-14/SRR010/614/SRR10614115.sralite.1	worldwide	anonymous	gs://sra-pub-zq-108/SRR10614115/SRR10614115.zq.1	gs.us-east1	gcp identity	-	2014	cropland biome	cacao plantation	leaf	Cameroon: Obala	Theobroma cacao	3.8696 N 11.456 E	292m	24.67	8.4m	Ekabita_Essele	Obala_rep1	MIGS/MIMS/MIMARKS.plant-associated	-	http://ftp.sra.ebi.ac.uk/vol1/fastq/SRR106/015/SRR10614115/SRR10614115_1.fastq.gz	http://ftp.sra.ebi.ac.uk/vol1/fastq/SRR106/015/SRR10614115/SRR10614115_2.fastq.gz	-	era-fasp@fasp.sra.ebi.ac.uk:vol1/fastq/SRR106/015/SRR10614115/SRR10614115_1.fastq.gz	era-fasp@fasp.sra.ebi.ac.uk:vol1/fastq/SRR106/015/SRR10614115/SRR10614115_2.fastq.gz
SRR10614116	SRP235361	Theobroma cacao leaf metagenome	SRX7293290	Bacterial endophyte communities in leaves of Theobroma cacao, sample Tree48	Bacterial endophyte communities in leaves of Theobroma cacao, sample Tree48	1297858	leaf metagenome	Bac_T48	AMPLICON	METAGENOMIC	PCR	PAIRED	SRS5786599	-	SAMN13519352	PRJNA594470	Illumina MiSeq	Illumina MiSeq	ILLUMINA	59905	23558728	59905	35718648	Bac_T48_R1.fastq.gz	SRR10614116.sralite	9118199	2020-06-24 01:50:57	5d6cb654b58faf860c2b364aa088b25c	1	SRA Lite	Primary ETL	1	s3://sra-pub-zq-8/SRR10614116/SRR10614116.sralite.1	s3.us-east-1	aws identity	https://sra-downloadb.be-md.ncbi.nlm.nih.gov/sos5/sra-pub-zq-14/SRR010/614/SRR10614116.sralite.1	https://sra-downloadb.be-md.ncbi.nlm.nih.gov/sos5/sra-pub-zq-14/SRR010/614/SRR10614116.sralite.1	worldwide	anonymous	gs://sra-pub-zq-108/SRR10614116/SRR10614116.zq.1	gs.us-east1	gcp identity	-	2014	cropland biome	cacao plantation	leaf	Cameroon: Kedia	Theobroma cacao	4.4959 N 11.0784 E	425m	27.59	8.2m	Kedia	Kedia_rep8	MIGS/MIMS/MIMARKS.plant-associated	-	http://ftp.sra.ebi.ac.uk/vol1/fastq/SRR106/016/SRR10614116/SRR10614116_1.fastq.gz	http://ftp.sra.ebi.ac.uk/vol1/fastq/SRR106/016/SRR10614116/SRR10614116_2.fastq.gz	-	era-fasp@fasp.sra.ebi.ac.uk:vol1/fastq/SRR106/016/SRR10614116/SRR10614116_1.fastq.gz	era-fasp@fasp.sra.ebi.ac.uk:vol1/fastq/SRR106/016/SRR10614116/SRR10614116_2.fastq.gz
SRR10614117	SRP235361	Theobroma cacao leaf metagenome	SRX7293289	Bacterial endophyte communities in leaves of Theobroma cacao, sample Tree47	Bacterial endophyte communities in leaves of Theobroma cacao, sample Tree47	1297858	leaf metagenome	Bac_T47	AMPLICON	METAGENOMIC	PCR	PAIRED	SRS5786598	-	SAMN13519351	PRJNA594470	Illumina MiSeq	Illumina MiSeq	ILLUMINA	86545	34036440	86545	51777387	Bac_T47_R1.fastq.gz	SRR10614117.sralite	13172989	2020-06-24 01:50:49	3c9db91a03b4dba2dc374dff53b6c404	1	SRA Lite	Primary ETL	1	s3://sra-pub-zq-8/SRR10614117/SRR10614117.sralite.1	s3.us-east-1	aws identity	https://sra-downloadb.be-md.ncbi.nlm.nih.gov/sos5/sra-pub-zq-14/SRR010/614/SRR10614117.sralite.1	https://sra-downloadb.be-md.ncbi.nlm.nih.gov/sos5/sra-pub-zq-14/SRR010/614/SRR10614117.sralite.1	worldwide	anonymous	gs://sra-pub-zq-108/SRR10614117/SRR10614117.zq.1	gs.us-east1	gcp identity	-	2014	cropland biome	cacao plantation	leaf	Cameroon: Kedia	Theobroma cacao	4.4959 N 11.0784 E	425m	27.59	10.2m	Kedia	Kedia_rep7	MIGS/MIMS/MIMARKS.plant-associated	-	http://ftp.sra.ebi.ac.uk/vol1/fastq/SRR106/017/SRR10614117/SRR10614117_1.fastq.gz	http://ftp.sra.ebi.ac.uk/vol1/fastq/SRR106/017/SRR10614117/SRR10614117_2.fastq.gz	-	era-fasp@fasp.sra.ebi.ac.uk:vol1/fastq/SRR106/017/SRR10614117/SRR10614117_1.fastq.gz	era-fasp@fasp.sra.ebi.ac.uk:vol1/fastq/SRR106/017/SRR10614117/SRR10614117_2.fastq.gz
SRR10614118	SRP235361	Theobroma cacao leaf metagenome	SRX7293288	Bacterial endophyte communities in leaves of Theobroma cacao, sample Tree46	Bacterial endophyte communities in leaves of Theobroma cacao, sample Tree46	1297858	leaf metagenome	Bac_T46	AMPLICON	METAGENOMIC	PCR	PAIRED	SRS5786596	-	SAMN13519350	PRJNA594470	Illumina MiSeq	Illumina MiSeq	ILLUMINA	78037	30830449	78037	46819308	Bac_T46_R1.fastq.gz	SRR10614118.sralite	11908491	2020-06-24 01:50:51	f902ddf5f710638007f36c06e9e18353	1	SRA Lite	Primary ETL	1	s3://sra-pub-zq-8/SRR10614118/SRR10614118.sralite.1	s3.us-east-1	aws identity	https://sra-downloadb.be-md.ncbi.nlm.nih.gov/sos5/sra-pub-zq-14/SRR010/614/SRR10614118.sralite.1	https://sra-downloadb.be-md.ncbi.nlm.nih.gov/sos5/sra-pub-zq-14/SRR010/614/SRR10614118.sralite.1	worldwide	anonymous	gs://sra-pub-zq-108/SRR10614118/SRR10614118.zq.1	gs.us-east1	gcp identity	-	2014	cropland biome	cacao plantation	leaf	Cameroon: Kedia	Theobroma cacao	4.4958 N 11.0781 E	469m	29.13	5m	Kedia	Kedia_rep6	MIGS/MIMS/MIMARKS.plant-associated	-	http://ftp.sra.ebi.ac.uk/vol1/fastq/SRR106/018/SRR10614118/SRR10614118_1.fastq.gz	http://ftp.sra.ebi.ac.uk/vol1/fastq/SRR106/018/SRR10614118/SRR10614118_2.fastq.gz	-	era-fasp@fasp.sra.ebi.ac.uk:vol1/fastq/SRR106/018/SRR10614118/SRR10614118_1.fastq.gz	era-fasp@fasp.sra.ebi.ac.uk:vol1/fastq/SRR106/018/SRR10614118/SRR10614118_2.fastq.gz
SRR10614119	SRP235361	Theobroma cacao leaf metagenome	SRX7293287	Bacterial endophyte communities in leaves of Theobroma cacao, sample Tree45	Bacterial endophyte communities in leaves of Theobroma cacao, sample Tree45	1297858	leaf metagenome	Bac_T45	AMPLICON	METAGENOMIC	PCR	PAIRED	SRS5786595	-	SAMN13519349	PRJNA594470	Illumina MiSeq	Illumina MiSeq	ILLUMINA	176270	69594885	176270	105876737	Bac_T45_R1.fastq.gz	SRR10614119.sralite	26796617	2020-06-20 10:58:15	8fff675fcd5c34fbcc2d655f40f3ec7d	1	SRA Lite	Primary ETL	1	s3://sra-pub-zq-4/SRR10614119/SRR10614119.sralite.1	s3.us-east-1	aws identity	https://sra-downloadb.be-md.ncbi.nlm.nih.gov/sos5/sra-pub-zq-16/SRR010/614/SRR10614119.sralite.1	https://sra-downloadb.be-md.ncbi.nlm.nih.gov/sos5/sra-pub-zq-16/SRR010/614/SRR10614119.sralite.1	worldwide	anonymous	gs://sra-pub-zq-108/SRR10614119/SRR10614119.zq.1	gs.us-east1	gcp identity	-	2014	cropland biome	cacao plantation	leaf	Cameroon: Kedia	Theobroma cacao	4.4958 N 11.0781 E	469m	29.13	6m	Kedia	Kedia_rep5	MIGS/MIMS/MIMARKS.plant-associated	-	http://ftp.sra.ebi.ac.uk/vol1/fastq/SRR106/019/SRR10614119/SRR10614119_1.fastq.gz	http://ftp.sra.ebi.ac.uk/vol1/fastq/SRR106/019/SRR10614119/SRR10614119_2.fastq.gz	-	era-fasp@fasp.sra.ebi.ac.uk:vol1/fastq/SRR106/019/SRR10614119/SRR10614119_1.fastq.gz	era-fasp@fasp.sra.ebi.ac.uk:vol1/fastq/SRR106/019/SRR10614119/SRR10614119_2.fastq.gz
SRR10614120	SRP235361	Theobroma cacao leaf metagenome	SRX7293286	Bacterial endophyte communities in leaves of Theobroma cacao, sample Tree44	Bacterial endophyte communities in leaves of Theobroma cacao, sample Tree44	1297858	leaf metagenome	Bac_T44	AMPLICON	METAGENOMIC	PCR	PAIRED	SRS5786594	-	SAMN13519348	PRJNA594470	Illumina MiSeq	Illumina MiSeq	ILLUMINA	42563	16879517	42563	25512055	Bac_T44_R1.fastq.gz	SRR10614120.sralite	6536404	2020-06-20 10:57:59	ccd8ac4d6e6247e4d947dc0ebb23b923	1	SRA Lite	Primary ETL	1	s3://sra-pub-zq-4/SRR10614120/SRR10614120.sralite.1	s3.us-east-1	aws identity	https://sra-downloadb.be-md.ncbi.nlm.nih.gov/sos9/sra-pub-zq-922/SRR010/614/SRR10614120.sralite.1	https://sra-downloadb.be-md.ncbi.nlm.nih.gov/sos9/sra-pub-zq-922/SRR010/614/SRR10614120.sralite.1	worldwide	anonymous	gs://sra-pub-zq-108/SRR10614120/SRR10614120.zq.1	gs.us-east1	gcp identity	-	2014	cropland biome	cacao plantation	leaf	Cameroon: Kedia	Theobroma cacao	4.5048 N 11.0793 E	280m	28.12	7.8m	Kedia	Kedia_rep4	MIGS/MIMS/MIMARKS.plant-associated	-	http://ftp.sra.ebi.ac.uk/vol1/fastq/SRR106/020/SRR10614120/SRR10614120_1.fastq.gz	http://ftp.sra.ebi.ac.uk/vol1/fastq/SRR106/020/SRR10614120/SRR10614120_2.fastq.gz	-	era-fasp@fasp.sra.ebi.ac.uk:vol1/fastq/SRR106/020/SRR10614120/SRR10614120_1.fastq.gz	era-fasp@fasp.sra.ebi.ac.uk:vol1/fastq/SRR106/020/SRR10614120/SRR10614120_2.fastq.gz
SRR10614121	SRP235361	Theobroma cacao leaf metagenome	SRX7293285	Bacterial endophyte communities in leaves of Theobroma cacao, sample Tree43	Bacterial endophyte communities in leaves of Theobroma cacao, sample Tree43	1297858	leaf metagenome	Bac_T43	AMPLICON	METAGENOMIC	PCR	PAIRED	SRS5786593	-	SAMN13519347	PRJNA594470	Illumina MiSeq	Illumina MiSeq	ILLUMINA	94321	37285038	94321	56596453	Bac_T43_R1.fastq.gz	SRR10614121.sralite	14390120	2020-06-20 10:58:00	59d4a5bdafdc2cadb2eba8e5fc0a7e4c	1	SRA Lite	Primary ETL	1	s3://sra-pub-zq-4/SRR10614121/SRR10614121.sralite.1	s3.us-east-1	aws identity	https://sra-downloadb.be-md.ncbi.nlm.nih.gov/sos9/sra-pub-zq-922/SRR010/614/SRR10614121.sralite.1	https://sra-downloadb.be-md.ncbi.nlm.nih.gov/sos9/sra-pub-zq-922/SRR010/614/SRR10614121.sralite.1	worldwide	anonymous	gs://sra-pub-zq-108/SRR10614121/SRR10614121.zq.1	gs.us-east1	gcp identity	-	2014	cropland biome	cacao plantation	leaf	Cameroon: Kedia	Theobroma cacao	4.5048 N 11.0793 E	280m	28.12	6.9m	Kedia	Kedia_rep3	MIGS/MIMS/MIMARKS.plant-associated	-	http://ftp.sra.ebi.ac.uk/vol1/fastq/SRR106/021/SRR10614121/SRR10614121_1.fastq.gz	http://ftp.sra.ebi.ac.uk/vol1/fastq/SRR106/021/SRR10614121/SRR10614121_2.fastq.gz	-	era-fasp@fasp.sra.ebi.ac.uk:vol1/fastq/SRR106/021/SRR10614121/SRR10614121_1.fastq.gz	era-fasp@fasp.sra.ebi.ac.uk:vol1/fastq/SRR106/021/SRR10614121/SRR10614121_2.fastq.gz
SRR10614122	SRP235361	Theobroma cacao leaf metagenome	SRX7293284	Bacterial endophyte communities in leaves of Theobroma cacao, sample Tree42	Bacterial endophyte communities in leaves of Theobroma cacao, sample Tree42	1297858	leaf metagenome	Bac_T42	AMPLICON	METAGENOMIC	PCR	PAIRED	SRS5786592	-	SAMN13519346	PRJNA594470	Illumina MiSeq	Illumina MiSeq	ILLUMINA	62675	25094400	62675	37617725	Bac_T42_R1.fastq.gz	SRR10614122.sralite	9595620	2020-06-20 10:58:11	80f5c6bb7785458b41edf4bac3f41e3a	1	SRA Lite	Primary ETL	1	s3://sra-pub-zq-7/SRR10614122/SRR10614122.sralite.1	s3.us-east-1	aws identity	https://sra-downloadb.be-md.ncbi.nlm.nih.gov/sos9/sra-pub-zq-922/SRR010/614/SRR10614122.sralite.1	https://sra-downloadb.be-md.ncbi.nlm.nih.gov/sos9/sra-pub-zq-922/SRR010/614/SRR10614122.sralite.1	worldwide	anonymous	gs://sra-pub-zq-108/SRR10614122/SRR10614122.zq.1	gs.us-east1	gcp identity	-	2014	cropland biome	cacao plantation	leaf	Cameroon: Kedia	Theobroma cacao	4.5681 N 11.1674 E	417m	28.12	8.5m	Kedia	Kedia_rep2	MIGS/MIMS/MIMARKS.plant-associated	-	http://ftp.sra.ebi.ac.uk/vol1/fastq/SRR106/022/SRR10614122/SRR10614122_1.fastq.gz	http://ftp.sra.ebi.ac.uk/vol1/fastq/SRR106/022/SRR10614122/SRR10614122_2.fastq.gz	-	era-fasp@fasp.sra.ebi.ac.uk:vol1/fastq/SRR106/022/SRR10614122/SRR10614122_1.fastq.gz	era-fasp@fasp.sra.ebi.ac.uk:vol1/fastq/SRR106/022/SRR10614122/SRR10614122_2.fastq.gz
SRR10614123	SRP235361	Theobroma cacao leaf metagenome	SRX7293283	Bacterial endophyte communities in leaves of Theobroma cacao, sample Tree41	Bacterial endophyte communities in leaves of Theobroma cacao, sample Tree41	1297858	leaf metagenome	Bac_T41	AMPLICON	METAGENOMIC	PCR	PAIRED	SRS5786591	-	SAMN13519345	PRJNA594470	Illumina MiSeq	Illumina MiSeq	ILLUMINA	49801	19805753	49801	29878696	Bac_T41_R1.fastq.gz	SRR10614123.sralite	7639590	2020-06-20 10:58:07	d0b0b07c3c021a6fc612c896f2c357b2	1	SRA Lite	Primary ETL	1	s3://sra-pub-zq-4/SRR10614123/SRR10614123.sralite.1	s3.us-east-1	aws identity	https://sra-downloadb.be-md.ncbi.nlm.nih.gov/sos9/sra-pub-zq-922/SRR010/614/SRR10614123.sralite.1	https://sra-downloadb.be-md.ncbi.nlm.nih.gov/sos9/sra-pub-zq-922/SRR010/614/SRR10614123.sralite.1	worldwide	anonymous	gs://sra-pub-zq-108/SRR10614123/SRR10614123.zq.1	gs.us-east1	gcp identity	-	2014	cropland biome	cacao plantation	leaf	Cameroon: Kedia	Theobroma cacao	4.5681 N 11.1674 E	417m	28.12	7.9m	Kedia	Kedia_rep1	MIGS/MIMS/MIMARKS.plant-associated	-	http://ftp.sra.ebi.ac.uk/vol1/fastq/SRR106/023/SRR10614123/SRR10614123_1.fastq.gz	http://ftp.sra.ebi.ac.uk/vol1/fastq/SRR106/023/SRR10614123/SRR10614123_2.fastq.gz	-	era-fasp@fasp.sra.ebi.ac.uk:vol1/fastq/SRR106/023/SRR10614123/SRR10614123_1.fastq.gz	era-fasp@fasp.sra.ebi.ac.uk:vol1/fastq/SRR106/023/SRR10614123/SRR10614123_2.fastq.gz
SRR10614124	SRP235361	Theobroma cacao leaf metagenome	SRX7293282	Bacterial endophyte communities in leaves of Theobroma cacao, sample Tree05	Bacterial endophyte communities in leaves of Theobroma cacao, sample Tree05	1297858	leaf metagenome	Bac_T5	AMPLICON	METAGENOMIC	PCR	PAIRED	SRS5786642	-	SAMN13519309	PRJNA594470	Illumina MiSeq	Illumina MiSeq	ILLUMINA	97477	39212004	97477	58400066	Bac_T5_R1.fastq.gz	SRR10614124.sralite	14859429	2020-06-19 19:48:26	fdfbfd3d2da812e81d1a402daab0ded9	1	SRA Lite	Primary ETL	1	s3://sra-pub-zq-9/SRR10614124/SRR10614124.sralite.1	s3.us-east-1	aws identity	https://sra-downloadb.be-md.ncbi.nlm.nih.gov/sos9/sra-pub-zq-922/SRR010/614/SRR10614124.sralite.1	https://sra-downloadb.be-md.ncbi.nlm.nih.gov/sos9/sra-pub-zq-922/SRR010/614/SRR10614124.sralite.1	worldwide	anonymous	gs://sra-pub-zq-108/SRR10614124/SRR10614124.zq.1	gs.us-east1	gcp identity	-	2014	cropland biome	cacao plantation	leaf	Cameroon: Boumnyebel	Theobroma cacao	3.9468 N 11.0018 E	370m	25.18	5.5m	Pan-Makak	Boumnyebel_rep5	MIGS/MIMS/MIMARKS.plant-associated	-	http://ftp.sra.ebi.ac.uk/vol1/fastq/SRR106/024/SRR10614124/SRR10614124_1.fastq.gz	http://ftp.sra.ebi.ac.uk/vol1/fastq/SRR106/024/SRR10614124/SRR10614124_2.fastq.gz	-	era-fasp@fasp.sra.ebi.ac.uk:vol1/fastq/SRR106/024/SRR10614124/SRR10614124_1.fastq.gz	era-fasp@fasp.sra.ebi.ac.uk:vol1/fastq/SRR106/024/SRR10614124/SRR10614124_2.fastq.gz
SRR10614125	SRP235361	Theobroma cacao leaf metagenome	SRX7293281	Bacterial endophyte communities in leaves of Theobroma cacao, sample Tree40	Bacterial endophyte communities in leaves of Theobroma cacao, sample Tree40	1297858	leaf metagenome	Bac_T40	AMPLICON	METAGENOMIC	PCR	PAIRED	SRS5786590	-	SAMN13519344	PRJNA594470	Illumina MiSeq	Illumina MiSeq	ILLUMINA	81432	32275546	81432	48858306	Bac_T40_R1.fastq.gz	SRR10614125.sralite	12438606	2020-06-19 19:48:20	f5b678c228ebcb02825221d9ce905198	1	SRA Lite	Primary ETL	1	s3://sra-pub-zq-9/SRR10614125/SRR10614125.sralite.1	s3.us-east-1	aws identity	https://sra-downloadb.be-md.ncbi.nlm.nih.gov/sos5/sra-pub-zq-16/SRR010/614/SRR10614125.sralite.1	https://sra-downloadb.be-md.ncbi.nlm.nih.gov/sos5/sra-pub-zq-16/SRR010/614/SRR10614125.sralite.1	worldwide	anonymous	gs://sra-pub-zq-108/SRR10614125/SRR10614125.zq.1	gs.us-east1	gcp identity	-	2014	cropland biome	cacao plantation	leaf	Cameroon: Bakoa	Theobroma cacao	4.5703 N 11.1661 E	288m	25.53	8.5m	Bakoa	Bakoa_rep8	MIGS/MIMS/MIMARKS.plant-associated	-	http://ftp.sra.ebi.ac.uk/vol1/fastq/SRR106/025/SRR10614125/SRR10614125_1.fastq.gz	http://ftp.sra.ebi.ac.uk/vol1/fastq/SRR106/025/SRR10614125/SRR10614125_2.fastq.gz	-	era-fasp@fasp.sra.ebi.ac.uk:vol1/fastq/SRR106/025/SRR10614125/SRR10614125_1.fastq.gz	era-fasp@fasp.sra.ebi.ac.uk:vol1/fastq/SRR106/025/SRR10614125/SRR10614125_2.fastq.gz
SRR10614126	SRP235361	Theobroma cacao leaf metagenome	SRX7293280	Bacterial endophyte communities in leaves of Theobroma cacao, sample Tree39	Bacterial endophyte communities in leaves of Theobroma cacao, sample Tree39	1297858	leaf metagenome	Bac_T39	AMPLICON	METAGENOMIC	PCR	PAIRED	SRS5786589	-	SAMN13519343	PRJNA594470	Illumina MiSeq	Illumina MiSeq	ILLUMINA	122524	49866490	122524	73571995	Bac_T39_R1.fastq.gz	SRR10614126.sralite	18681921	2020-06-19 19:48:22	9bc58edef96470f97b7bfbf5694b16b4	1	SRA Lite	Primary ETL	1	s3://sra-pub-zq-7/SRR10614126/SRR10614126.sralite.1	s3.us-east-1	aws identity	https://sra-downloadb.be-md.ncbi.nlm.nih.gov/sos9/sra-pub-zq-922/SRR010/614/SRR10614126.sralite.1	https://sra-downloadb.be-md.ncbi.nlm.nih.gov/sos9/sra-pub-zq-922/SRR010/614/SRR10614126.sralite.1	worldwide	anonymous	gs://sra-pub-zq-108/SRR10614126/SRR10614126.zq.1	gs.us-east1	gcp identity	-	2014	cropland biome	cacao plantation	leaf	Cameroon: Bakoa	Theobroma cacao	4.5703 N 11.1661 E	288m	25.53	7.9m	Bakoa	Bakoa_rep7	MIGS/MIMS/MIMARKS.plant-associated	-	http://ftp.sra.ebi.ac.uk/vol1/fastq/SRR106/026/SRR10614126/SRR10614126_1.fastq.gz	http://ftp.sra.ebi.ac.uk/vol1/fastq/SRR106/026/SRR10614126/SRR10614126_2.fastq.gz	-	era-fasp@fasp.sra.ebi.ac.uk:vol1/fastq/SRR106/026/SRR10614126/SRR10614126_1.fastq.gz	era-fasp@fasp.sra.ebi.ac.uk:vol1/fastq/SRR106/026/SRR10614126/SRR10614126_2.fastq.gz
SRR10614127	SRP235361	Theobroma cacao leaf metagenome	SRX7293279	Bacterial endophyte communities in leaves of Theobroma cacao, sample Tree38	Bacterial endophyte communities in leaves of Theobroma cacao, sample Tree38	1297858	leaf metagenome	Bac_T38	AMPLICON	METAGENOMIC	PCR	PAIRED	SRS5786588	-	SAMN13519342	PRJNA594470	Illumina MiSeq	Illumina MiSeq	ILLUMINA	152580	62315161	152580	91624257	Bac_T38_R1.fastq.gz	SRR10614127.sralite	23225483	2020-06-19 19:48:33	cbac91ed221bda3a46346dc233a914d7	1	SRA Lite	Primary ETL	1	s3://sra-pub-zq-7/SRR10614127/SRR10614127.sralite.1	s3.us-east-1	aws identity	https://sra-downloadb.be-md.ncbi.nlm.nih.gov/sos5/sra-pub-zq-16/SRR010/614/SRR10614127.sralite.1	https://sra-downloadb.be-md.ncbi.nlm.nih.gov/sos5/sra-pub-zq-16/SRR010/614/SRR10614127.sralite.1	worldwide	anonymous	gs://sra-pub-zq-108/SRR10614127/SRR10614127.zq.1	gs.us-east1	gcp identity	-	2014	cropland biome	cacao plantation	leaf	Cameroon: Bakoa	Theobroma cacao	4.5703 N 11.1661 E	283m	27.3	11m	Bakoa	Bakoa_rep6	MIGS/MIMS/MIMARKS.plant-associated	-	http://ftp.sra.ebi.ac.uk/vol1/fastq/SRR106/027/SRR10614127/SRR10614127_1.fastq.gz	http://ftp.sra.ebi.ac.uk/vol1/fastq/SRR106/027/SRR10614127/SRR10614127_2.fastq.gz	-	era-fasp@fasp.sra.ebi.ac.uk:vol1/fastq/SRR106/027/SRR10614127/SRR10614127_1.fastq.gz	era-fasp@fasp.sra.ebi.ac.uk:vol1/fastq/SRR106/027/SRR10614127/SRR10614127_2.fastq.gz
SRR10614128	SRP235361	Theobroma cacao leaf metagenome	SRX7293278	Bacterial endophyte communities in leaves of Theobroma cacao, sample Tree37	Bacterial endophyte communities in leaves of Theobroma cacao, sample Tree37	1297858	leaf metagenome	Bac_T37	AMPLICON	METAGENOMIC	PCR	PAIRED	SRS5786587	-	SAMN13519341	PRJNA594470	Illumina MiSeq	Illumina MiSeq	ILLUMINA	26668	10656106	26668	15999935	Bac_T37_R1.fastq.gz	SRR10614128.sralite	4127827	2020-06-19 19:48:29	5643e97b08a81848d410aec1979a504f	1	SRA Lite	Primary ETL	1	s3://sra-pub-zq-7/SRR10614128/SRR10614128.sralite.1	s3.us-east-1	aws identity	https://sra-downloadb.be-md.ncbi.nlm.nih.gov/sos5/sra-pub-zq-16/SRR010/614/SRR10614128.sralite.1	https://sra-downloadb.be-md.ncbi.nlm.nih.gov/sos5/sra-pub-zq-16/SRR010/614/SRR10614128.sralite.1	worldwide	anonymous	gs://sra-pub-zq-108/SRR10614128/SRR10614128.zq.1	gs.us-east1	gcp identity	-	2014	cropland biome	cacao plantation	leaf	Cameroon: Bakoa	Theobroma cacao	4.5703 N 11.1661 E	283m	27.3	10.5m	Bakoa	Bakoa_rep5	MIGS/MIMS/MIMARKS.plant-associated	-	http://ftp.sra.ebi.ac.uk/vol1/fastq/SRR106/028/SRR10614128/SRR10614128_1.fastq.gz	http://ftp.sra.ebi.ac.uk/vol1/fastq/SRR106/028/SRR10614128/SRR10614128_2.fastq.gz	-	era-fasp@fasp.sra.ebi.ac.uk:vol1/fastq/SRR106/028/SRR10614128/SRR10614128_1.fastq.gz	era-fasp@fasp.sra.ebi.ac.uk:vol1/fastq/SRR106/028/SRR10614128/SRR10614128_2.fastq.gz
SRR10614129	SRP235361	Theobroma cacao leaf metagenome	SRX7293277	Bacterial endophyte communities in leaves of Theobroma cacao, sample Tree36	Bacterial endophyte communities in leaves of Theobroma cacao, sample Tree36	1297858	leaf metagenome	Bac_T36	AMPLICON	METAGENOMIC	PCR	PAIRED	SRS5786641	-	SAMN13519340	PRJNA594470	Illumina MiSeq	Illumina MiSeq	ILLUMINA	76009	30451159	76009	45541170	Bac_T36_R1.fastq.gz	SRR10614129.sralite	11607174	2020-06-19 19:48:34	027e4789fea260b20f12ec819cc6e06e	1	SRA Lite	Primary ETL	1	s3://sra-pub-zq-7/SRR10614129/SRR10614129.sralite.1	s3.us-east-1	aws identity	https://sra-downloadb.be-md.ncbi.nlm.nih.gov/sos5/sra-pub-zq-16/SRR010/614/SRR10614129.sralite.1	https://sra-downloadb.be-md.ncbi.nlm.nih.gov/sos5/sra-pub-zq-16/SRR010/614/SRR10614129.sralite.1	worldwide	anonymous	gs://sra-pub-zq-108/SRR10614129/SRR10614129.zq.1	gs.us-east1	gcp identity	-	2014	cropland biome	cacao plantation	leaf	Cameroon: Bakoa	Theobroma cacao	4.5739 N 11.1798 E	683m	24.87	8.3m	Bakoa	Bakoa_rep4	MIGS/MIMS/MIMARKS.plant-associated	-	http://ftp.sra.ebi.ac.uk/vol1/fastq/SRR106/029/SRR10614129/SRR10614129_1.fastq.gz	http://ftp.sra.ebi.ac.uk/vol1/fastq/SRR106/029/SRR10614129/SRR10614129_2.fastq.gz	-	era-fasp@fasp.sra.ebi.ac.uk:vol1/fastq/SRR106/029/SRR10614129/SRR10614129_1.fastq.gz	era-fasp@fasp.sra.ebi.ac.uk:vol1/fastq/SRR106/029/SRR10614129/SRR10614129_2.fastq.gz
SRR10614130	SRP235361	Theobroma cacao leaf metagenome	SRX7293276	Bacterial endophyte communities in leaves of Theobroma cacao, sample Tree35	Bacterial endophyte communities in leaves of Theobroma cacao, sample Tree35	1297858	leaf metagenome	Bac_T35	AMPLICON	METAGENOMIC	PCR	PAIRED	SRS5786640	-	SAMN13519339	PRJNA594470	Illumina MiSeq	Illumina MiSeq	ILLUMINA	150678	60561985	150678	90462579	Bac_T35_R1.fastq.gz	SRR10614130.sralite	22954518	2020-06-19 19:48:49	4e4187417f45b224fe6931b8843a4773	1	SRA Lite	Primary ETL	1	s3://sra-pub-zq-9/SRR10614130/SRR10614130.sralite.1	s3.us-east-1	aws identity	https://sra-downloadb.be-md.ncbi.nlm.nih.gov/sos5/sra-pub-zq-16/SRR010/614/SRR10614130.sralite.1	https://sra-downloadb.be-md.ncbi.nlm.nih.gov/sos5/sra-pub-zq-16/SRR010/614/SRR10614130.sralite.1	worldwide	anonymous	gs://sra-pub-zq-108/SRR10614130/SRR10614130.zq.1	gs.us-east1	gcp identity	-	2014	cropland biome	cacao plantation	leaf	Cameroon: Bakoa	Theobroma cacao	4.5739 N 11.1798 E	683m	24.87	7.8m	Bakoa	Bakoa_rep3	MIGS/MIMS/MIMARKS.plant-associated	-	http://ftp.sra.ebi.ac.uk/vol1/fastq/SRR106/030/SRR10614130/SRR10614130_1.fastq.gz	http://ftp.sra.ebi.ac.uk/vol1/fastq/SRR106/030/SRR10614130/SRR10614130_2.fastq.gz	-	era-fasp@fasp.sra.ebi.ac.uk:vol1/fastq/SRR106/030/SRR10614130/SRR10614130_1.fastq.gz	era-fasp@fasp.sra.ebi.ac.uk:vol1/fastq/SRR106/030/SRR10614130/SRR10614130_2.fastq.gz
SRR10614131	SRP235361	Theobroma cacao leaf metagenome	SRX7293275	Bacterial endophyte communities in leaves of Theobroma cacao, sample Tree34	Bacterial endophyte communities in leaves of Theobroma cacao, sample Tree34	1297858	leaf metagenome	Bac_T34	AMPLICON	METAGENOMIC	PCR	PAIRED	SRS5786639	-	SAMN13519338	PRJNA594470	Illumina MiSeq	Illumina MiSeq	ILLUMINA	172808	69476354	172808	103790051	Bac_T34_R1.fastq.gz	SRR10614131.sralite	26337142	2020-06-21 13:29:52	9de675cb5df23a54c2d0cb35ba2e6856	1	SRA Lite	Primary ETL	1	s3://sra-pub-zq-9/SRR10614131/SRR10614131.sralite.1	s3.us-east-1	aws identity	https://sra-downloadb.be-md.ncbi.nlm.nih.gov/sos5/sra-pub-zq-16/SRR010/614/SRR10614131.sralite.1	https://sra-downloadb.be-md.ncbi.nlm.nih.gov/sos5/sra-pub-zq-16/SRR010/614/SRR10614131.sralite.1	worldwide	anonymous	gs://sra-pub-zq-108/SRR10614131/SRR10614131.zq.1	gs.us-east1	gcp identity	-	2014	cropland biome	cacao plantation	leaf	Cameroon: Bakoa	Theobroma cacao	4.5768 N 11.1798 E	689m	26.92	10m	Bakoa	Bakoa_rep2	MIGS/MIMS/MIMARKS.plant-associated	-	http://ftp.sra.ebi.ac.uk/vol1/fastq/SRR106/031/SRR10614131/SRR10614131_1.fastq.gz	http://ftp.sra.ebi.ac.uk/vol1/fastq/SRR106/031/SRR10614131/SRR10614131_2.fastq.gz	-	era-fasp@fasp.sra.ebi.ac.uk:vol1/fastq/SRR106/031/SRR10614131/SRR10614131_1.fastq.gz	era-fasp@fasp.sra.ebi.ac.uk:vol1/fastq/SRR106/031/SRR10614131/SRR10614131_2.fastq.gz
SRR10614132	SRP235361	Theobroma cacao leaf metagenome	SRX7293274	Bacterial endophyte communities in leaves of Theobroma cacao, sample Tree33	Bacterial endophyte communities in leaves of Theobroma cacao, sample Tree33	1297858	leaf metagenome	Bac_T33	AMPLICON	METAGENOMIC	PCR	PAIRED	SRS5786638	-	SAMN13519337	PRJNA594470	Illumina MiSeq	Illumina MiSeq	ILLUMINA	192038	77664295	192038	115319737	Bac_T33_R1.fastq.gz	SRR10614132.sralite	29261653	2020-06-21 13:30:01	d05a099520d54bc7de34849a9a8d8005	1	SRA Lite	Primary ETL	1	s3://sra-pub-zq-8/SRR10614132/SRR10614132.sralite.1	s3.us-east-1	aws identity	https://sra-downloadb.be-md.ncbi.nlm.nih.gov/sos5/sra-pub-zq-16/SRR010/614/SRR10614132.sralite.1	https://sra-downloadb.be-md.ncbi.nlm.nih.gov/sos5/sra-pub-zq-16/SRR010/614/SRR10614132.sralite.1	worldwide	anonymous	gs://sra-pub-zq-108/SRR10614132/SRR10614132.zq.1	gs.us-east1	gcp identity	-	2014	cropland biome	cacao plantation	leaf	Cameroon: Bakoa	Theobroma cacao	4.5768 N 11.1798 E	689m	26.92	10.4m	Bakoa	Bakoa_rep1	MIGS/MIMS/MIMARKS.plant-associated	-	http://ftp.sra.ebi.ac.uk/vol1/fastq/SRR106/032/SRR10614132/SRR10614132_1.fastq.gz	http://ftp.sra.ebi.ac.uk/vol1/fastq/SRR106/032/SRR10614132/SRR10614132_2.fastq.gz	-	era-fasp@fasp.sra.ebi.ac.uk:vol1/fastq/SRR106/032/SRR10614132/SRR10614132_1.fastq.gz	era-fasp@fasp.sra.ebi.ac.uk:vol1/fastq/SRR106/032/SRR10614132/SRR10614132_2.fastq.gz
SRR10614133	SRP235361	Theobroma cacao leaf metagenome	SRX7293273	Bacterial endophyte communities in leaves of Theobroma cacao, sample Tree32	Bacterial endophyte communities in leaves of Theobroma cacao, sample Tree32	1297858	leaf metagenome	Bac_T32	AMPLICON	METAGENOMIC	PCR	PAIRED	SRS5786637	-	SAMN13519336	PRJNA594470	Illumina MiSeq	Illumina MiSeq	ILLUMINA	58985	23766160	58985	35408987	Bac_T32_R1.fastq.gz	SRR10614133.sralite	9034856	2020-06-21 13:29:36	e22701ffb80079585c04e54526827953	1	SRA Lite	Primary ETL	1	s3://sra-pub-zq-6/SRR10614133/SRR10614133.sralite.1	s3.us-east-1	aws identity	https://sra-downloadb.be-md.ncbi.nlm.nih.gov/sos5/sra-pub-zq-16/SRR010/614/SRR10614133.sralite.1	https://sra-downloadb.be-md.ncbi.nlm.nih.gov/sos5/sra-pub-zq-16/SRR010/614/SRR10614133.sralite.1	worldwide	anonymous	gs://sra-pub-zq-108/SRR10614133/SRR10614133.zq.1	gs.us-east1	gcp identity	-	2014	cropland biome	cacao plantation	leaf	Cameroon: Talba	Theobroma cacao	4.6189 N 11.4977 E	143m	28.51	6m	Talba	Talba_rep16	MIGS/MIMS/MIMARKS.plant-associated	-	http://ftp.sra.ebi.ac.uk/vol1/fastq/SRR106/033/SRR10614133/SRR10614133_1.fastq.gz	http://ftp.sra.ebi.ac.uk/vol1/fastq/SRR106/033/SRR10614133/SRR10614133_2.fastq.gz	-	era-fasp@fasp.sra.ebi.ac.uk:vol1/fastq/SRR106/033/SRR10614133/SRR10614133_1.fastq.gz	era-fasp@fasp.sra.ebi.ac.uk:vol1/fastq/SRR106/033/SRR10614133/SRR10614133_2.fastq.gz
SRR10614134	SRP235361	Theobroma cacao leaf metagenome	SRX7293272	Bacterial endophyte communities in leaves of Theobroma cacao, sample Tree31	Bacterial endophyte communities in leaves of Theobroma cacao, sample Tree31	1297858	leaf metagenome	Bac_T31	AMPLICON	METAGENOMIC	PCR	PAIRED	SRS5786636	-	SAMN13519335	PRJNA594470	Illumina MiSeq	Illumina MiSeq	ILLUMINA	203439	81676333	203439	122182573	Bac_T31_R1.fastq.gz	SRR10614134.sralite	30976888	2020-06-21 13:29:42	f8d48684ef3ebb5eacebdca3a39aa72f	1	SRA Lite	Primary ETL	1	s3://sra-pub-zq-7/SRR10614134/SRR10614134.sralite.1	s3.us-east-1	aws identity	https://sra-downloadb.be-md.ncbi.nlm.nih.gov/sos5/sra-pub-zq-16/SRR010/614/SRR10614134.sralite.1	https://sra-downloadb.be-md.ncbi.nlm.nih.gov/sos5/sra-pub-zq-16/SRR010/614/SRR10614134.sralite.1	worldwide	anonymous	gs://sra-pub-zq-108/SRR10614134/SRR10614134.zq.1	gs.us-east1	gcp identity	-	2014	cropland biome	cacao plantation	leaf	Cameroon: Talba	Theobroma cacao	4.6189 N 11.4977 E	143m	28.51	6.9m	Talba	Talba_rep15	MIGS/MIMS/MIMARKS.plant-associated	-	http://ftp.sra.ebi.ac.uk/vol1/fastq/SRR106/034/SRR10614134/SRR10614134_1.fastq.gz	http://ftp.sra.ebi.ac.uk/vol1/fastq/SRR106/034/SRR10614134/SRR10614134_2.fastq.gz	-	era-fasp@fasp.sra.ebi.ac.uk:vol1/fastq/SRR106/034/SRR10614134/SRR10614134_1.fastq.gz	era-fasp@fasp.sra.ebi.ac.uk:vol1/fastq/SRR106/034/SRR10614134/SRR10614134_2.fastq.gz
SRR10614135	SRP235361	Theobroma cacao leaf metagenome	SRX7293271	Bacterial endophyte communities in leaves of Theobroma cacao, sample Tree04	Bacterial endophyte communities in leaves of Theobroma cacao, sample Tree04	1297858	leaf metagenome	Bac_T4	AMPLICON	METAGENOMIC	PCR	PAIRED	SRS5786635	-	SAMN13519308	PRJNA594470	Illumina MiSeq	Illumina MiSeq	ILLUMINA	113128	44784766	113128	67837589	Bac_T4_R1.fastq.gz	SRR10614135.sralite	17235652	2020-06-21 13:29:49	3c0076027c2eb073d55cb6bf1ed9875e	1	SRA Lite	Primary ETL	1	s3://sra-pub-zq-9/SRR10614135/SRR10614135.sralite.1	s3.us-east-1	aws identity	https://sra-downloadb.be-md.ncbi.nlm.nih.gov/sos5/sra-pub-zq-16/SRR010/614/SRR10614135.sralite.1	https://sra-downloadb.be-md.ncbi.nlm.nih.gov/sos5/sra-pub-zq-16/SRR010/614/SRR10614135.sralite.1	worldwide	anonymous	gs://sra-pub-zq-108/SRR10614135/SRR10614135.zq.1	gs.us-east1	gcp identity	-	2014	cropland biome	cacao plantation	leaf	Cameroon: Boumnyebel	Theobroma cacao	3.9357 N 10.9946 E	374m	23.19	7m	Pan-Makak	Boumnyebel_rep4	MIGS/MIMS/MIMARKS.plant-associated	-	http://ftp.sra.ebi.ac.uk/vol1/fastq/SRR106/035/SRR10614135/SRR10614135_1.fastq.gz	http://ftp.sra.ebi.ac.uk/vol1/fastq/SRR106/035/SRR10614135/SRR10614135_2.fastq.gz	-	era-fasp@fasp.sra.ebi.ac.uk:vol1/fastq/SRR106/035/SRR10614135/SRR10614135_1.fastq.gz	era-fasp@fasp.sra.ebi.ac.uk:vol1/fastq/SRR106/035/SRR10614135/SRR10614135_2.fastq.gz
SRR10614136	SRP235361	Theobroma cacao leaf metagenome	SRX7293270	Bacterial endophyte communities in leaves of Theobroma cacao, sample Tree30	Bacterial endophyte communities in leaves of Theobroma cacao, sample Tree30	1297858	leaf metagenome	Bac_T30	AMPLICON	METAGENOMIC	PCR	PAIRED	SRS5786634	-	SAMN13519334	PRJNA594470	Illumina MiSeq	Illumina MiSeq	ILLUMINA	40763	16407457	40763	24311697	Bac_T30_R1.fastq.gz	SRR10614136.sralite	6236938	2020-06-21 13:29:26	b7d3796219a1f1a8e45593dfd662f7e5	1	SRA Lite	Primary ETL	1	s3://sra-pub-zq-7/SRR10614136/SRR10614136.sralite.1	s3.us-east-1	aws identity	https://sra-downloadb.be-md.ncbi.nlm.nih.gov/sos5/sra-pub-zq-16/SRR010/614/SRR10614136.sralite.1	https://sra-downloadb.be-md.ncbi.nlm.nih.gov/sos5/sra-pub-zq-16/SRR010/614/SRR10614136.sralite.1	worldwide	anonymous	gs://sra-pub-zq-108/SRR10614136/SRR10614136.zq.1	gs.us-east1	gcp identity	-	2014	cropland biome	cacao plantation	leaf	Cameroon: Talba	Theobroma cacao	4.6189 N 11.4977 E	143m	28.51	7.8m	Talba	Talba_rep14	MIGS/MIMS/MIMARKS.plant-associated	-	http://ftp.sra.ebi.ac.uk/vol1/fastq/SRR106/036/SRR10614136/SRR10614136_1.fastq.gz	http://ftp.sra.ebi.ac.uk/vol1/fastq/SRR106/036/SRR10614136/SRR10614136_2.fastq.gz	-	era-fasp@fasp.sra.ebi.ac.uk:vol1/fastq/SRR106/036/SRR10614136/SRR10614136_1.fastq.gz	era-fasp@fasp.sra.ebi.ac.uk:vol1/fastq/SRR106/036/SRR10614136/SRR10614136_2.fastq.gz
SRR10614137	SRP235361	Theobroma cacao leaf metagenome	SRX7293269	Bacterial endophyte communities in leaves of Theobroma cacao, sample Tree29	Bacterial endophyte communities in leaves of Theobroma cacao, sample Tree29	1297858	leaf metagenome	Bac_T29	AMPLICON	METAGENOMIC	PCR	PAIRED	SRS5786633	-	SAMN13519333	PRJNA594470	Illumina MiSeq	Illumina MiSeq	ILLUMINA	142790	57499338	142790	85754169	Bac_T29_R1.fastq.gz	SRR10614137.sralite	21763563	2020-06-22 12:10:37	fc4a7f9aeb22ace08c85696945dea1ca	1	SRA Lite	Primary ETL	1	s3://sra-pub-zq-2/SRR10614137/SRR10614137.sralite.1	s3.us-east-1	aws identity	https://sra-downloadb.be-md.ncbi.nlm.nih.gov/sos5/sra-pub-zq-16/SRR010/614/SRR10614137.sralite.1	https://sra-downloadb.be-md.ncbi.nlm.nih.gov/sos5/sra-pub-zq-16/SRR010/614/SRR10614137.sralite.1	worldwide	anonymous	gs://sra-pub-zq-108/SRR10614137/SRR10614137.zq.1	gs.us-east1	gcp identity	-	2014	cropland biome	cacao plantation	leaf	Cameroon: Talba	Theobroma cacao	4.6189 N 11.4977 E	143m	28.51	7.3m	Talba	Talba_rep13	MIGS/MIMS/MIMARKS.plant-associated	-	http://ftp.sra.ebi.ac.uk/vol1/fastq/SRR106/037/SRR10614137/SRR10614137_1.fastq.gz	http://ftp.sra.ebi.ac.uk/vol1/fastq/SRR106/037/SRR10614137/SRR10614137_2.fastq.gz	-	era-fasp@fasp.sra.ebi.ac.uk:vol1/fastq/SRR106/037/SRR10614137/SRR10614137_1.fastq.gz	era-fasp@fasp.sra.ebi.ac.uk:vol1/fastq/SRR106/037/SRR10614137/SRR10614137_2.fastq.gz
SRR10614138	SRP235361	Theobroma cacao leaf metagenome	SRX7293268	Bacterial endophyte communities in leaves of Theobroma cacao, sample Tree28	Bacterial endophyte communities in leaves of Theobroma cacao, sample Tree28	1297858	leaf metagenome	Bac_T28	AMPLICON	METAGENOMIC	PCR	PAIRED	SRS5786632	-	SAMN13519332	PRJNA594470	Illumina MiSeq	Illumina MiSeq	ILLUMINA	26283	10638155	26283	15769917	Bac_T28_R1.fastq.gz	SRR10614138.sralite	4071601	2020-06-21 13:29:37	132bb3ee6141a6a586b1cd307e1a1c4a	1	SRA Lite	Primary ETL	1	s3://sra-pub-zq-6/SRR10614138/SRR10614138.sralite.1	s3.us-east-1	aws identity	https://sra-downloadb.be-md.ncbi.nlm.nih.gov/sos5/sra-pub-zq-16/SRR010/614/SRR10614138.sralite.1	https://sra-downloadb.be-md.ncbi.nlm.nih.gov/sos5/sra-pub-zq-16/SRR010/614/SRR10614138.sralite.1	worldwide	anonymous	gs://sra-pub-zq-108/SRR10614138/SRR10614138.zq.1	gs.us-east1	gcp identity	-	2014	cropland biome	cacao plantation	leaf	Cameroon: Talba	Theobroma cacao	4.6189 N 11.481 E	138m	27.01	8.9m	Talba	Talba_rep12	MIGS/MIMS/MIMARKS.plant-associated	-	http://ftp.sra.ebi.ac.uk/vol1/fastq/SRR106/038/SRR10614138/SRR10614138_1.fastq.gz	http://ftp.sra.ebi.ac.uk/vol1/fastq/SRR106/038/SRR10614138/SRR10614138_2.fastq.gz	-	era-fasp@fasp.sra.ebi.ac.uk:vol1/fastq/SRR106/038/SRR10614138/SRR10614138_1.fastq.gz	era-fasp@fasp.sra.ebi.ac.uk:vol1/fastq/SRR106/038/SRR10614138/SRR10614138_2.fastq.gz
SRR10614139	SRP235361	Theobroma cacao leaf metagenome	SRX7293267	Bacterial endophyte communities in leaves of Theobroma cacao, sample Tree27	Bacterial endophyte communities in leaves of Theobroma cacao, sample Tree27	1297858	leaf metagenome	Bac_T27	AMPLICON	METAGENOMIC	PCR	PAIRED	SRS5786631	-	SAMN13519331	PRJNA594470	Illumina MiSeq	Illumina MiSeq	ILLUMINA	124230	50187018	124230	74591347	Bac_T27_R1.fastq.gz	SRR10614139.sralite	18947829	2020-06-22 12:10:41	7061e4efdd4fdf4297ccea78d21f6a3d	1	SRA Lite	Primary ETL	1	s3://sra-pub-zq-2/SRR10614139/SRR10614139.sralite.1	s3.us-east-1	aws identity	https://sra-downloadb.be-md.ncbi.nlm.nih.gov/sos5/sra-pub-zq-16/SRR010/614/SRR10614139.sralite.1	https://sra-downloadb.be-md.ncbi.nlm.nih.gov/sos5/sra-pub-zq-16/SRR010/614/SRR10614139.sralite.1	worldwide	anonymous	gs://sra-pub-zq-108/SRR10614139/SRR10614139.zq.1	gs.us-east1	gcp identity	-	2014	cropland biome	cacao plantation	leaf	Cameroon: Talba	Theobroma cacao	4.6189 N 11.481 E	138m	27.01	8.2m	Talba	Talba_rep11	MIGS/MIMS/MIMARKS.plant-associated	-	http://ftp.sra.ebi.ac.uk/vol1/fastq/SRR106/039/SRR10614139/SRR10614139_1.fastq.gz	http://ftp.sra.ebi.ac.uk/vol1/fastq/SRR106/039/SRR10614139/SRR10614139_2.fastq.gz	-	era-fasp@fasp.sra.ebi.ac.uk:vol1/fastq/SRR106/039/SRR10614139/SRR10614139_1.fastq.gz	era-fasp@fasp.sra.ebi.ac.uk:vol1/fastq/SRR106/039/SRR10614139/SRR10614139_2.fastq.gz
SRR10614140	SRP235361	Theobroma cacao leaf metagenome	SRX7293266	Bacterial endophyte communities in leaves of Theobroma cacao, sample Tree26	Bacterial endophyte communities in leaves of Theobroma cacao, sample Tree26	1297858	leaf metagenome	Bac_T26	AMPLICON	METAGENOMIC	PCR	PAIRED	SRS5786630	-	SAMN13519330	PRJNA594470	Illumina MiSeq	Illumina MiSeq	ILLUMINA	153371	61372960	153371	91958028	Bac_T26_R1.fastq.gz	SRR10614140.sralite	23339314	2020-06-22 12:10:28	e8da6a46431f12f8f8dff45bcebf0ab4	1	SRA Lite	Primary ETL	1	s3://sra-pub-zq-3/SRR10614140/SRR10614140.sralite.1	s3.us-east-1	aws identity	https://sra-downloadb.be-md.ncbi.nlm.nih.gov/sos5/sra-pub-zq-14/SRR010/614/SRR10614140.sralite.1	https://sra-downloadb.be-md.ncbi.nlm.nih.gov/sos5/sra-pub-zq-14/SRR010/614/SRR10614140.sralite.1	worldwide	anonymous	gs://sra-pub-zq-108/SRR10614140/SRR10614140.zq.1	gs.us-east1	gcp identity	-	2014	cropland biome	cacao plantation	leaf	Cameroon: Talba	Theobroma cacao	4.6189 N 11.481 E	138m	27.01	9.6m	Talba	Talba_rep10	MIGS/MIMS/MIMARKS.plant-associated	-	http://ftp.sra.ebi.ac.uk/vol1/fastq/SRR106/040/SRR10614140/SRR10614140_1.fastq.gz	http://ftp.sra.ebi.ac.uk/vol1/fastq/SRR106/040/SRR10614140/SRR10614140_2.fastq.gz	-	era-fasp@fasp.sra.ebi.ac.uk:vol1/fastq/SRR106/040/SRR10614140/SRR10614140_1.fastq.gz	era-fasp@fasp.sra.ebi.ac.uk:vol1/fastq/SRR106/040/SRR10614140/SRR10614140_2.fastq.gz
SRR10614141	SRP235361	Theobroma cacao leaf metagenome	SRX7293265	Bacterial endophyte communities in leaves of Theobroma cacao, sample Tree25	Bacterial endophyte communities in leaves of Theobroma cacao, sample Tree25	1297858	leaf metagenome	Bac_T25	AMPLICON	METAGENOMIC	PCR	PAIRED	SRS5786629	-	SAMN13519329	PRJNA594470	Illumina MiSeq	Illumina MiSeq	ILLUMINA	141582	56710285	141582	84888174	Bac_T25_R1.fastq.gz	SRR10614141.sralite	21560301	2020-06-22 12:10:28	125bf6e99c8c4b3eb59ea1b4c142e8a7	1	SRA Lite	Primary ETL	1	s3://sra-pub-zq-3/SRR10614141/SRR10614141.sralite.1	s3.us-east-1	aws identity	https://sra-downloadb.be-md.ncbi.nlm.nih.gov/sos5/sra-pub-zq-14/SRR010/614/SRR10614141.sralite.1	https://sra-downloadb.be-md.ncbi.nlm.nih.gov/sos5/sra-pub-zq-14/SRR010/614/SRR10614141.sralite.1	worldwide	anonymous	gs://sra-pub-zq-108/SRR10614141/SRR10614141.zq.1	gs.us-east1	gcp identity	-	2014	cropland biome	cacao plantation	leaf	Cameroon: Talba	Theobroma cacao	4.6189 N 11.481 E	138m	27.01	10.5m	Talba	Talba_rep9	MIGS/MIMS/MIMARKS.plant-associated	-	http://ftp.sra.ebi.ac.uk/vol1/fastq/SRR106/041/SRR10614141/SRR10614141_1.fastq.gz	http://ftp.sra.ebi.ac.uk/vol1/fastq/SRR106/041/SRR10614141/SRR10614141_2.fastq.gz	-	era-fasp@fasp.sra.ebi.ac.uk:vol1/fastq/SRR106/041/SRR10614141/SRR10614141_1.fastq.gz	era-fasp@fasp.sra.ebi.ac.uk:vol1/fastq/SRR106/041/SRR10614141/SRR10614141_2.fastq.gz
SRR10614142	SRP235361	Theobroma cacao leaf metagenome	SRX7293264	Bacterial endophyte communities in leaves of Theobroma cacao, sample Tree24	Bacterial endophyte communities in leaves of Theobroma cacao, sample Tree24	1297858	leaf metagenome	Bac_T24	AMPLICON	METAGENOMIC	PCR	PAIRED	SRS5786628	-	SAMN13519328	PRJNA594470	Illumina MiSeq	Illumina MiSeq	ILLUMINA	108172	43884812	108172	64880983	Bac_T24_R1.fastq.gz	SRR10614142.sralite	16489973	2020-06-24 01:50:53	74902360f673bd095afb972f0884fcbe	1	SRA Lite	Primary ETL	1	s3://sra-pub-zq-8/SRR10614142/SRR10614142.sralite.1	s3.us-east-1	aws identity	https://sra-downloadb.be-md.ncbi.nlm.nih.gov/sos5/sra-pub-zq-14/SRR010/614/SRR10614142.sralite.1	https://sra-downloadb.be-md.ncbi.nlm.nih.gov/sos5/sra-pub-zq-14/SRR010/614/SRR10614142.sralite.1	worldwide	anonymous	gs://sra-pub-zq-108/SRR10614142/SRR10614142.zq.1	gs.us-east1	gcp identity	-	2014	cropland biome	cacao plantation	leaf	Cameroon: Talba	Theobroma cacao	4.6077 N 11.4511 E	146m	27.03	8.5m	Talba	Talba_rep8	MIGS/MIMS/MIMARKS.plant-associated	-	http://ftp.sra.ebi.ac.uk/vol1/fastq/SRR106/042/SRR10614142/SRR10614142_1.fastq.gz	http://ftp.sra.ebi.ac.uk/vol1/fastq/SRR106/042/SRR10614142/SRR10614142_2.fastq.gz	-	era-fasp@fasp.sra.ebi.ac.uk:vol1/fastq/SRR106/042/SRR10614142/SRR10614142_1.fastq.gz	era-fasp@fasp.sra.ebi.ac.uk:vol1/fastq/SRR106/042/SRR10614142/SRR10614142_2.fastq.gz
SRR10614143	SRP235361	Theobroma cacao leaf metagenome	SRX7293263	Bacterial endophyte communities in leaves of Theobroma cacao, sample Tree23	Bacterial endophyte communities in leaves of Theobroma cacao, sample Tree23	1297858	leaf metagenome	Bac_T23	AMPLICON	METAGENOMIC	PCR	PAIRED	SRS5786627	-	SAMN13519327	PRJNA594470	Illumina MiSeq	Illumina MiSeq	ILLUMINA	91331	36263879	91331	54782542	Bac_T23_R1.fastq.gz	SRR10614143.sralite	13933644	2020-06-24 01:50:56	7940be26f297bfb857c0f2a349802575	1	SRA Lite	Primary ETL	1	s3://sra-pub-zq-8/SRR10614143/SRR10614143.sralite.1	s3.us-east-1	aws identity	https://sra-downloadb.be-md.ncbi.nlm.nih.gov/sos5/sra-pub-zq-14/SRR010/614/SRR10614143.sralite.1	https://sra-downloadb.be-md.ncbi.nlm.nih.gov/sos5/sra-pub-zq-14/SRR010/614/SRR10614143.sralite.1	worldwide	anonymous	gs://sra-pub-zq-108/SRR10614143/SRR10614143.zq.1	gs.us-east1	gcp identity	-	2014	cropland biome	cacao plantation	leaf	Cameroon: Talba	Theobroma cacao	4.6077 N 11.4511 E	146m	27.03	8.5m	Talba	Talba_rep7	MIGS/MIMS/MIMARKS.plant-associated	-	http://ftp.sra.ebi.ac.uk/vol1/fastq/SRR106/043/SRR10614143/SRR10614143_1.fastq.gz	http://ftp.sra.ebi.ac.uk/vol1/fastq/SRR106/043/SRR10614143/SRR10614143_2.fastq.gz	-	era-fasp@fasp.sra.ebi.ac.uk:vol1/fastq/SRR106/043/SRR10614143/SRR10614143_1.fastq.gz	era-fasp@fasp.sra.ebi.ac.uk:vol1/fastq/SRR106/043/SRR10614143/SRR10614143_2.fastq.gz
SRR10614144	SRP235361	Theobroma cacao leaf metagenome	SRX7293262	Bacterial endophyte communities in leaves of Theobroma cacao, sample Tree22	Bacterial endophyte communities in leaves of Theobroma cacao, sample Tree22	1297858	leaf metagenome	Bac_T22	AMPLICON	METAGENOMIC	PCR	PAIRED	SRS5786626	-	SAMN13519326	PRJNA594470	Illumina MiSeq	Illumina MiSeq	ILLUMINA	105891	41893140	105891	63496894	Bac_T22_R1.fastq.gz	SRR10614144.sralite	16135746	2020-06-24 01:50:54	c35cf8de06ac4afa1146364d16b3cef2	1	SRA Lite	Primary ETL	1	s3://sra-pub-zq-8/SRR10614144/SRR10614144.sralite.1	s3.us-east-1	aws identity	https://sra-downloadb.be-md.ncbi.nlm.nih.gov/sos5/sra-pub-zq-14/SRR010/614/SRR10614144.sralite.1	https://sra-downloadb.be-md.ncbi.nlm.nih.gov/sos5/sra-pub-zq-14/SRR010/614/SRR10614144.sralite.1	worldwide	anonymous	gs://sra-pub-zq-108/SRR10614144/SRR10614144.zq.1	gs.us-east1	gcp identity	-	2014	cropland biome	cacao plantation	leaf	Cameroon: Talba	Theobroma cacao	4.6077 N 11.4511 E	146m	27.03	10.3m	Talba	Talba_rep6	MIGS/MIMS/MIMARKS.plant-associated	-	http://ftp.sra.ebi.ac.uk/vol1/fastq/SRR106/044/SRR10614144/SRR10614144_1.fastq.gz	http://ftp.sra.ebi.ac.uk/vol1/fastq/SRR106/044/SRR10614144/SRR10614144_2.fastq.gz	-	era-fasp@fasp.sra.ebi.ac.uk:vol1/fastq/SRR106/044/SRR10614144/SRR10614144_1.fastq.gz	era-fasp@fasp.sra.ebi.ac.uk:vol1/fastq/SRR106/044/SRR10614144/SRR10614144_2.fastq.gz
SRR10614145	SRP235361	Theobroma cacao leaf metagenome	SRX7293261	Bacterial endophyte communities in leaves of Theobroma cacao, sample Tree21	Bacterial endophyte communities in leaves of Theobroma cacao, sample Tree21	1297858	leaf metagenome	Bac_T21	AMPLICON	METAGENOMIC	PCR	PAIRED	SRS5786625	-	SAMN13519325	PRJNA594470	Illumina MiSeq	Illumina MiSeq	ILLUMINA	94915	38143419	94915	56923916	Bac_T21_R1.fastq.gz	SRR10614145.sralite	14480726	2020-06-22 12:10:29	2e9d6e36859133ea0a2c53e775908623	1	SRA Lite	Primary ETL	1	s3://sra-pub-zq-5/SRR10614145/SRR10614145.sralite.1	s3.us-east-1	aws identity	https://sra-downloadb.be-md.ncbi.nlm.nih.gov/sos5/sra-pub-zq-14/SRR010/614/SRR10614145.sralite.1	https://sra-downloadb.be-md.ncbi.nlm.nih.gov/sos5/sra-pub-zq-14/SRR010/614/SRR10614145.sralite.1	worldwide	anonymous	gs://sra-pub-zq-108/SRR10614145/SRR10614145.zq.1	gs.us-east1	gcp identity	-	2014	cropland biome	cacao plantation	leaf	Cameroon: Talba	Theobroma cacao	4.6077 N 11.4511 E	146m	27.03	9.2m	Talba	Talba_rep5	MIGS/MIMS/MIMARKS.plant-associated	-	http://ftp.sra.ebi.ac.uk/vol1/fastq/SRR106/045/SRR10614145/SRR10614145_1.fastq.gz	http://ftp.sra.ebi.ac.uk/vol1/fastq/SRR106/045/SRR10614145/SRR10614145_2.fastq.gz	-	era-fasp@fasp.sra.ebi.ac.uk:vol1/fastq/SRR106/045/SRR10614145/SRR10614145_1.fastq.gz	era-fasp@fasp.sra.ebi.ac.uk:vol1/fastq/SRR106/045/SRR10614145/SRR10614145_2.fastq.gz
SRR10614146	SRP235361	Theobroma cacao leaf metagenome	SRX7293260	Bacterial endophyte communities in leaves of Theobroma cacao, sample Tree03	Bacterial endophyte communities in leaves of Theobroma cacao, sample Tree03	1297858	leaf metagenome	Bac_T3	AMPLICON	METAGENOMIC	PCR	PAIRED	SRS5786624	-	SAMN13519307	PRJNA594470	Illumina MiSeq	Illumina MiSeq	ILLUMINA	59005	23777645	59005	35339298	Bac_T3_R1.fastq.gz	SRR10614146.sralite	9021972	2020-06-24 01:51:06	12b74ae7ac0b24892b06846d8144f55d	1	SRA Lite	Primary ETL	1	s3://sra-pub-zq-8/SRR10614146/SRR10614146.sralite.1	s3.us-east-1	aws identity	https://sra-downloadb.be-md.ncbi.nlm.nih.gov/sos5/sra-pub-zq-14/SRR010/614/SRR10614146.sralite.1	https://sra-downloadb.be-md.ncbi.nlm.nih.gov/sos5/sra-pub-zq-14/SRR010/614/SRR10614146.sralite.1	worldwide	anonymous	gs://sra-pub-zq-108/SRR10614146/SRR10614146.zq.1	gs.us-east1	gcp identity	-	2014	cropland biome	cacao plantation	leaf	Cameroon: Boumnyebel	Theobroma cacao	3.9357 N 10.9946 E	374m	23.19	5.8m	Pan-Makak	Boumnyebel_rep3	MIGS/MIMS/MIMARKS.plant-associated	-	http://ftp.sra.ebi.ac.uk/vol1/fastq/SRR106/046/SRR10614146/SRR10614146_1.fastq.gz	http://ftp.sra.ebi.ac.uk/vol1/fastq/SRR106/046/SRR10614146/SRR10614146_2.fastq.gz	-	era-fasp@fasp.sra.ebi.ac.uk:vol1/fastq/SRR106/046/SRR10614146/SRR10614146_1.fastq.gz	era-fasp@fasp.sra.ebi.ac.uk:vol1/fastq/SRR106/046/SRR10614146/SRR10614146_2.fastq.gz
SRR10614147	SRP235361	Theobroma cacao leaf metagenome	SRX7293259	Bacterial endophyte communities in leaves of Theobroma cacao, sample Tree20	Bacterial endophyte communities in leaves of Theobroma cacao, sample Tree20	1297858	leaf metagenome	Bac_T20	AMPLICON	METAGENOMIC	PCR	PAIRED	SRS5786623	-	SAMN13519324	PRJNA594470	Illumina MiSeq	Illumina MiSeq	ILLUMINA	134924	53297401	134924	80949291	Bac_T20_R1.fastq.gz	SRR10614147.sralite	20546285	2020-06-20 10:58:07	d5d9d228f412a05511aa86576d02900a	1	SRA Lite	Primary ETL	1	s3://sra-pub-zq-7/SRR10614147/SRR10614147.sralite.1	s3.us-east-1	aws identity	https://sra-downloadb.be-md.ncbi.nlm.nih.gov/sos5/sra-pub-zq-16/SRR010/614/SRR10614147.sralite.1	https://sra-downloadb.be-md.ncbi.nlm.nih.gov/sos5/sra-pub-zq-16/SRR010/614/SRR10614147.sralite.1	worldwide	anonymous	gs://sra-pub-zq-108/SRR10614147/SRR10614147.zq.1	gs.us-east1	gcp identity	-	2014	cropland biome	cacao plantation	leaf	Cameroon: Talba	Theobroma cacao	4.6099 N 11.4973 E	145m	27.23	9.9m	Talba	Talba_rep4	MIGS/MIMS/MIMARKS.plant-associated	-	http://ftp.sra.ebi.ac.uk/vol1/fastq/SRR106/047/SRR10614147/SRR10614147_1.fastq.gz	http://ftp.sra.ebi.ac.uk/vol1/fastq/SRR106/047/SRR10614147/SRR10614147_2.fastq.gz	-	era-fasp@fasp.sra.ebi.ac.uk:vol1/fastq/SRR106/047/SRR10614147/SRR10614147_1.fastq.gz	era-fasp@fasp.sra.ebi.ac.uk:vol1/fastq/SRR106/047/SRR10614147/SRR10614147_2.fastq.gz
SRR10614148	SRP235361	Theobroma cacao leaf metagenome	SRX7293258	Bacterial endophyte communities in leaves of Theobroma cacao, sample Tree19	Bacterial endophyte communities in leaves of Theobroma cacao, sample Tree19	1297858	leaf metagenome	Bac_T19	AMPLICON	METAGENOMIC	PCR	PAIRED	SRS5786622	-	SAMN13519323	PRJNA594470	Illumina MiSeq	Illumina MiSeq	ILLUMINA	107706	42528407	107706	64639822	Bac_T19_R1.fastq.gz	SRR10614148.sralite	16420617	2020-06-24 01:50:58	6116c0db8e7f9496977d94d0c08f5785	1	SRA Lite	Primary ETL	1	s3://sra-pub-zq-8/SRR10614148/SRR10614148.sralite.1	s3.us-east-1	aws identity	https://sra-downloadb.be-md.ncbi.nlm.nih.gov/sos5/sra-pub-zq-14/SRR010/614/SRR10614148.sralite.1	https://sra-downloadb.be-md.ncbi.nlm.nih.gov/sos5/sra-pub-zq-14/SRR010/614/SRR10614148.sralite.1	worldwide	anonymous	gs://sra-pub-zq-108/SRR10614148/SRR10614148.zq.1	gs.us-east1	gcp identity	-	2014	cropland biome	cacao plantation	leaf	Cameroon: Talba	Theobroma cacao	4.6099 N 11.4973 E	145m	27.23	8.5m	Talba	Talba_rep3	MIGS/MIMS/MIMARKS.plant-associated	-	http://ftp.sra.ebi.ac.uk/vol1/fastq/SRR106/048/SRR10614148/SRR10614148_1.fastq.gz	http://ftp.sra.ebi.ac.uk/vol1/fastq/SRR106/048/SRR10614148/SRR10614148_2.fastq.gz	-	era-fasp@fasp.sra.ebi.ac.uk:vol1/fastq/SRR106/048/SRR10614148/SRR10614148_1.fastq.gz	era-fasp@fasp.sra.ebi.ac.uk:vol1/fastq/SRR106/048/SRR10614148/SRR10614148_2.fastq.gz
SRR10614149	SRP235361	Theobroma cacao leaf metagenome	SRX7293257	Bacterial endophyte communities in leaves of Theobroma cacao, sample Tree18	Bacterial endophyte communities in leaves of Theobroma cacao, sample Tree18	1297858	leaf metagenome	Bac_T18	AMPLICON	METAGENOMIC	PCR	PAIRED	SRS5786621	-	SAMN13519322	PRJNA594470	Illumina MiSeq	Illumina MiSeq	ILLUMINA	62820	24988469	62820	37577645	Bac_T18_R1.fastq.gz	SRR10614149.sralite	9587781	2020-06-24 01:51:03	c8ec32a92a665bd66073275003f9c5ba	1	SRA Lite	Primary ETL	1	s3://sra-pub-zq-8/SRR10614149/SRR10614149.sralite.1	s3.us-east-1	aws identity	https://sra-downloadb.be-md.ncbi.nlm.nih.gov/sos5/sra-pub-zq-14/SRR010/614/SRR10614149.sralite.1	https://sra-downloadb.be-md.ncbi.nlm.nih.gov/sos5/sra-pub-zq-14/SRR010/614/SRR10614149.sralite.1	worldwide	anonymous	gs://sra-pub-zq-108/SRR10614149/SRR10614149.zq.1	gs.us-east1	gcp identity	-	2014	cropland biome	cacao plantation	leaf	Cameroon: Talba	Theobroma cacao	4.6099 N 11.4973 E	145m	27.23	9.5m	Talba	Talba_rep2	MIGS/MIMS/MIMARKS.plant-associated	-	http://ftp.sra.ebi.ac.uk/vol1/fastq/SRR106/049/SRR10614149/SRR10614149_1.fastq.gz	http://ftp.sra.ebi.ac.uk/vol1/fastq/SRR106/049/SRR10614149/SRR10614149_2.fastq.gz	-	era-fasp@fasp.sra.ebi.ac.uk:vol1/fastq/SRR106/049/SRR10614149/SRR10614149_1.fastq.gz	era-fasp@fasp.sra.ebi.ac.uk:vol1/fastq/SRR106/049/SRR10614149/SRR10614149_2.fastq.gz
SRR10614150	SRP235361	Theobroma cacao leaf metagenome	SRX7293256	Bacterial endophyte communities in leaves of Theobroma cacao, sample Tree17	Bacterial endophyte communities in leaves of Theobroma cacao, sample Tree17	1297858	leaf metagenome	Bac_T17	AMPLICON	METAGENOMIC	PCR	PAIRED	SRS5786620	-	SAMN13519321	PRJNA594470	Illumina MiSeq	Illumina MiSeq	ILLUMINA	31991	12804959	31991	19172562	Bac_T17_R1.fastq.gz	SRR10614150.sralite	4931068	2020-06-24 01:50:52	de87c8616a321d32efdd1538fb8232a8	1	SRA Lite	Primary ETL	1	s3://sra-pub-zq-8/SRR10614150/SRR10614150.sralite.1	s3.us-east-1	aws identity	https://sra-downloadb.be-md.ncbi.nlm.nih.gov/sos5/sra-pub-zq-14/SRR010/614/SRR10614150.sralite.1	https://sra-downloadb.be-md.ncbi.nlm.nih.gov/sos5/sra-pub-zq-14/SRR010/614/SRR10614150.sralite.1	worldwide	anonymous	gs://sra-pub-zq-108/SRR10614150/SRR10614150.zq.1	gs.us-east1	gcp identity	-	2014	cropland biome	cacao plantation	leaf	Cameroon: Talba	Theobroma cacao	4.6099 N 11.4973 E	145m	27.23	7.6m	Talba	Talba_rep1	MIGS/MIMS/MIMARKS.plant-associated	-	http://ftp.sra.ebi.ac.uk/vol1/fastq/SRR106/050/SRR10614150/SRR10614150_1.fastq.gz	http://ftp.sra.ebi.ac.uk/vol1/fastq/SRR106/050/SRR10614150/SRR10614150_2.fastq.gz	-	era-fasp@fasp.sra.ebi.ac.uk:vol1/fastq/SRR106/050/SRR10614150/SRR10614150_1.fastq.gz	era-fasp@fasp.sra.ebi.ac.uk:vol1/fastq/SRR106/050/SRR10614150/SRR10614150_2.fastq.gz
SRR10614151	SRP235361	Theobroma cacao leaf metagenome	SRX7293255	Bacterial endophyte communities in leaves of Theobroma cacao, sample Tree16	Bacterial endophyte communities in leaves of Theobroma cacao, sample Tree16	1297858	leaf metagenome	Bac_T16	AMPLICON	METAGENOMIC	PCR	PAIRED	SRS5786619	-	SAMN13519320	PRJNA594470	Illumina MiSeq	Illumina MiSeq	ILLUMINA	50514	19968050	50514	30252321	Bac_T16_R1.fastq.gz	SRR10614151.sralite	7739503	2020-06-19 19:48:40	f3c60b74bfdfbbee229512d11952c7c0	1	SRA Lite	Primary ETL	1	s3://sra-pub-zq-7/SRR10614151/SRR10614151.sralite.1	s3.us-east-1	aws identity	https://sra-downloadb.be-md.ncbi.nlm.nih.gov/sos5/sra-pub-zq-16/SRR010/614/SRR10614151.sralite.1	https://sra-downloadb.be-md.ncbi.nlm.nih.gov/sos5/sra-pub-zq-16/SRR010/614/SRR10614151.sralite.1	worldwide	anonymous	gs://sra-pub-zq-108/SRR10614151/SRR10614151.zq.1	gs.us-east1	gcp identity	-	2014	cropland biome	cacao plantation	leaf	Cameroon: Boumnyebel	Theobroma cacao	3.9266 N 10.973 E	587m	26.41	6.3m	Simanya	Boumnyebel_rep16	MIGS/MIMS/MIMARKS.plant-associated	-	http://ftp.sra.ebi.ac.uk/vol1/fastq/SRR106/051/SRR10614151/SRR10614151_1.fastq.gz	http://ftp.sra.ebi.ac.uk/vol1/fastq/SRR106/051/SRR10614151/SRR10614151_2.fastq.gz	-	era-fasp@fasp.sra.ebi.ac.uk:vol1/fastq/SRR106/051/SRR10614151/SRR10614151_1.fastq.gz	era-fasp@fasp.sra.ebi.ac.uk:vol1/fastq/SRR106/051/SRR10614151/SRR10614151_2.fastq.gz
SRR10614152	SRP235361	Theobroma cacao leaf metagenome	SRX7293254	Bacterial endophyte communities in leaves of Theobroma cacao, sample Tree15	Bacterial endophyte communities in leaves of Theobroma cacao, sample Tree15	1297858	leaf metagenome	Bac_T15	AMPLICON	METAGENOMIC	PCR	PAIRED	SRS5786618	-	SAMN13519319	PRJNA594470	Illumina MiSeq	Illumina MiSeq	ILLUMINA	72960	28996833	72960	43702877	Bac_T15_R1.fastq.gz	SRR10614152.sralite	11142470	2020-06-20 10:58:01	9facf90064bf0684821a3871b202dd7a	1	SRA Lite	Primary ETL	1	s3://sra-pub-zq-4/SRR10614152/SRR10614152.sralite.1	s3.us-east-1	aws identity	https://sra-downloadb.be-md.ncbi.nlm.nih.gov/sos9/sra-pub-zq-922/SRR010/614/SRR10614152.sralite.1	https://sra-downloadb.be-md.ncbi.nlm.nih.gov/sos9/sra-pub-zq-922/SRR010/614/SRR10614152.sralite.1	worldwide	anonymous	gs://sra-pub-zq-108/SRR10614152/SRR10614152.zq.1	gs.us-east1	gcp identity	-	2014	cropland biome	cacao plantation	leaf	Cameroon: Boumnyebel	Theobroma cacao	3.9266 N 10.973 E	587m	26.41	5.9m	Simanya	Boumnyebel_rep15	MIGS/MIMS/MIMARKS.plant-associated	-	http://ftp.sra.ebi.ac.uk/vol1/fastq/SRR106/052/SRR10614152/SRR10614152_1.fastq.gz	http://ftp.sra.ebi.ac.uk/vol1/fastq/SRR106/052/SRR10614152/SRR10614152_2.fastq.gz	-	era-fasp@fasp.sra.ebi.ac.uk:vol1/fastq/SRR106/052/SRR10614152/SRR10614152_1.fastq.gz	era-fasp@fasp.sra.ebi.ac.uk:vol1/fastq/SRR106/052/SRR10614152/SRR10614152_2.fastq.gz
SRR10614153	SRP235361	Theobroma cacao leaf metagenome	SRX7293253	Bacterial endophyte communities in leaves of Theobroma cacao, sample Tree14	Bacterial endophyte communities in leaves of Theobroma cacao, sample Tree14	1297858	leaf metagenome	Bac_T14	AMPLICON	METAGENOMIC	PCR	PAIRED	SRS5786617	-	SAMN13519318	PRJNA594470	Illumina MiSeq	Illumina MiSeq	ILLUMINA	70293	27797146	70293	42128978	Bac_T14_R1.fastq.gz	SRR10614153.sralite	10745500	2020-06-19 19:48:46	1954f029a0c41223e101734e2017d919	1	SRA Lite	Primary ETL	1	s3://sra-pub-zq-7/SRR10614153/SRR10614153.sralite.1	s3.us-east-1	aws identity	https://sra-downloadb.be-md.ncbi.nlm.nih.gov/sos9/sra-pub-zq-922/SRR010/614/SRR10614153.sralite.1	https://sra-downloadb.be-md.ncbi.nlm.nih.gov/sos9/sra-pub-zq-922/SRR010/614/SRR10614153.sralite.1	worldwide	anonymous	gs://sra-pub-zq-108/SRR10614153/SRR10614153.zq.1	gs.us-east1	gcp identity	-	2014	cropland biome	cacao plantation	leaf	Cameroon: Boumnyebel	Theobroma cacao	3.9266 N 10.973 E	587m	26.41	7.5m	Simanya	Boumnyebel_rep14	MIGS/MIMS/MIMARKS.plant-associated	-	http://ftp.sra.ebi.ac.uk/vol1/fastq/SRR106/053/SRR10614153/SRR10614153_1.fastq.gz	http://ftp.sra.ebi.ac.uk/vol1/fastq/SRR106/053/SRR10614153/SRR10614153_2.fastq.gz	-	era-fasp@fasp.sra.ebi.ac.uk:vol1/fastq/SRR106/053/SRR10614153/SRR10614153_1.fastq.gz	era-fasp@fasp.sra.ebi.ac.uk:vol1/fastq/SRR106/053/SRR10614153/SRR10614153_2.fastq.gz
SRR10614154	SRP235361	Theobroma cacao leaf metagenome	SRX7293252	Fungal endophyte communities in leaves of Theobroma cacao, sample Tree64	Fungal endophyte communities in leaves of Theobroma cacao, sample Tree64	1297858	leaf metagenome	Fun_T64	AMPLICON	METAGENOMIC	PCR	PAIRED	SRS5786616	-	SAMN13519368	PRJNA594470	Illumina MiSeq	Illumina MiSeq	ILLUMINA	7390	2519456	7390	3686266	Fun_T64_R1.fastq.gz	SRR10614154.sralite	1027193	2020-06-20 10:58:04	393f4dde8f096d2e1f43504c3db858c9	1	SRA Lite	Primary ETL	1	s3://sra-pub-zq-4/SRR10614154/SRR10614154.sralite.1	s3.us-east-1	aws identity	https://sra-downloadb.be-md.ncbi.nlm.nih.gov/sos9/sra-pub-zq-922/SRR010/614/SRR10614154.sralite.1	https://sra-downloadb.be-md.ncbi.nlm.nih.gov/sos9/sra-pub-zq-922/SRR010/614/SRR10614154.sralite.1	worldwide	anonymous	gs://sra-pub-zq-108/SRR10614154/SRR10614154.zq.1	gs.us-east1	gcp identity	-	2014	cropland biome	cacao plantation	leaf	Cameroon: Obala	Theobroma cacao	4.153 N 11.3837 E	605m	25.73	9.8m	Nkolobang	Obala_rep16	MIGS/MIMS/MIMARKS.plant-associated	-	http://ftp.sra.ebi.ac.uk/vol1/fastq/SRR106/054/SRR10614154/SRR10614154_1.fastq.gz	http://ftp.sra.ebi.ac.uk/vol1/fastq/SRR106/054/SRR10614154/SRR10614154_2.fastq.gz	-	era-fasp@fasp.sra.ebi.ac.uk:vol1/fastq/SRR106/054/SRR10614154/SRR10614154_1.fastq.gz	era-fasp@fasp.sra.ebi.ac.uk:vol1/fastq/SRR106/054/SRR10614154/SRR10614154_2.fastq.gz
SRR10614155	SRP235361	Theobroma cacao leaf metagenome	SRX7293251	Fungal endophyte communities in leaves of Theobroma cacao, sample Tree63	Fungal endophyte communities in leaves of Theobroma cacao, sample Tree63	1297858	leaf metagenome	Fun_T63	AMPLICON	METAGENOMIC	PCR	PAIRED	SRS5786615	-	SAMN13519367	PRJNA594470	Illumina MiSeq	Illumina MiSeq	ILLUMINA	49660	12048942	49660	18960816	Fun_T63_R1.fastq.gz	SRR10614155.sralite	4888910	2020-06-20 10:58:11	30fa1a2fe985cf454a3939f104e6bc8f	1	SRA Lite	Primary ETL	1	s3://sra-pub-zq-7/SRR10614155/SRR10614155.sralite.1	s3.us-east-1	aws identity	https://sra-downloadb.be-md.ncbi.nlm.nih.gov/sos5/sra-pub-zq-16/SRR010/614/SRR10614155.sralite.1	https://sra-downloadb.be-md.ncbi.nlm.nih.gov/sos5/sra-pub-zq-16/SRR010/614/SRR10614155.sralite.1	worldwide	anonymous	gs://sra-pub-zq-108/SRR10614155/SRR10614155.zq.1	gs.us-east1	gcp identity	-	2014	cropland biome	cacao plantation	leaf	Cameroon: Obala	Theobroma cacao	4.153 N 11.3837 E	605m	25.73	9.6m	Nkolobang	Obala_rep15	MIGS/MIMS/MIMARKS.plant-associated	-	http://ftp.sra.ebi.ac.uk/vol1/fastq/SRR106/055/SRR10614155/SRR10614155_1.fastq.gz	http://ftp.sra.ebi.ac.uk/vol1/fastq/SRR106/055/SRR10614155/SRR10614155_2.fastq.gz	-	era-fasp@fasp.sra.ebi.ac.uk:vol1/fastq/SRR106/055/SRR10614155/SRR10614155_1.fastq.gz	era-fasp@fasp.sra.ebi.ac.uk:vol1/fastq/SRR106/055/SRR10614155/SRR10614155_2.fastq.gz
SRR10614156	SRP235361	Theobroma cacao leaf metagenome	SRX7293250	Fungal endophyte communities in leaves of Theobroma cacao, sample Tree62	Fungal endophyte communities in leaves of Theobroma cacao, sample Tree62	1297858	leaf metagenome	Fun_T62	AMPLICON	METAGENOMIC	PCR	PAIRED	SRS5786614	-	SAMN13519366	PRJNA594470	Illumina MiSeq	Illumina MiSeq	ILLUMINA	57903	21154326	57903	31681016	Fun_T62_R1.fastq.gz	SRR10614156.sralite	8206979	2020-06-20 10:58:04	6675a10b05eae39e734bb7b2c0711c6a	1	SRA Lite	Primary ETL	1	s3://sra-pub-zq-4/SRR10614156/SRR10614156.sralite.1	s3.us-east-1	aws identity	https://sra-downloadb.be-md.ncbi.nlm.nih.gov/sos5/sra-pub-zq-16/SRR010/614/SRR10614156.sralite.1	https://sra-downloadb.be-md.ncbi.nlm.nih.gov/sos5/sra-pub-zq-16/SRR010/614/SRR10614156.sralite.1	worldwide	anonymous	gs://sra-pub-zq-108/SRR10614156/SRR10614156.zq.1	gs.us-east1	gcp identity	-	2014	cropland biome	cacao plantation	leaf	Cameroon: Obala	Theobroma cacao	4.153 N 11.3837 E	605m	25.73	9.7m	Nkolobang	Obala_rep14	MIGS/MIMS/MIMARKS.plant-associated	-	http://ftp.sra.ebi.ac.uk/vol1/fastq/SRR106/056/SRR10614156/SRR10614156_1.fastq.gz	http://ftp.sra.ebi.ac.uk/vol1/fastq/SRR106/056/SRR10614156/SRR10614156_2.fastq.gz	-	era-fasp@fasp.sra.ebi.ac.uk:vol1/fastq/SRR106/056/SRR10614156/SRR10614156_1.fastq.gz	era-fasp@fasp.sra.ebi.ac.uk:vol1/fastq/SRR106/056/SRR10614156/SRR10614156_2.fastq.gz
SRR10614157	SRP235361	Theobroma cacao leaf metagenome	SRX7293249	Fungal endophyte communities in leaves of Theobroma cacao, sample Tree61	Fungal endophyte communities in leaves of Theobroma cacao, sample Tree61	1297858	leaf metagenome	Fun_T61	AMPLICON	METAGENOMIC	PCR	PAIRED	SRS5786613	-	SAMN13519365	PRJNA594470	Illumina MiSeq	Illumina MiSeq	ILLUMINA	60127	23220357	60127	33727840	Fun_T61_R1.fastq.gz	SRR10614157.sralite	8681791	2020-06-19 19:48:37	a44b2344466ab2545b5fb85bc485632f	1	SRA Lite	Primary ETL	1	s3://sra-pub-zq-9/SRR10614157/SRR10614157.sralite.1	s3.us-east-1	aws identity	https://sra-downloadb.be-md.ncbi.nlm.nih.gov/sos5/sra-pub-zq-16/SRR010/614/SRR10614157.sralite.1	https://sra-downloadb.be-md.ncbi.nlm.nih.gov/sos5/sra-pub-zq-16/SRR010/614/SRR10614157.sralite.1	worldwide	anonymous	gs://sra-pub-zq-108/SRR10614157/SRR10614157.zq.1	gs.us-east1	gcp identity	-	2014	cropland biome	cacao plantation	leaf	Cameroon: Obala	Theobroma cacao	4.153 N 11.3837 E	605m	25.73	10.6m	Nkolobang	Obala_rep13	MIGS/MIMS/MIMARKS.plant-associated	-	http://ftp.sra.ebi.ac.uk/vol1/fastq/SRR106/057/SRR10614157/SRR10614157_1.fastq.gz	http://ftp.sra.ebi.ac.uk/vol1/fastq/SRR106/057/SRR10614157/SRR10614157_2.fastq.gz	-	era-fasp@fasp.sra.ebi.ac.uk:vol1/fastq/SRR106/057/SRR10614157/SRR10614157_1.fastq.gz	era-fasp@fasp.sra.ebi.ac.uk:vol1/fastq/SRR106/057/SRR10614157/SRR10614157_2.fastq.gz
SRR10614158	SRP235361	Theobroma cacao leaf metagenome	SRX7293248	Fungal endophyte communities in leaves of Theobroma cacao, sample Tree60	Fungal endophyte communities in leaves of Theobroma cacao, sample Tree60	1297858	leaf metagenome	Fun_T60	AMPLICON	METAGENOMIC	PCR	PAIRED	SRS5786612	-	SAMN13519364	PRJNA594470	Illumina MiSeq	Illumina MiSeq	ILLUMINA	65023	21023836	65023	30924398	Fun_T60_R1.fastq.gz	SRR10614158.sralite	8030888	2020-06-21 13:29:40	c39f24250fb3fe0ba3484d5fb28ba8f5	1	SRA Lite	Primary ETL	1	s3://sra-pub-zq-9/SRR10614158/SRR10614158.sralite.1	s3.us-east-1	aws identity	https://sra-downloadb.be-md.ncbi.nlm.nih.gov/sos5/sra-pub-zq-16/SRR010/614/SRR10614158.sralite.1	https://sra-downloadb.be-md.ncbi.nlm.nih.gov/sos5/sra-pub-zq-16/SRR010/614/SRR10614158.sralite.1	worldwide	anonymous	gs://sra-pub-zq-108/SRR10614158/SRR10614158.zq.1	gs.us-east1	gcp identity	-	2014	cropland biome	cacao plantation	leaf	Cameroon: Obala	Theobroma cacao	4.1521 N 11.3829 E	659m	24.07	10.9m	Nkolobang	Obala_rep12	MIGS/MIMS/MIMARKS.plant-associated	-	http://ftp.sra.ebi.ac.uk/vol1/fastq/SRR106/058/SRR10614158/SRR10614158_1.fastq.gz	http://ftp.sra.ebi.ac.uk/vol1/fastq/SRR106/058/SRR10614158/SRR10614158_2.fastq.gz	-	era-fasp@fasp.sra.ebi.ac.uk:vol1/fastq/SRR106/058/SRR10614158/SRR10614158_1.fastq.gz	era-fasp@fasp.sra.ebi.ac.uk:vol1/fastq/SRR106/058/SRR10614158/SRR10614158_2.fastq.gz
SRR10614159	SRP235361	Theobroma cacao leaf metagenome	SRX7293247	Fungal endophyte communities in leaves of Theobroma cacao, sample Tree59	Fungal endophyte communities in leaves of Theobroma cacao, sample Tree59	1297858	leaf metagenome	Fun_T59	AMPLICON	METAGENOMIC	PCR	PAIRED	SRS5786611	-	SAMN13519363	PRJNA594470	Illumina MiSeq	Illumina MiSeq	ILLUMINA	68662	24739551	68662	34947746	Fun_T59_R1.fastq.gz	SRR10614159.sralite	9037490	2020-06-19 19:48:41	0054a1978b5862c24cae160fae9af03c	1	SRA Lite	Primary ETL	1	s3://sra-pub-zq-7/SRR10614159/SRR10614159.sralite.1	s3.us-east-1	aws identity	https://sra-downloadb.be-md.ncbi.nlm.nih.gov/sos9/sra-pub-zq-922/SRR010/614/SRR10614159.sralite.1	https://sra-downloadb.be-md.ncbi.nlm.nih.gov/sos9/sra-pub-zq-922/SRR010/614/SRR10614159.sralite.1	worldwide	anonymous	gs://sra-pub-zq-108/SRR10614159/SRR10614159.zq.1	gs.us-east1	gcp identity	-	2014	cropland biome	cacao plantation	leaf	Cameroon: Obala	Theobroma cacao	4.1521 N 11.3829 E	659m	24.07	9.6m	Nkolobang	Obala_rep11	MIGS/MIMS/MIMARKS.plant-associated	-	http://ftp.sra.ebi.ac.uk/vol1/fastq/SRR106/059/SRR10614159/SRR10614159_1.fastq.gz	http://ftp.sra.ebi.ac.uk/vol1/fastq/SRR106/059/SRR10614159/SRR10614159_2.fastq.gz	-	era-fasp@fasp.sra.ebi.ac.uk:vol1/fastq/SRR106/059/SRR10614159/SRR10614159_1.fastq.gz	era-fasp@fasp.sra.ebi.ac.uk:vol1/fastq/SRR106/059/SRR10614159/SRR10614159_2.fastq.gz
SRR10614160	SRP235361	Theobroma cacao leaf metagenome	SRX7293246	Fungal endophyte communities in leaves of Theobroma cacao, sample Tree58	Fungal endophyte communities in leaves of Theobroma cacao, sample Tree58	1297858	leaf metagenome	Fun_T58	AMPLICON	METAGENOMIC	PCR	PAIRED	SRS5786610	-	SAMN13519362	PRJNA594470	Illumina MiSeq	Illumina MiSeq	ILLUMINA	31595	13011213	31595	18176231	Fun_T58_R1.fastq.gz	SRR10614160.sralite	4711943	2020-06-19 19:48:46	340bbc9906140a8ee98ff7083b7c745c	1	SRA Lite	Primary ETL	1	s3://sra-pub-zq-7/SRR10614160/SRR10614160.sralite.1	s3.us-east-1	aws identity	https://sra-downloadb.be-md.ncbi.nlm.nih.gov/sos9/sra-pub-zq-922/SRR010/614/SRR10614160.sralite.1	https://sra-downloadb.be-md.ncbi.nlm.nih.gov/sos9/sra-pub-zq-922/SRR010/614/SRR10614160.sralite.1	worldwide	anonymous	gs://sra-pub-zq-108/SRR10614160/SRR10614160.zq.1	gs.us-east1	gcp identity	-	2014	cropland biome	cacao plantation	leaf	Cameroon: Obala	Theobroma cacao	4.1521 N 11.3829 E	659m	24.07	11.8m	Nkolobang	Obala_rep10	MIGS/MIMS/MIMARKS.plant-associated	-	http://ftp.sra.ebi.ac.uk/vol1/fastq/SRR106/060/SRR10614160/SRR10614160_1.fastq.gz	http://ftp.sra.ebi.ac.uk/vol1/fastq/SRR106/060/SRR10614160/SRR10614160_2.fastq.gz	-	era-fasp@fasp.sra.ebi.ac.uk:vol1/fastq/SRR106/060/SRR10614160/SRR10614160_1.fastq.gz	era-fasp@fasp.sra.ebi.ac.uk:vol1/fastq/SRR106/060/SRR10614160/SRR10614160_2.fastq.gz
SRR10614161	SRP235361	Theobroma cacao leaf metagenome	SRX7293245	Fungal endophyte communities in leaves of Theobroma cacao, sample Tree57	Fungal endophyte communities in leaves of Theobroma cacao, sample Tree57	1297858	leaf metagenome	Fun_T57	AMPLICON	METAGENOMIC	PCR	PAIRED	SRS5786609	-	SAMN13519361	PRJNA594470	Illumina MiSeq	Illumina MiSeq	ILLUMINA	48845	16822246	48845	25400214	Fun_T57_R1.fastq.gz	SRR10614161.sralite	6601035	2020-06-21 13:29:26	9734a5c4663506a3a1011895aea475af	1	SRA Lite	Primary ETL	1	s3://sra-pub-zq-5/SRR10614161/SRR10614161.sralite.1	s3.us-east-1	aws identity	https://sra-downloadb.be-md.ncbi.nlm.nih.gov/sos5/sra-pub-zq-16/SRR010/614/SRR10614161.sralite.1	https://sra-downloadb.be-md.ncbi.nlm.nih.gov/sos5/sra-pub-zq-16/SRR010/614/SRR10614161.sralite.1	worldwide	anonymous	gs://sra-pub-zq-108/SRR10614161/SRR10614161.zq.1	gs.us-east1	gcp identity	-	2014	cropland biome	cacao plantation	leaf	Cameroon: Obala	Theobroma cacao	4.1521 N 11.3829 E	659m	24.07	10.8m	Nkolobang	Obala_rep9	MIGS/MIMS/MIMARKS.plant-associated	-	http://ftp.sra.ebi.ac.uk/vol1/fastq/SRR106/061/SRR10614161/SRR10614161_1.fastq.gz	http://ftp.sra.ebi.ac.uk/vol1/fastq/SRR106/061/SRR10614161/SRR10614161_2.fastq.gz	-	era-fasp@fasp.sra.ebi.ac.uk:vol1/fastq/SRR106/061/SRR10614161/SRR10614161_1.fastq.gz	era-fasp@fasp.sra.ebi.ac.uk:vol1/fastq/SRR106/061/SRR10614161/SRR10614161_2.fastq.gz
SRR10614162	SRP235361	Theobroma cacao leaf metagenome	SRX7293244	Bacterial endophyte communities in leaves of Theobroma cacao, sample Tree13	Bacterial endophyte communities in leaves of Theobroma cacao, sample Tree13	1297858	leaf metagenome	Bac_T13	AMPLICON	METAGENOMIC	PCR	PAIRED	SRS5786608	-	SAMN13519317	PRJNA594470	Illumina MiSeq	Illumina MiSeq	ILLUMINA	8768	3526089	8768	5186016	Bac_T13_R1.fastq.gz	SRR10614162.sralite	1397925	2020-06-20 10:58:06	93db85a1e3c6e6ce10a552c9c9e1e1a7	1	SRA Lite	Primary ETL	1	s3://sra-pub-zq-4/SRR10614162/SRR10614162.sralite.1	s3.us-east-1	aws identity	https://sra-downloadb.be-md.ncbi.nlm.nih.gov/sos9/sra-pub-zq-922/SRR010/614/SRR10614162.sralite.1	https://sra-downloadb.be-md.ncbi.nlm.nih.gov/sos9/sra-pub-zq-922/SRR010/614/SRR10614162.sralite.1	worldwide	anonymous	gs://sra-pub-zq-108/SRR10614162/SRR10614162.zq.1	gs.us-east1	gcp identity	-	2014	cropland biome	cacao plantation	leaf	Cameroon: Boumnyebel	Theobroma cacao	3.9266 N 10.973 E	587m	26.41	5.3m	Simanya	Boumnyebel_rep13	MIGS/MIMS/MIMARKS.plant-associated	-	http://ftp.sra.ebi.ac.uk/vol1/fastq/SRR106/062/SRR10614162/SRR10614162_1.fastq.gz	http://ftp.sra.ebi.ac.uk/vol1/fastq/SRR106/062/SRR10614162/SRR10614162_2.fastq.gz	-	era-fasp@fasp.sra.ebi.ac.uk:vol1/fastq/SRR106/062/SRR10614162/SRR10614162_1.fastq.gz	era-fasp@fasp.sra.ebi.ac.uk:vol1/fastq/SRR106/062/SRR10614162/SRR10614162_2.fastq.gz
SRR10614163	SRP235361	Theobroma cacao leaf metagenome	SRX7293243	Fungal endophyte communities in leaves of Theobroma cacao, sample Tree56	Fungal endophyte communities in leaves of Theobroma cacao, sample Tree56	1297858	leaf metagenome	Fun_T56	AMPLICON	METAGENOMIC	PCR	PAIRED	SRS5786607	-	SAMN13519360	PRJNA594470	Illumina MiSeq	Illumina MiSeq	ILLUMINA	23858	3634928	23858	5797227	Fun_T56_R1.fastq.gz	SRR10614163.sralite	1482367	2020-06-20 10:58:09	180ec52dec58a1586331cc6c1433b141	1	SRA Lite	Primary ETL	1	s3://sra-pub-zq-4/SRR10614163/SRR10614163.sralite.1	s3.us-east-1	aws identity	https://sra-downloadb.be-md.ncbi.nlm.nih.gov/sos9/sra-pub-zq-922/SRR010/614/SRR10614163.sralite.1	https://sra-downloadb.be-md.ncbi.nlm.nih.gov/sos9/sra-pub-zq-922/SRR010/614/SRR10614163.sralite.1	worldwide	anonymous	gs://sra-pub-zq-108/SRR10614163/SRR10614163.zq.1	gs.us-east1	gcp identity	-	2014	cropland biome	cacao plantation	leaf	Cameroon: Obala	Theobroma cacao	4.1039 N 11.4815 E	287m	25	10.6m	Ekabita_Essele	Obala_rep8	MIGS/MIMS/MIMARKS.plant-associated	-	http://ftp.sra.ebi.ac.uk/vol1/fastq/SRR106/063/SRR10614163/SRR10614163_1.fastq.gz	http://ftp.sra.ebi.ac.uk/vol1/fastq/SRR106/063/SRR10614163/SRR10614163_2.fastq.gz	-	era-fasp@fasp.sra.ebi.ac.uk:vol1/fastq/SRR106/063/SRR10614163/SRR10614163_1.fastq.gz	era-fasp@fasp.sra.ebi.ac.uk:vol1/fastq/SRR106/063/SRR10614163/SRR10614163_2.fastq.gz
SRR10614164	SRP235361	Theobroma cacao leaf metagenome	SRX7293242	Fungal endophyte communities in leaves of Theobroma cacao, sample Tree55	Fungal endophyte communities in leaves of Theobroma cacao, sample Tree55	1297858	leaf metagenome	Fun_T55	AMPLICON	METAGENOMIC	PCR	PAIRED	SRS5786606	-	SAMN13519359	PRJNA594470	Illumina MiSeq	Illumina MiSeq	ILLUMINA	21554	4129055	21554	6228665	Fun_T55_R1.fastq.gz	SRR10614164.sralite	1652753	2020-06-19 19:48:40	ec58c985a767b4270f78d516dcc57b83	1	SRA Lite	Primary ETL	1	s3://sra-pub-zq-7/SRR10614164/SRR10614164.sralite.1	s3.us-east-1	aws identity	https://sra-downloadb.be-md.ncbi.nlm.nih.gov/sos9/sra-pub-zq-922/SRR010/614/SRR10614164.sralite.1	https://sra-downloadb.be-md.ncbi.nlm.nih.gov/sos9/sra-pub-zq-922/SRR010/614/SRR10614164.sralite.1	worldwide	anonymous	gs://sra-pub-zq-108/SRR10614164/SRR10614164.zq.1	gs.us-east1	gcp identity	-	2014	cropland biome	cacao plantation	leaf	Cameroon: Obala	Theobroma cacao	4.1039 N 11.4815 E	287m	25	11.2m	Ekabita_Essele	Obala_rep7	MIGS/MIMS/MIMARKS.plant-associated	-	http://ftp.sra.ebi.ac.uk/vol1/fastq/SRR106/064/SRR10614164/SRR10614164_1.fastq.gz	http://ftp.sra.ebi.ac.uk/vol1/fastq/SRR106/064/SRR10614164/SRR10614164_2.fastq.gz	-	era-fasp@fasp.sra.ebi.ac.uk:vol1/fastq/SRR106/064/SRR10614164/SRR10614164_1.fastq.gz	era-fasp@fasp.sra.ebi.ac.uk:vol1/fastq/SRR106/064/SRR10614164/SRR10614164_2.fastq.gz
SRR10614165	SRP235361	Theobroma cacao leaf metagenome	SRX7293241	Fungal endophyte communities in leaves of Theobroma cacao, sample Tree54	Fungal endophyte communities in leaves of Theobroma cacao, sample Tree54	1297858	leaf metagenome	Fun_T54	AMPLICON	METAGENOMIC	PCR	PAIRED	SRS5786605	-	SAMN13519358	PRJNA594470	Illumina MiSeq	Illumina MiSeq	ILLUMINA	103144	40036039	103144	57835500	Fun_T54_R1.fastq.gz	SRR10614165.sralite	14877060	2020-06-21 13:29:42	bff6741f8cb511b38840787aae5b29c9	1	SRA Lite	Primary ETL	1	s3://sra-pub-zq-9/SRR10614165/SRR10614165.sralite.1	s3.us-east-1	aws identity	https://sra-downloadb.be-md.ncbi.nlm.nih.gov/sos5/sra-pub-zq-16/SRR010/614/SRR10614165.sralite.1	https://sra-downloadb.be-md.ncbi.nlm.nih.gov/sos5/sra-pub-zq-16/SRR010/614/SRR10614165.sralite.1	worldwide	anonymous	gs://sra-pub-zq-108/SRR10614165/SRR10614165.zq.1	gs.us-east1	gcp identity	-	2014	cropland biome	cacao plantation	leaf	Cameroon: Obala	Theobroma cacao	4.1039 N 11.4815 E	287m	25	9.6m	Ekabita_Essele	Obala_rep6	MIGS/MIMS/MIMARKS.plant-associated	-	http://ftp.sra.ebi.ac.uk/vol1/fastq/SRR106/065/SRR10614165/SRR10614165_1.fastq.gz	http://ftp.sra.ebi.ac.uk/vol1/fastq/SRR106/065/SRR10614165/SRR10614165_2.fastq.gz	-	era-fasp@fasp.sra.ebi.ac.uk:vol1/fastq/SRR106/065/SRR10614165/SRR10614165_1.fastq.gz	era-fasp@fasp.sra.ebi.ac.uk:vol1/fastq/SRR106/065/SRR10614165/SRR10614165_2.fastq.gz
SRR10614166	SRP235361	Theobroma cacao leaf metagenome	SRX7293240	Fungal endophyte communities in leaves of Theobroma cacao, sample Tree53	Fungal endophyte communities in leaves of Theobroma cacao, sample Tree53	1297858	leaf metagenome	Fun_T53	AMPLICON	METAGENOMIC	PCR	PAIRED	SRS5786604	-	SAMN13519357	PRJNA594470	Illumina MiSeq	Illumina MiSeq	ILLUMINA	13470	5045661	13470	7092087	Fun_T53_R1.fastq.gz	SRR10614166.sralite	1898037	2020-06-21 13:29:28	1edf3936cdb84e73fc11d38e449f17db	1	SRA Lite	Primary ETL	1	s3://sra-pub-zq-9/SRR10614166/SRR10614166.sralite.1	s3.us-east-1	aws identity	https://sra-downloadb.be-md.ncbi.nlm.nih.gov/sos9/sra-pub-zq-922/SRR010/614/SRR10614166.sralite.1	https://sra-downloadb.be-md.ncbi.nlm.nih.gov/sos9/sra-pub-zq-922/SRR010/614/SRR10614166.sralite.1	worldwide	anonymous	gs://sra-pub-zq-108/SRR10614166/SRR10614166.zq.1	gs.us-east1	gcp identity	-	2014	cropland biome	cacao plantation	leaf	Cameroon: Obala	Theobroma cacao	4.1039 N 11.4815 E	287m	25	10.8m	Ekabita_Essele	Obala_rep5	MIGS/MIMS/MIMARKS.plant-associated	-	http://ftp.sra.ebi.ac.uk/vol1/fastq/SRR106/066/SRR10614166/SRR10614166_1.fastq.gz	http://ftp.sra.ebi.ac.uk/vol1/fastq/SRR106/066/SRR10614166/SRR10614166_2.fastq.gz	-	era-fasp@fasp.sra.ebi.ac.uk:vol1/fastq/SRR106/066/SRR10614166/SRR10614166_1.fastq.gz	era-fasp@fasp.sra.ebi.ac.uk:vol1/fastq/SRR106/066/SRR10614166/SRR10614166_2.fastq.gz
SRR10614167	SRP235361	Theobroma cacao leaf metagenome	SRX7293239	Fungal endophyte communities in leaves of Theobroma cacao, sample Tree52	Fungal endophyte communities in leaves of Theobroma cacao, sample Tree52	1297858	leaf metagenome	Fun_T52	AMPLICON	METAGENOMIC	PCR	PAIRED	SRS5786603	-	SAMN13519356	PRJNA594470	Illumina MiSeq	Illumina MiSeq	ILLUMINA	11118	4035145	11118	5655941	Fun_T52_R1.fastq.gz	SRR10614167.sralite	1535770	2020-06-21 13:29:27	05cbc672aa4add4fbca1ee56773e5570	1	SRA Lite	Primary ETL	1	s3://sra-pub-zq-9/SRR10614167/SRR10614167.sralite.1	s3.us-east-1	aws identity	https://sra-downloadb.be-md.ncbi.nlm.nih.gov/sos9/sra-pub-zq-922/SRR010/614/SRR10614167.sralite.1	https://sra-downloadb.be-md.ncbi.nlm.nih.gov/sos9/sra-pub-zq-922/SRR010/614/SRR10614167.sralite.1	worldwide	anonymous	gs://sra-pub-zq-108/SRR10614167/SRR10614167.zq.1	gs.us-east1	gcp identity	-	2014	cropland biome	cacao plantation	leaf	Cameroon: Obala	Theobroma cacao	3.8696 N 11.456 E	292m	24.67	8.1m	Ekabita_Essele	Obala_rep4	MIGS/MIMS/MIMARKS.plant-associated	-	http://ftp.sra.ebi.ac.uk/vol1/fastq/SRR106/067/SRR10614167/SRR10614167_1.fastq.gz	http://ftp.sra.ebi.ac.uk/vol1/fastq/SRR106/067/SRR10614167/SRR10614167_2.fastq.gz	-	era-fasp@fasp.sra.ebi.ac.uk:vol1/fastq/SRR106/067/SRR10614167/SRR10614167_1.fastq.gz	era-fasp@fasp.sra.ebi.ac.uk:vol1/fastq/SRR106/067/SRR10614167/SRR10614167_2.fastq.gz
SRR10614168	SRP235361	Theobroma cacao leaf metagenome	SRX7293238	Fungal endophyte communities in leaves of Theobroma cacao, sample Tree51	Fungal endophyte communities in leaves of Theobroma cacao, sample Tree51	1297858	leaf metagenome	Fun_T51	AMPLICON	METAGENOMIC	PCR	PAIRED	SRS5786602	-	SAMN13519355	PRJNA594470	Illumina MiSeq	Illumina MiSeq	ILLUMINA	32816	9201013	32816	13476954	Fun_T51_R1.fastq.gz	SRR10614168.sralite	3520659	2020-06-21 13:29:35	d5ca8fc838e5260773fc42367ccfea12	1	SRA Lite	Primary ETL	1	s3://sra-pub-zq-5/SRR10614168/SRR10614168.sralite.1	s3.us-east-1	aws identity	https://sra-downloadb.be-md.ncbi.nlm.nih.gov/sos9/sra-pub-zq-922/SRR010/614/SRR10614168.sralite.1	https://sra-downloadb.be-md.ncbi.nlm.nih.gov/sos9/sra-pub-zq-922/SRR010/614/SRR10614168.sralite.1	worldwide	anonymous	gs://sra-pub-zq-108/SRR10614168/SRR10614168.zq.1	gs.us-east1	gcp identity	-	2014	cropland biome	cacao plantation	leaf	Cameroon: Obala	Theobroma cacao	3.8696 N 11.456 E	292m	24.67	8.5m	Ekabita_Essele	Obala_rep3	MIGS/MIMS/MIMARKS.plant-associated	-	http://ftp.sra.ebi.ac.uk/vol1/fastq/SRR106/068/SRR10614168/SRR10614168_1.fastq.gz	http://ftp.sra.ebi.ac.uk/vol1/fastq/SRR106/068/SRR10614168/SRR10614168_2.fastq.gz	-	era-fasp@fasp.sra.ebi.ac.uk:vol1/fastq/SRR106/068/SRR10614168/SRR10614168_1.fastq.gz	era-fasp@fasp.sra.ebi.ac.uk:vol1/fastq/SRR106/068/SRR10614168/SRR10614168_2.fastq.gz
SRR10614169	SRP235361	Theobroma cacao leaf metagenome	SRX7293237	Fungal endophyte communities in leaves of Theobroma cacao, sample Tree50	Fungal endophyte communities in leaves of Theobroma cacao, sample Tree50	1297858	leaf metagenome	Fun_T50	AMPLICON	METAGENOMIC	PCR	PAIRED	SRS5786601	-	SAMN13519354	PRJNA594470	Illumina MiSeq	Illumina MiSeq	ILLUMINA	124200	50348912	124200	71728567	Fun_T50_R1.fastq.gz	SRR10614169.sralite	18350090	2020-06-22 12:10:41	a2be5bc172a77fba9f5696e647829895	1	SRA Lite	Primary ETL	1	s3://sra-pub-zq-5/SRR10614169/SRR10614169.sralite.1	s3.us-east-1	aws identity	https://sra-downloadb.be-md.ncbi.nlm.nih.gov/sos5/sra-pub-zq-16/SRR010/614/SRR10614169.sralite.1	https://sra-downloadb.be-md.ncbi.nlm.nih.gov/sos5/sra-pub-zq-16/SRR010/614/SRR10614169.sralite.1	worldwide	anonymous	gs://sra-pub-zq-108/SRR10614169/SRR10614169.zq.1	gs.us-east1	gcp identity	-	2014	cropland biome	cacao plantation	leaf	Cameroon: Obala	Theobroma cacao	3.8696 N 11.456 E	292m	24.67	8m	Ekabita_Essele	Obala_rep2	MIGS/MIMS/MIMARKS.plant-associated	-	http://ftp.sra.ebi.ac.uk/vol1/fastq/SRR106/069/SRR10614169/SRR10614169_1.fastq.gz	http://ftp.sra.ebi.ac.uk/vol1/fastq/SRR106/069/SRR10614169/SRR10614169_2.fastq.gz	-	era-fasp@fasp.sra.ebi.ac.uk:vol1/fastq/SRR106/069/SRR10614169/SRR10614169_1.fastq.gz	era-fasp@fasp.sra.ebi.ac.uk:vol1/fastq/SRR106/069/SRR10614169/SRR10614169_2.fastq.gz
SRR10614170	SRP235361	Theobroma cacao leaf metagenome	SRX7293236	Fungal endophyte communities in leaves of Theobroma cacao, sample Tree49	Fungal endophyte communities in leaves of Theobroma cacao, sample Tree49	1297858	leaf metagenome	Fun_T49	AMPLICON	METAGENOMIC	PCR	PAIRED	SRS5786600	-	SAMN13519353	PRJNA594470	Illumina MiSeq	Illumina MiSeq	ILLUMINA	26901	11193707	26901	15840700	Fun_T49_R1.fastq.gz	SRR10614170.sralite	4104428	2020-06-22 12:10:25	ddb0854d6af1cf0726e97e259ac14f8d	1	SRA Lite	Primary ETL	1	s3://sra-pub-zq-4/SRR10614170/SRR10614170.sralite.1	s3.us-east-1	aws identity	https://sra-downloadb.be-md.ncbi.nlm.nih.gov/sos5/sra-pub-zq-16/SRR010/614/SRR10614170.sralite.1	https://sra-downloadb.be-md.ncbi.nlm.nih.gov/sos5/sra-pub-zq-16/SRR010/614/SRR10614170.sralite.1	worldwide	anonymous	gs://sra-pub-zq-108/SRR10614170/SRR10614170.zq.1	gs.us-east1	gcp identity	-	2014	cropland biome	cacao plantation	leaf	Cameroon: Obala	Theobroma cacao	3.8696 N 11.456 E	292m	24.67	8.4m	Ekabita_Essele	Obala_rep1	MIGS/MIMS/MIMARKS.plant-associated	-	http://ftp.sra.ebi.ac.uk/vol1/fastq/SRR106/070/SRR10614170/SRR10614170_1.fastq.gz	http://ftp.sra.ebi.ac.uk/vol1/fastq/SRR106/070/SRR10614170/SRR10614170_2.fastq.gz	-	era-fasp@fasp.sra.ebi.ac.uk:vol1/fastq/SRR106/070/SRR10614170/SRR10614170_1.fastq.gz	era-fasp@fasp.sra.ebi.ac.uk:vol1/fastq/SRR106/070/SRR10614170/SRR10614170_2.fastq.gz
SRR10614171	SRP235361	Theobroma cacao leaf metagenome	SRX7293235	Fungal endophyte communities in leaves of Theobroma cacao, sample Tree48	Fungal endophyte communities in leaves of Theobroma cacao, sample Tree48	1297858	leaf metagenome	Fun_T48	AMPLICON	METAGENOMIC	PCR	PAIRED	SRS5786599	-	SAMN13519352	PRJNA594470	Illumina MiSeq	Illumina MiSeq	ILLUMINA	39302	15635622	39302	22374286	Fun_T48_R1.fastq.gz	SRR10614171.sralite	5798210	2020-06-22 12:10:40	5a66a6b7c8adac2742426e2911efb168	1	SRA Lite	Primary ETL	1	s3://sra-pub-zq-4/SRR10614171/SRR10614171.sralite.1	s3.us-east-1	aws identity	https://sra-downloadb.be-md.ncbi.nlm.nih.gov/sos5/sra-pub-zq-14/SRR010/614/SRR10614171.sralite.1	https://sra-downloadb.be-md.ncbi.nlm.nih.gov/sos5/sra-pub-zq-14/SRR010/614/SRR10614171.sralite.1	worldwide	anonymous	gs://sra-pub-zq-108/SRR10614171/SRR10614171.zq.1	gs.us-east1	gcp identity	-	2014	cropland biome	cacao plantation	leaf	Cameroon: Kedia	Theobroma cacao	4.4959 N 11.0784 E	425m	27.59	8.2m	Kedia	Kedia_rep8	MIGS/MIMS/MIMARKS.plant-associated	-	http://ftp.sra.ebi.ac.uk/vol1/fastq/SRR106/071/SRR10614171/SRR10614171_1.fastq.gz	http://ftp.sra.ebi.ac.uk/vol1/fastq/SRR106/071/SRR10614171/SRR10614171_2.fastq.gz	-	era-fasp@fasp.sra.ebi.ac.uk:vol1/fastq/SRR106/071/SRR10614171/SRR10614171_1.fastq.gz	era-fasp@fasp.sra.ebi.ac.uk:vol1/fastq/SRR106/071/SRR10614171/SRR10614171_2.fastq.gz
SRR10614172	SRP235361	Theobroma cacao leaf metagenome	SRX7293234	Fungal endophyte communities in leaves of Theobroma cacao, sample Tree47	Fungal endophyte communities in leaves of Theobroma cacao, sample Tree47	1297858	leaf metagenome	Fun_T47	AMPLICON	METAGENOMIC	PCR	PAIRED	SRS5786598	-	SAMN13519351	PRJNA594470	Illumina MiSeq	Illumina MiSeq	ILLUMINA	106442	42523439	106442	62337085	Fun_T47_R1.fastq.gz	SRR10614172.sralite	16050355	2020-06-22 12:10:48	a519765d637074800b178359f23a8339	1	SRA Lite	Primary ETL	1	s3://sra-pub-zq-2/SRR10614172/SRR10614172.sralite.1	s3.us-east-1	aws identity	https://sra-downloadb.be-md.ncbi.nlm.nih.gov/sos5/sra-pub-zq-14/SRR010/614/SRR10614172.sralite.1	https://sra-downloadb.be-md.ncbi.nlm.nih.gov/sos5/sra-pub-zq-14/SRR010/614/SRR10614172.sralite.1	worldwide	anonymous	gs://sra-pub-zq-108/SRR10614172/SRR10614172.zq.1	gs.us-east1	gcp identity	-	2014	cropland biome	cacao plantation	leaf	Cameroon: Kedia	Theobroma cacao	4.4959 N 11.0784 E	425m	27.59	10.2m	Kedia	Kedia_rep7	MIGS/MIMS/MIMARKS.plant-associated	-	http://ftp.sra.ebi.ac.uk/vol1/fastq/SRR106/072/SRR10614172/SRR10614172_1.fastq.gz	http://ftp.sra.ebi.ac.uk/vol1/fastq/SRR106/072/SRR10614172/SRR10614172_2.fastq.gz	-	era-fasp@fasp.sra.ebi.ac.uk:vol1/fastq/SRR106/072/SRR10614172/SRR10614172_1.fastq.gz	era-fasp@fasp.sra.ebi.ac.uk:vol1/fastq/SRR106/072/SRR10614172/SRR10614172_2.fastq.gz
SRR10614173	SRP235361	Theobroma cacao leaf metagenome	SRX7293233	Bacterial endophyte communities in leaves of Theobroma cacao, sample Tree12	Bacterial endophyte communities in leaves of Theobroma cacao, sample Tree12	1297858	leaf metagenome	Bac_T12	AMPLICON	METAGENOMIC	PCR	PAIRED	SRS5786597	-	SAMN13519316	PRJNA594470	Illumina MiSeq	Illumina MiSeq	ILLUMINA	74073	29360816	74073	44278313	Bac_T12_R1.fastq.gz	SRR10614173.sralite	11291670	2020-06-22 12:10:38	0fa31aaa60e86b2d0b65c9a09c631b60	1	SRA Lite	Primary ETL	1	s3://sra-pub-zq-5/SRR10614173/SRR10614173.sralite.1	s3.us-east-1	aws identity	https://sra-downloadb.be-md.ncbi.nlm.nih.gov/sos5/sra-pub-zq-16/SRR010/614/SRR10614173.sralite.1	https://sra-downloadb.be-md.ncbi.nlm.nih.gov/sos5/sra-pub-zq-16/SRR010/614/SRR10614173.sralite.1	worldwide	anonymous	gs://sra-pub-zq-108/SRR10614173/SRR10614173.zq.1	gs.us-east1	gcp identity	-	2014	cropland biome	cacao plantation	leaf	Cameroon: Boumnyebel	Theobroma cacao	3.9378 N 10.9756 E	376m	24.18	6.4m	Simanya	Boumnyebel_rep12	MIGS/MIMS/MIMARKS.plant-associated	-	http://ftp.sra.ebi.ac.uk/vol1/fastq/SRR106/073/SRR10614173/SRR10614173_1.fastq.gz	http://ftp.sra.ebi.ac.uk/vol1/fastq/SRR106/073/SRR10614173/SRR10614173_2.fastq.gz	-	era-fasp@fasp.sra.ebi.ac.uk:vol1/fastq/SRR106/073/SRR10614173/SRR10614173_1.fastq.gz	era-fasp@fasp.sra.ebi.ac.uk:vol1/fastq/SRR106/073/SRR10614173/SRR10614173_2.fastq.gz
SRR10614174	SRP235361	Theobroma cacao leaf metagenome	SRX7293232	Fungal endophyte communities in leaves of Theobroma cacao, sample Tree46	Fungal endophyte communities in leaves of Theobroma cacao, sample Tree46	1297858	leaf metagenome	Fun_T46	AMPLICON	METAGENOMIC	PCR	PAIRED	SRS5786596	-	SAMN13519350	PRJNA594470	Illumina MiSeq	Illumina MiSeq	ILLUMINA	139086	55855518	139086	82710491	Fun_T46_R1.fastq.gz	SRR10614174.sralite	21208774	2020-06-22 12:10:38	66c34f4f41f5b71c90ba139a20ddd114	1	SRA Lite	Primary ETL	1	s3://sra-pub-zq-1/SRR10614174/SRR10614174.sralite.1	s3.us-east-1	aws identity	https://sra-downloadb.be-md.ncbi.nlm.nih.gov/sos5/sra-pub-zq-14/SRR010/614/SRR10614174.sralite.1	https://sra-downloadb.be-md.ncbi.nlm.nih.gov/sos5/sra-pub-zq-14/SRR010/614/SRR10614174.sralite.1	worldwide	anonymous	gs://sra-pub-zq-108/SRR10614174/SRR10614174.zq.1	gs.us-east1	gcp identity	-	2014	cropland biome	cacao plantation	leaf	Cameroon: Kedia	Theobroma cacao	4.4958 N 11.0781 E	469m	29.13	5m	Kedia	Kedia_rep6	MIGS/MIMS/MIMARKS.plant-associated	-	http://ftp.sra.ebi.ac.uk/vol1/fastq/SRR106/074/SRR10614174/SRR10614174_1.fastq.gz	http://ftp.sra.ebi.ac.uk/vol1/fastq/SRR106/074/SRR10614174/SRR10614174_2.fastq.gz	-	era-fasp@fasp.sra.ebi.ac.uk:vol1/fastq/SRR106/074/SRR10614174/SRR10614174_1.fastq.gz	era-fasp@fasp.sra.ebi.ac.uk:vol1/fastq/SRR106/074/SRR10614174/SRR10614174_2.fastq.gz
SRR10614175	SRP235361	Theobroma cacao leaf metagenome	SRX7293231	Fungal endophyte communities in leaves of Theobroma cacao, sample Tree45	Fungal endophyte communities in leaves of Theobroma cacao, sample Tree45	1297858	leaf metagenome	Fun_T45	AMPLICON	METAGENOMIC	PCR	PAIRED	SRS5786595	-	SAMN13519349	PRJNA594470	Illumina MiSeq	Illumina MiSeq	ILLUMINA	93879	36950889	93879	54182202	Fun_T45_R1.fastq.gz	SRR10614175.sralite	13936421	2020-06-22 12:10:29	5c3d13c9ba505e5bcdd83c533f04644b	1	SRA Lite	Primary ETL	1	s3://sra-pub-zq-3/SRR10614175/SRR10614175.sralite.1	s3.us-east-1	aws identity	https://sra-downloadb.be-md.ncbi.nlm.nih.gov/sos5/sra-pub-zq-14/SRR010/614/SRR10614175.sralite.1	https://sra-downloadb.be-md.ncbi.nlm.nih.gov/sos5/sra-pub-zq-14/SRR010/614/SRR10614175.sralite.1	worldwide	anonymous	gs://sra-pub-zq-108/SRR10614175/SRR10614175.zq.1	gs.us-east1	gcp identity	-	2014	cropland biome	cacao plantation	leaf	Cameroon: Kedia	Theobroma cacao	4.4958 N 11.0781 E	469m	29.13	6m	Kedia	Kedia_rep5	MIGS/MIMS/MIMARKS.plant-associated	-	http://ftp.sra.ebi.ac.uk/vol1/fastq/SRR106/075/SRR10614175/SRR10614175_1.fastq.gz	http://ftp.sra.ebi.ac.uk/vol1/fastq/SRR106/075/SRR10614175/SRR10614175_2.fastq.gz	-	era-fasp@fasp.sra.ebi.ac.uk:vol1/fastq/SRR106/075/SRR10614175/SRR10614175_1.fastq.gz	era-fasp@fasp.sra.ebi.ac.uk:vol1/fastq/SRR106/075/SRR10614175/SRR10614175_2.fastq.gz
SRR10614176	SRP235361	Theobroma cacao leaf metagenome	SRX7293230	Fungal endophyte communities in leaves of Theobroma cacao, sample Tree44	Fungal endophyte communities in leaves of Theobroma cacao, sample Tree44	1297858	leaf metagenome	Fun_T44	AMPLICON	METAGENOMIC	PCR	PAIRED	SRS5786594	-	SAMN13519348	PRJNA594470	Illumina MiSeq	Illumina MiSeq	ILLUMINA	137396	54258245	137396	81354150	Fun_T44_R1.fastq.gz	SRR10614176.sralite	20862153	2020-06-24 01:51:10	f9476a79d784195e752e62a5bec63f15	1	SRA Lite	Primary ETL	1	s3://sra-pub-zq-8/SRR10614176/SRR10614176.sralite.1	s3.us-east-1	aws identity	https://sra-downloadb.be-md.ncbi.nlm.nih.gov/sos5/sra-pub-zq-14/SRR010/614/SRR10614176.sralite.1	https://sra-downloadb.be-md.ncbi.nlm.nih.gov/sos5/sra-pub-zq-14/SRR010/614/SRR10614176.sralite.1	worldwide	anonymous	gs://sra-pub-zq-108/SRR10614176/SRR10614176.zq.1	gs.us-east1	gcp identity	-	2014	cropland biome	cacao plantation	leaf	Cameroon: Kedia	Theobroma cacao	4.5048 N 11.0793 E	280m	28.12	7.8m	Kedia	Kedia_rep4	MIGS/MIMS/MIMARKS.plant-associated	-	http://ftp.sra.ebi.ac.uk/vol1/fastq/SRR106/076/SRR10614176/SRR10614176_1.fastq.gz	http://ftp.sra.ebi.ac.uk/vol1/fastq/SRR106/076/SRR10614176/SRR10614176_2.fastq.gz	-	era-fasp@fasp.sra.ebi.ac.uk:vol1/fastq/SRR106/076/SRR10614176/SRR10614176_1.fastq.gz	era-fasp@fasp.sra.ebi.ac.uk:vol1/fastq/SRR106/076/SRR10614176/SRR10614176_2.fastq.gz
SRR10614177	SRP235361	Theobroma cacao leaf metagenome	SRX7293229	Fungal endophyte communities in leaves of Theobroma cacao, sample Tree43	Fungal endophyte communities in leaves of Theobroma cacao, sample Tree43	1297858	leaf metagenome	Fun_T43	AMPLICON	METAGENOMIC	PCR	PAIRED	SRS5786593	-	SAMN13519347	PRJNA594470	Illumina MiSeq	Illumina MiSeq	ILLUMINA	210911	84405604	210911	126256897	Fun_T43_R1.fastq.gz	SRR10614177.sralite	32239366	2020-06-24 01:51:36	2b4dedfcebb3ab815707e2694c3cb456	1	SRA Lite	Primary ETL	1	s3://sra-pub-zq-8/SRR10614177/SRR10614177.sralite.1	s3.us-east-1	aws identity	https://sra-downloadb.be-md.ncbi.nlm.nih.gov/sos5/sra-pub-zq-14/SRR010/614/SRR10614177.sralite.1	https://sra-downloadb.be-md.ncbi.nlm.nih.gov/sos5/sra-pub-zq-14/SRR010/614/SRR10614177.sralite.1	worldwide	anonymous	gs://sra-pub-zq-108/SRR10614177/SRR10614177.zq.1	gs.us-east1	gcp identity	-	2014	cropland biome	cacao plantation	leaf	Cameroon: Kedia	Theobroma cacao	4.5048 N 11.0793 E	280m	28.12	6.9m	Kedia	Kedia_rep3	MIGS/MIMS/MIMARKS.plant-associated	-	http://ftp.sra.ebi.ac.uk/vol1/fastq/SRR106/077/SRR10614177/SRR10614177_1.fastq.gz	http://ftp.sra.ebi.ac.uk/vol1/fastq/SRR106/077/SRR10614177/SRR10614177_2.fastq.gz	-	era-fasp@fasp.sra.ebi.ac.uk:vol1/fastq/SRR106/077/SRR10614177/SRR10614177_1.fastq.gz	era-fasp@fasp.sra.ebi.ac.uk:vol1/fastq/SRR106/077/SRR10614177/SRR10614177_2.fastq.gz
SRR10614178	SRP235361	Theobroma cacao leaf metagenome	SRX7293228	Fungal endophyte communities in leaves of Theobroma cacao, sample Tree42	Fungal endophyte communities in leaves of Theobroma cacao, sample Tree42	1297858	leaf metagenome	Fun_T42	AMPLICON	METAGENOMIC	PCR	PAIRED	SRS5786592	-	SAMN13519346	PRJNA594470	Illumina MiSeq	Illumina MiSeq	ILLUMINA	179592	71765483	179592	106610308	Fun_T42_R1.fastq.gz	SRR10614178.sralite	27248024	2020-06-24 01:51:07	edb9fa4d10b5359292175cc6d2e49512	1	SRA Lite	Primary ETL	1	s3://sra-pub-zq-8/SRR10614178/SRR10614178.sralite.1	s3.us-east-1	aws identity	https://sra-downloadb.be-md.ncbi.nlm.nih.gov/sos5/sra-pub-zq-14/SRR010/614/SRR10614178.sralite.1	https://sra-downloadb.be-md.ncbi.nlm.nih.gov/sos5/sra-pub-zq-14/SRR010/614/SRR10614178.sralite.1	worldwide	anonymous	gs://sra-pub-zq-108/SRR10614178/SRR10614178.zq.1	gs.us-east1	gcp identity	-	2014	cropland biome	cacao plantation	leaf	Cameroon: Kedia	Theobroma cacao	4.5681 N 11.1674 E	417m	28.12	8.5m	Kedia	Kedia_rep2	MIGS/MIMS/MIMARKS.plant-associated	-	http://ftp.sra.ebi.ac.uk/vol1/fastq/SRR106/078/SRR10614178/SRR10614178_1.fastq.gz	http://ftp.sra.ebi.ac.uk/vol1/fastq/SRR106/078/SRR10614178/SRR10614178_2.fastq.gz	-	era-fasp@fasp.sra.ebi.ac.uk:vol1/fastq/SRR106/078/SRR10614178/SRR10614178_1.fastq.gz	era-fasp@fasp.sra.ebi.ac.uk:vol1/fastq/SRR106/078/SRR10614178/SRR10614178_2.fastq.gz
SRR10614179	SRP235361	Theobroma cacao leaf metagenome	SRX7293227	Fungal endophyte communities in leaves of Theobroma cacao, sample Tree41	Fungal endophyte communities in leaves of Theobroma cacao, sample Tree41	1297858	leaf metagenome	Fun_T41	AMPLICON	METAGENOMIC	PCR	PAIRED	SRS5786591	-	SAMN13519345	PRJNA594470	Illumina MiSeq	Illumina MiSeq	ILLUMINA	65004	25837602	65004	38578596	Fun_T41_R1.fastq.gz	SRR10614179.sralite	9929979	2020-06-24 01:50:51	34283eadec0a95f3da29638f32f93e9c	1	SRA Lite	Primary ETL	1	s3://sra-pub-zq-8/SRR10614179/SRR10614179.sralite.1	s3.us-east-1	aws identity	https://sra-downloadb.be-md.ncbi.nlm.nih.gov/sos5/sra-pub-zq-14/SRR010/614/SRR10614179.sralite.1	https://sra-downloadb.be-md.ncbi.nlm.nih.gov/sos5/sra-pub-zq-14/SRR010/614/SRR10614179.sralite.1	worldwide	anonymous	gs://sra-pub-zq-108/SRR10614179/SRR10614179.zq.1	gs.us-east1	gcp identity	-	2014	cropland biome	cacao plantation	leaf	Cameroon: Kedia	Theobroma cacao	4.5681 N 11.1674 E	417m	28.12	7.9m	Kedia	Kedia_rep1	MIGS/MIMS/MIMARKS.plant-associated	-	http://ftp.sra.ebi.ac.uk/vol1/fastq/SRR106/079/SRR10614179/SRR10614179_1.fastq.gz	http://ftp.sra.ebi.ac.uk/vol1/fastq/SRR106/079/SRR10614179/SRR10614179_2.fastq.gz	-	era-fasp@fasp.sra.ebi.ac.uk:vol1/fastq/SRR106/079/SRR10614179/SRR10614179_1.fastq.gz	era-fasp@fasp.sra.ebi.ac.uk:vol1/fastq/SRR106/079/SRR10614179/SRR10614179_2.fastq.gz
SRR10614180	SRP235361	Theobroma cacao leaf metagenome	SRX7293226	Fungal endophyte communities in leaves of Theobroma cacao, sample Tree40	Fungal endophyte communities in leaves of Theobroma cacao, sample Tree40	1297858	leaf metagenome	Fun_T40	AMPLICON	METAGENOMIC	PCR	PAIRED	SRS5786590	-	SAMN13519344	PRJNA594470	Illumina MiSeq	Illumina MiSeq	ILLUMINA	56492	22027067	56492	33784871	Fun_T40_R1.fastq.gz	SRR10614180.sralite	8677857	2020-06-24 01:51:05	edb30b0c6ebc4ebced2b45df630795c8	1	SRA Lite	Primary ETL	1	s3://sra-pub-zq-8/SRR10614180/SRR10614180.sralite.1	s3.us-east-1	aws identity	https://sra-downloadb.be-md.ncbi.nlm.nih.gov/sos5/sra-pub-zq-14/SRR010/614/SRR10614180.sralite.1	https://sra-downloadb.be-md.ncbi.nlm.nih.gov/sos5/sra-pub-zq-14/SRR010/614/SRR10614180.sralite.1	worldwide	anonymous	gs://sra-pub-zq-108/SRR10614180/SRR10614180.zq.1	gs.us-east1	gcp identity	-	2014	cropland biome	cacao plantation	leaf	Cameroon: Bakoa	Theobroma cacao	4.5703 N 11.1661 E	288m	25.53	8.5m	Bakoa	Bakoa_rep8	MIGS/MIMS/MIMARKS.plant-associated	-	http://ftp.sra.ebi.ac.uk/vol1/fastq/SRR106/080/SRR10614180/SRR10614180_1.fastq.gz	http://ftp.sra.ebi.ac.uk/vol1/fastq/SRR106/080/SRR10614180/SRR10614180_2.fastq.gz	-	era-fasp@fasp.sra.ebi.ac.uk:vol1/fastq/SRR106/080/SRR10614180/SRR10614180_1.fastq.gz	era-fasp@fasp.sra.ebi.ac.uk:vol1/fastq/SRR106/080/SRR10614180/SRR10614180_2.fastq.gz
SRR10614181	SRP235361	Theobroma cacao leaf metagenome	SRX7293225	Fungal endophyte communities in leaves of Theobroma cacao, sample Tree39	Fungal endophyte communities in leaves of Theobroma cacao, sample Tree39	1297858	leaf metagenome	Fun_T39	AMPLICON	METAGENOMIC	PCR	PAIRED	SRS5786589	-	SAMN13519343	PRJNA594470	Illumina MiSeq	Illumina MiSeq	ILLUMINA	120528	48576890	120528	72182617	Fun_T39_R1.fastq.gz	SRR10614181.sralite	18446882	2020-06-24 01:51:08	3d132782c07dfef6b3891eca66aed0e8	1	SRA Lite	Primary ETL	1	s3://sra-pub-zq-8/SRR10614181/SRR10614181.sralite.1	s3.us-east-1	aws identity	https://sra-downloadb.be-md.ncbi.nlm.nih.gov/sos5/sra-pub-zq-14/SRR010/614/SRR10614181.sralite.1	https://sra-downloadb.be-md.ncbi.nlm.nih.gov/sos5/sra-pub-zq-14/SRR010/614/SRR10614181.sralite.1	worldwide	anonymous	gs://sra-pub-zq-108/SRR10614181/SRR10614181.zq.1	gs.us-east1	gcp identity	-	2014	cropland biome	cacao plantation	leaf	Cameroon: Bakoa	Theobroma cacao	4.5703 N 11.1661 E	288m	25.53	7.9m	Bakoa	Bakoa_rep7	MIGS/MIMS/MIMARKS.plant-associated	-	http://ftp.sra.ebi.ac.uk/vol1/fastq/SRR106/081/SRR10614181/SRR10614181_1.fastq.gz	http://ftp.sra.ebi.ac.uk/vol1/fastq/SRR106/081/SRR10614181/SRR10614181_2.fastq.gz	-	era-fasp@fasp.sra.ebi.ac.uk:vol1/fastq/SRR106/081/SRR10614181/SRR10614181_1.fastq.gz	era-fasp@fasp.sra.ebi.ac.uk:vol1/fastq/SRR106/081/SRR10614181/SRR10614181_2.fastq.gz
SRR10614182	SRP235361	Theobroma cacao leaf metagenome	SRX7293224	Fungal endophyte communities in leaves of Theobroma cacao, sample Tree38	Fungal endophyte communities in leaves of Theobroma cacao, sample Tree38	1297858	leaf metagenome	Fun_T38	AMPLICON	METAGENOMIC	PCR	PAIRED	SRS5786588	-	SAMN13519342	PRJNA594470	Illumina MiSeq	Illumina MiSeq	ILLUMINA	116458	46626327	116458	69647972	Fun_T38_R1.fastq.gz	SRR10614182.sralite	17817001	2020-06-24 01:51:17	39496c2426c12358d3600017c246c8bd	1	SRA Lite	Primary ETL	1	s3://sra-pub-zq-8/SRR10614182/SRR10614182.sralite.1	s3.us-east-1	aws identity	https://sra-downloadb.be-md.ncbi.nlm.nih.gov/sos5/sra-pub-zq-14/SRR010/614/SRR10614182.sralite.1	https://sra-downloadb.be-md.ncbi.nlm.nih.gov/sos5/sra-pub-zq-14/SRR010/614/SRR10614182.sralite.1	worldwide	anonymous	gs://sra-pub-zq-108/SRR10614182/SRR10614182.zq.1	gs.us-east1	gcp identity	-	2014	cropland biome	cacao plantation	leaf	Cameroon: Bakoa	Theobroma cacao	4.5703 N 11.1661 E	283m	27.3	11m	Bakoa	Bakoa_rep6	MIGS/MIMS/MIMARKS.plant-associated	-	http://ftp.sra.ebi.ac.uk/vol1/fastq/SRR106/082/SRR10614182/SRR10614182_1.fastq.gz	http://ftp.sra.ebi.ac.uk/vol1/fastq/SRR106/082/SRR10614182/SRR10614182_2.fastq.gz	-	era-fasp@fasp.sra.ebi.ac.uk:vol1/fastq/SRR106/082/SRR10614182/SRR10614182_1.fastq.gz	era-fasp@fasp.sra.ebi.ac.uk:vol1/fastq/SRR106/082/SRR10614182/SRR10614182_2.fastq.gz
SRR10614183	SRP235361	Theobroma cacao leaf metagenome	SRX7293223	Fungal endophyte communities in leaves of Theobroma cacao, sample Tree37	Fungal endophyte communities in leaves of Theobroma cacao, sample Tree37	1297858	leaf metagenome	Fun_T37	AMPLICON	METAGENOMIC	PCR	PAIRED	SRS5786587	-	SAMN13519341	PRJNA594470	Illumina MiSeq	Illumina MiSeq	ILLUMINA	75870	29496333	75870	45476502	Fun_T37_R1.fastq.gz	SRR10614183.sralite	11616897	2020-06-20 10:58:00	a8f9cbb2e9e5aa4037e59247b132f0c4	1	SRA Lite	Primary ETL	1	s3://sra-pub-zq-4/SRR10614183/SRR10614183.sralite.1	s3.us-east-1	aws identity	https://sra-downloadb.be-md.ncbi.nlm.nih.gov/sos9/sra-pub-zq-922/SRR010/614/SRR10614183.sralite.1	https://sra-downloadb.be-md.ncbi.nlm.nih.gov/sos9/sra-pub-zq-922/SRR010/614/SRR10614183.sralite.1	worldwide	anonymous	gs://sra-pub-zq-108/SRR10614183/SRR10614183.zq.1	gs.us-east1	gcp identity	-	2014	cropland biome	cacao plantation	leaf	Cameroon: Bakoa	Theobroma cacao	4.5703 N 11.1661 E	283m	27.3	10.5m	Bakoa	Bakoa_rep5	MIGS/MIMS/MIMARKS.plant-associated	-	http://ftp.sra.ebi.ac.uk/vol1/fastq/SRR106/083/SRR10614183/SRR10614183_1.fastq.gz	http://ftp.sra.ebi.ac.uk/vol1/fastq/SRR106/083/SRR10614183/SRR10614183_2.fastq.gz	-	era-fasp@fasp.sra.ebi.ac.uk:vol1/fastq/SRR106/083/SRR10614183/SRR10614183_1.fastq.gz	era-fasp@fasp.sra.ebi.ac.uk:vol1/fastq/SRR106/083/SRR10614183/SRR10614183_2.fastq.gz
SRR10614184	SRP235361	Theobroma cacao leaf metagenome	SRX7293222	Bacterial endophyte communities in leaves of Theobroma cacao, sample Tree11	Bacterial endophyte communities in leaves of Theobroma cacao, sample Tree11	1297858	leaf metagenome	Bac_T11	AMPLICON	METAGENOMIC	PCR	PAIRED	SRS5786586	-	SAMN13519315	PRJNA594470	Illumina MiSeq	Illumina MiSeq	ILLUMINA	42104	17514931	42104	25206254	Bac_T11_R1.fastq.gz	SRR10614184.sralite	6460537	2020-06-20 10:58:02	83db9557fb53d4418cd73662b27d279e	1	SRA Lite	Primary ETL	1	s3://sra-pub-zq-4/SRR10614184/SRR10614184.sralite.1	s3.us-east-1	aws identity	https://sra-downloadb.be-md.ncbi.nlm.nih.gov/sos5/sra-pub-zq-16/SRR010/614/SRR10614184.sralite.1	https://sra-downloadb.be-md.ncbi.nlm.nih.gov/sos5/sra-pub-zq-16/SRR010/614/SRR10614184.sralite.1	worldwide	anonymous	gs://sra-pub-zq-108/SRR10614184/SRR10614184.zq.1	gs.us-east1	gcp identity	-	2014	cropland biome	cacao plantation	leaf	Cameroon: Boumnyebel	Theobroma cacao	3.9378 N 10.9756 E	376m	24.18	5.8m	Simanya	Boumnyebel_rep11	MIGS/MIMS/MIMARKS.plant-associated	-	http://ftp.sra.ebi.ac.uk/vol1/fastq/SRR106/084/SRR10614184/SRR10614184_1.fastq.gz	http://ftp.sra.ebi.ac.uk/vol1/fastq/SRR106/084/SRR10614184/SRR10614184_2.fastq.gz	-	era-fasp@fasp.sra.ebi.ac.uk:vol1/fastq/SRR106/084/SRR10614184/SRR10614184_1.fastq.gz	era-fasp@fasp.sra.ebi.ac.uk:vol1/fastq/SRR106/084/SRR10614184/SRR10614184_2.fastq.gz
SRR10614185	SRP235361	Theobroma cacao leaf metagenome	SRX7293221	Bacterial endophyte communities in leaves of Theobroma cacao, sample Tree02	Bacterial endophyte communities in leaves of Theobroma cacao, sample Tree02	1297858	leaf metagenome	Bac_T2	AMPLICON	METAGENOMIC	PCR	PAIRED	SRS5786585	-	SAMN13519306	PRJNA594470	Illumina MiSeq	Illumina MiSeq	ILLUMINA	80885	32084299	80885	48453264	Bac_T2_R1.fastq.gz	SRR10614185.sralite	12340447	2020-06-20 10:58:20	b8cfddc203688384b6557d1971915419	1	SRA Lite	Primary ETL	1	s3://sra-pub-zq-4/SRR10614185/SRR10614185.sralite.1	s3.us-east-1	aws identity	https://sra-downloadb.be-md.ncbi.nlm.nih.gov/sos5/sra-pub-zq-16/SRR010/614/SRR10614185.sralite.1	https://sra-downloadb.be-md.ncbi.nlm.nih.gov/sos5/sra-pub-zq-16/SRR010/614/SRR10614185.sralite.1	worldwide	anonymous	gs://sra-pub-zq-108/SRR10614185/SRR10614185.zq.1	gs.us-east1	gcp identity	-	2014	cropland biome	cacao plantation	leaf	Cameroon: Boumnyebel	Theobroma cacao	3.9357 N 10.9946 E	374m	23.19	6.8m	Pan-Makak	Boumnyebel_rep2	MIGS/MIMS/MIMARKS.plant-associated	-	http://ftp.sra.ebi.ac.uk/vol1/fastq/SRR106/085/SRR10614185/SRR10614185_1.fastq.gz	http://ftp.sra.ebi.ac.uk/vol1/fastq/SRR106/085/SRR10614185/SRR10614185_2.fastq.gz	-	era-fasp@fasp.sra.ebi.ac.uk:vol1/fastq/SRR106/085/SRR10614185/SRR10614185_1.fastq.gz	era-fasp@fasp.sra.ebi.ac.uk:vol1/fastq/SRR106/085/SRR10614185/SRR10614185_2.fastq.gz
SRR10614186	SRP235361	Theobroma cacao leaf metagenome	SRX7293220	Bacterial endophyte communities in leaves of Theobroma cacao, sample Tree01	Bacterial endophyte communities in leaves of Theobroma cacao, sample Tree01	1297858	leaf metagenome	Bac_T1	AMPLICON	METAGENOMIC	PCR	PAIRED	SRS5786584	-	SAMN13519305	PRJNA594470	Illumina MiSeq	Illumina MiSeq	ILLUMINA	56707	22561406	56707	33894189	Bac_T1_R1.fastq.gz	SRR10614186.sralite	8665503	2020-06-20 10:58:00	35b9e92bbbb6c4d82d98bfe95d529dd9	1	SRA Lite	Primary ETL	1	s3://sra-pub-zq-7/SRR10614186/SRR10614186.sralite.1	s3.us-east-1	aws identity	https://sra-downloadb.be-md.ncbi.nlm.nih.gov/sos9/sra-pub-zq-922/SRR010/614/SRR10614186.sralite.1	https://sra-downloadb.be-md.ncbi.nlm.nih.gov/sos9/sra-pub-zq-922/SRR010/614/SRR10614186.sralite.1	worldwide	anonymous	gs://sra-pub-zq-108/SRR10614186/SRR10614186.zq.1	gs.us-east1	gcp identity	-	2014	cropland biome	cacao plantation	leaf	Cameroon: Boumnyebel	Theobroma cacao	3.9357 N 10.9946 E	374m	23.19	6m	Pan-Makak	Boumnyebel_rep1	MIGS/MIMS/MIMARKS.plant-associated	-	http://ftp.sra.ebi.ac.uk/vol1/fastq/SRR106/086/SRR10614186/SRR10614186_1.fastq.gz	http://ftp.sra.ebi.ac.uk/vol1/fastq/SRR106/086/SRR10614186/SRR10614186_2.fastq.gz	-	era-fasp@fasp.sra.ebi.ac.uk:vol1/fastq/SRR106/086/SRR10614186/SRR10614186_1.fastq.gz	era-fasp@fasp.sra.ebi.ac.uk:vol1/fastq/SRR106/086/SRR10614186/SRR10614186_2.fastq.gz
