run_accession	study_accession	study_title	experiment_accession	experiment_title	experiment_desc	organism_taxid	organism_name	library_name	library_strategy	library_source	library_selection	library_layout	sample_accession	sample_title	biosample	bioproject	instrument	instrument_model	instrument_model_desc	total_spots	total_size	run_total_spots	run_total_bases	run_alias	public_filename	public_size	public_date	public_md5	public_version	public_semantic_name	public_supertype	public_sratoolkit	aws_url	aws_free_egress	aws_access_type	public_url	ncbi_url	ncbi_free_egress	ncbi_access_type	gcp_url	gcp_free_egress	gcp_access_type	experiment_alias	collection_date	env_broad_scale	env_local_scale	env_medium	geo_loc_name	host	lat_lon	id	biosamplemodel	ena_fastq_http	ena_fastq_http_1	ena_fastq_http_2	ena_fastq_ftp	ena_fastq_ftp_1	ena_fastq_ftp_2
SRR23126322	SRP418302	Cacao phyllosphere microbiome is related to Phytophthora palmivora resistance	SRX19077292	amplicon sequencing of Theobroma cacao: phyllosphere microbiome	amplicon sequencing of Theobroma cacao: phyllosphere microbiome	662107	phyllosphere metagenome	m1_2_1_16S	AMPLICON	METAGENOMIC	PCR	PAIRED	SRS16492252	-	SAMN32798685	PRJNA925518	Illumina NovaSeq 6000	Illumina NovaSeq 6000	ILLUMINA	171398	16358193	171398	76957320	m1_2_1_1.fq	SRR23126322.lite	11753888	2023-01-29 06:59:17	3554b2a57be48c519910a4faa4009f8c	1	SRA Lite	Primary ETL	1	s3://sra-pub-zq-5/SRR23126322/SRR23126322.lite.1	s3.us-east-1	aws identity	https://sra-downloadb.be-md.ncbi.nlm.nih.gov/sos9/sra-pub-zq-922/SRR023/23126/SRR23126322/SRR23126322.lite.1	https://sra-downloadb.be-md.ncbi.nlm.nih.gov/sos9/sra-pub-zq-922/SRR023/23126/SRR23126322/SRR23126322.lite.1	worldwide	anonymous	gs://sra-pub-zq-102/SRR23126322/SRR23126322.lite.1	gs.us-east1	gcp identity	-	2021-12-03	cacao field	cacao tree	plant leaf	USA: Miami, FL	Theobroma cacao	25.64 N 80.29 W	m1_2_1	MIGS/MIMS/MIMARKS.plant-associated	-	http://ftp.sra.ebi.ac.uk/vol1/fastq/SRR231/022/SRR23126322/SRR23126322_1.fastq.gz	http://ftp.sra.ebi.ac.uk/vol1/fastq/SRR231/022/SRR23126322/SRR23126322_2.fastq.gz	-	era-fasp@fasp.sra.ebi.ac.uk:vol1/fastq/SRR231/022/SRR23126322/SRR23126322_1.fastq.gz	era-fasp@fasp.sra.ebi.ac.uk:vol1/fastq/SRR231/022/SRR23126322/SRR23126322_2.fastq.gz
SRR23126323	SRP418302	Cacao phyllosphere microbiome is related to Phytophthora palmivora resistance	SRX19077291	amplicon sequencing of Theobroma cacao: phyllosphere microbiome	amplicon sequencing of Theobroma cacao: phyllosphere microbiome	662107	phyllosphere metagenome	m1_1_9_16S	AMPLICON	METAGENOMIC	PCR	PAIRED	SRS16492251	-	SAMN32798684	PRJNA925518	Illumina NovaSeq 6000	Illumina NovaSeq 6000	ILLUMINA	169266	17716421	169266	75999907	m1_1_9_1.fq	SRR23126323.lite	13123586	2023-01-29 06:59:16	c3ed4207699a6eb543d00e642f38dc35	1	SRA Lite	Primary ETL	1	s3://sra-pub-zq-5/SRR23126323/SRR23126323.lite.1	s3.us-east-1	aws identity	https://sra-downloadb.be-md.ncbi.nlm.nih.gov/sos9/sra-pub-zq-922/SRR023/23126/SRR23126323/SRR23126323.lite.1	https://sra-downloadb.be-md.ncbi.nlm.nih.gov/sos9/sra-pub-zq-922/SRR023/23126/SRR23126323/SRR23126323.lite.1	worldwide	anonymous	gs://sra-pub-zq-102/SRR23126323/SRR23126323.lite.1	gs.us-east1	gcp identity	-	2021-11-19	cacao field	cacao tree	plant leaf	USA: Miami, FL	Theobroma cacao	25.64 N 80.29 W	m1_1_9	MIGS/MIMS/MIMARKS.plant-associated	-	http://ftp.sra.ebi.ac.uk/vol1/fastq/SRR231/023/SRR23126323/SRR23126323_1.fastq.gz	http://ftp.sra.ebi.ac.uk/vol1/fastq/SRR231/023/SRR23126323/SRR23126323_2.fastq.gz	-	era-fasp@fasp.sra.ebi.ac.uk:vol1/fastq/SRR231/023/SRR23126323/SRR23126323_1.fastq.gz	era-fasp@fasp.sra.ebi.ac.uk:vol1/fastq/SRR231/023/SRR23126323/SRR23126323_2.fastq.gz
SRR23126324	SRP418302	Cacao phyllosphere microbiome is related to Phytophthora palmivora resistance	SRX19077290	amplicon sequencing of Theobroma cacao: phyllosphere microbiome	amplicon sequencing of Theobroma cacao: phyllosphere microbiome	662107	phyllosphere metagenome	m3_1_9F_ITS	AMPLICON	METAGENOMIC	PCR	PAIRED	SRS16492250	-	SAMN32798754	PRJNA925518	Illumina NovaSeq 6000	Illumina NovaSeq 6000	ILLUMINA	181136	29273933	181136	80786391	m3_1_9F_1.fq	SRR23126324.lite	20380355	2023-01-29 06:59:17	0f318578256c88bb4f318ae47444966f	1	SRA Lite	Primary ETL	1	s3://sra-pub-zq-5/SRR23126324/SRR23126324.lite.1	s3.us-east-1	aws identity	https://sra-downloadb.be-md.ncbi.nlm.nih.gov/sos9/sra-pub-zq-922/SRR023/23126/SRR23126324/SRR23126324.lite.1	https://sra-downloadb.be-md.ncbi.nlm.nih.gov/sos9/sra-pub-zq-922/SRR023/23126/SRR23126324/SRR23126324.lite.1	worldwide	anonymous	gs://sra-pub-zq-102/SRR23126324/SRR23126324.lite.1	gs.us-east1	gcp identity	-	2021-11-19	cacao field	cacao tree	plant leaf	USA: Miami, FL	Theobroma cacao	25.64 N 80.29 W	m3_1_9F	MIGS/MIMS/MIMARKS.plant-associated	-	http://ftp.sra.ebi.ac.uk/vol1/fastq/SRR231/024/SRR23126324/SRR23126324_1.fastq.gz	http://ftp.sra.ebi.ac.uk/vol1/fastq/SRR231/024/SRR23126324/SRR23126324_2.fastq.gz	-	era-fasp@fasp.sra.ebi.ac.uk:vol1/fastq/SRR231/024/SRR23126324/SRR23126324_1.fastq.gz	era-fasp@fasp.sra.ebi.ac.uk:vol1/fastq/SRR231/024/SRR23126324/SRR23126324_2.fastq.gz
SRR23126325	SRP418302	Cacao phyllosphere microbiome is related to Phytophthora palmivora resistance	SRX19077289	amplicon sequencing of Theobroma cacao: phyllosphere microbiome	amplicon sequencing of Theobroma cacao: phyllosphere microbiome	662107	phyllosphere metagenome	m3_1_8F_ITS	AMPLICON	METAGENOMIC	PCR	PAIRED	SRS16492249	-	SAMN32798753	PRJNA925518	Illumina NovaSeq 6000	Illumina NovaSeq 6000	ILLUMINA	152276	24690307	152276	67914783	m3_1_8F_1.fq	SRR23126325.lite	17183348	2023-01-29 14:32:01	97ddad82e336b639487f73b398115f2e	1	SRA Lite	Primary ETL	1	s3://sra-pub-zq-5/SRR23126325/SRR23126325.lite.1	s3.us-east-1	aws identity	https://sra-downloadb.be-md.ncbi.nlm.nih.gov/sos9/sra-pub-zq-922/SRR023/23126/SRR23126325/SRR23126325.lite.1	https://sra-downloadb.be-md.ncbi.nlm.nih.gov/sos9/sra-pub-zq-922/SRR023/23126/SRR23126325/SRR23126325.lite.1	worldwide	anonymous	gs://sra-pub-zq-102/SRR23126325/SRR23126325.lite.1	gs.us-east1	gcp identity	-	2021-11-19	cacao field	cacao tree	plant leaf	USA: Miami, FL	Theobroma cacao	25.64 N 80.29 W	m3_1_8F	MIGS/MIMS/MIMARKS.plant-associated	-	http://ftp.sra.ebi.ac.uk/vol1/fastq/SRR231/025/SRR23126325/SRR23126325_1.fastq.gz	http://ftp.sra.ebi.ac.uk/vol1/fastq/SRR231/025/SRR23126325/SRR23126325_2.fastq.gz	-	era-fasp@fasp.sra.ebi.ac.uk:vol1/fastq/SRR231/025/SRR23126325/SRR23126325_1.fastq.gz	era-fasp@fasp.sra.ebi.ac.uk:vol1/fastq/SRR231/025/SRR23126325/SRR23126325_2.fastq.gz
SRR23126326	SRP418302	Cacao phyllosphere microbiome is related to Phytophthora palmivora resistance	SRX19077288	amplicon sequencing of Theobroma cacao: phyllosphere microbiome	amplicon sequencing of Theobroma cacao: phyllosphere microbiome	662107	phyllosphere metagenome	m3_1_7F_ITS	AMPLICON	METAGENOMIC	PCR	PAIRED	SRS16492248	-	SAMN32798752	PRJNA925518	Illumina NovaSeq 6000	Illumina NovaSeq 6000	ILLUMINA	182518	28897370	182518	81402574	m3_1_7F_1.fq	SRR23126326.lite	20187571	2023-01-29 12:09:28	fef36a5859afb704429a5cb277e17e81	1	SRA Lite	Primary ETL	1	s3://sra-pub-zq-5/SRR23126326/SRR23126326.lite.1	s3.us-east-1	aws identity	https://sra-downloadb.be-md.ncbi.nlm.nih.gov/sos9/sra-pub-zq-922/SRR023/23126/SRR23126326/SRR23126326.lite.1	https://sra-downloadb.be-md.ncbi.nlm.nih.gov/sos9/sra-pub-zq-922/SRR023/23126/SRR23126326/SRR23126326.lite.1	worldwide	anonymous	gs://sra-pub-zq-102/SRR23126326/SRR23126326.lite.1	gs.us-east1	gcp identity	-	2021-11-19	cacao field	cacao tree	plant leaf	USA: Miami, FL	Theobroma cacao	25.64 N 80.29 W	m3_1_7F	MIGS/MIMS/MIMARKS.plant-associated	-	http://ftp.sra.ebi.ac.uk/vol1/fastq/SRR231/026/SRR23126326/SRR23126326_1.fastq.gz	http://ftp.sra.ebi.ac.uk/vol1/fastq/SRR231/026/SRR23126326/SRR23126326_2.fastq.gz	-	era-fasp@fasp.sra.ebi.ac.uk:vol1/fastq/SRR231/026/SRR23126326/SRR23126326_1.fastq.gz	era-fasp@fasp.sra.ebi.ac.uk:vol1/fastq/SRR231/026/SRR23126326/SRR23126326_2.fastq.gz
SRR23126327	SRP418302	Cacao phyllosphere microbiome is related to Phytophthora palmivora resistance	SRX19077287	amplicon sequencing of Theobroma cacao: phyllosphere microbiome	amplicon sequencing of Theobroma cacao: phyllosphere microbiome	662107	phyllosphere metagenome	m3_1_6F_ITS	AMPLICON	METAGENOMIC	PCR	PAIRED	SRS16492247	-	SAMN32798751	PRJNA925518	Illumina NovaSeq 6000	Illumina NovaSeq 6000	ILLUMINA	124768	18887673	124768	55646253	m3_1_6F_1.fq	SRR23126327.lite	13152408	2023-01-29 14:32:00	1200c07d41243e9110bac31bea04309e	1	SRA Lite	Primary ETL	1	s3://sra-pub-zq-5/SRR23126327/SRR23126327.lite.1	s3.us-east-1	aws identity	https://sra-downloadb.be-md.ncbi.nlm.nih.gov/sos9/sra-pub-zq-922/SRR023/23126/SRR23126327/SRR23126327.lite.1	https://sra-downloadb.be-md.ncbi.nlm.nih.gov/sos9/sra-pub-zq-922/SRR023/23126/SRR23126327/SRR23126327.lite.1	worldwide	anonymous	gs://sra-pub-zq-102/SRR23126327/SRR23126327.lite.1	gs.us-east1	gcp identity	-	2021-11-19	cacao field	cacao tree	plant leaf	USA: Miami, FL	Theobroma cacao	25.64 N 80.29 W	m3_1_6F	MIGS/MIMS/MIMARKS.plant-associated	-	http://ftp.sra.ebi.ac.uk/vol1/fastq/SRR231/027/SRR23126327/SRR23126327_1.fastq.gz	http://ftp.sra.ebi.ac.uk/vol1/fastq/SRR231/027/SRR23126327/SRR23126327_2.fastq.gz	-	era-fasp@fasp.sra.ebi.ac.uk:vol1/fastq/SRR231/027/SRR23126327/SRR23126327_1.fastq.gz	era-fasp@fasp.sra.ebi.ac.uk:vol1/fastq/SRR231/027/SRR23126327/SRR23126327_2.fastq.gz
SRR23126328	SRP418302	Cacao phyllosphere microbiome is related to Phytophthora palmivora resistance	SRX19077286	amplicon sequencing of Theobroma cacao: phyllosphere microbiome	amplicon sequencing of Theobroma cacao: phyllosphere microbiome	662107	phyllosphere metagenome	m3_1_5F_ITS	AMPLICON	METAGENOMIC	PCR	PAIRED	SRS16492246	-	SAMN32798750	PRJNA925518	Illumina NovaSeq 6000	Illumina NovaSeq 6000	ILLUMINA	162919	26519729	162919	72661142	m3_1_5F_1.fq	SRR23126328.lite	18411391	2023-01-29 14:32:01	caf4f3b1010d971384b9eb7a109a2bf2	1	SRA Lite	Primary ETL	1	s3://sra-pub-zq-5/SRR23126328/SRR23126328.lite.1	s3.us-east-1	aws identity	https://sra-downloadb.be-md.ncbi.nlm.nih.gov/sos9/sra-pub-zq-922/SRR023/23126/SRR23126328/SRR23126328.lite.1	https://sra-downloadb.be-md.ncbi.nlm.nih.gov/sos9/sra-pub-zq-922/SRR023/23126/SRR23126328/SRR23126328.lite.1	worldwide	anonymous	gs://sra-pub-zq-102/SRR23126328/SRR23126328.lite.1	gs.us-east1	gcp identity	-	2021-11-19	cacao field	cacao tree	plant leaf	USA: Miami, FL	Theobroma cacao	25.64 N 80.29 W	m3_1_5F	MIGS/MIMS/MIMARKS.plant-associated	-	http://ftp.sra.ebi.ac.uk/vol1/fastq/SRR231/028/SRR23126328/SRR23126328_1.fastq.gz	http://ftp.sra.ebi.ac.uk/vol1/fastq/SRR231/028/SRR23126328/SRR23126328_2.fastq.gz	-	era-fasp@fasp.sra.ebi.ac.uk:vol1/fastq/SRR231/028/SRR23126328/SRR23126328_1.fastq.gz	era-fasp@fasp.sra.ebi.ac.uk:vol1/fastq/SRR231/028/SRR23126328/SRR23126328_2.fastq.gz
SRR23126329	SRP418302	Cacao phyllosphere microbiome is related to Phytophthora palmivora resistance	SRX19077285	amplicon sequencing of Theobroma cacao: phyllosphere microbiome	amplicon sequencing of Theobroma cacao: phyllosphere microbiome	662107	phyllosphere metagenome	m3_1_4F_ITS	AMPLICON	METAGENOMIC	PCR	PAIRED	SRS16492244	-	SAMN32798749	PRJNA925518	Illumina NovaSeq 6000	Illumina NovaSeq 6000	ILLUMINA	154677	25392976	154677	68985149	m3_1_4F_1.fq	SRR23126329.lite	17554909	2023-01-29 06:02:55	961804227ec512e0509209ca56055131	1	SRA Lite	Primary ETL	1	s3://sra-pub-zq-5/SRR23126329/SRR23126329.lite.1	s3.us-east-1	aws identity	https://sra-downloadb.be-md.ncbi.nlm.nih.gov/sos9/sra-pub-zq-922/SRR023/23126/SRR23126329/SRR23126329.lite.1	https://sra-downloadb.be-md.ncbi.nlm.nih.gov/sos9/sra-pub-zq-922/SRR023/23126/SRR23126329/SRR23126329.lite.1	worldwide	anonymous	gs://sra-pub-zq-102/SRR23126329/SRR23126329.lite.1	gs.us-east1	gcp identity	-	2021-11-19	cacao field	cacao tree	plant leaf	USA: Miami, FL	Theobroma cacao	25.64 N 80.29 W	m3_1_4F	MIGS/MIMS/MIMARKS.plant-associated	-	http://ftp.sra.ebi.ac.uk/vol1/fastq/SRR231/029/SRR23126329/SRR23126329_1.fastq.gz	http://ftp.sra.ebi.ac.uk/vol1/fastq/SRR231/029/SRR23126329/SRR23126329_2.fastq.gz	-	era-fasp@fasp.sra.ebi.ac.uk:vol1/fastq/SRR231/029/SRR23126329/SRR23126329_1.fastq.gz	era-fasp@fasp.sra.ebi.ac.uk:vol1/fastq/SRR231/029/SRR23126329/SRR23126329_2.fastq.gz
SRR23126330	SRP418302	Cacao phyllosphere microbiome is related to Phytophthora palmivora resistance	SRX19077284	amplicon sequencing of Theobroma cacao: phyllosphere microbiome	amplicon sequencing of Theobroma cacao: phyllosphere microbiome	662107	phyllosphere metagenome	m3_1_3F_ITS	AMPLICON	METAGENOMIC	PCR	PAIRED	SRS16492245	-	SAMN32798748	PRJNA925518	Illumina NovaSeq 6000	Illumina NovaSeq 6000	ILLUMINA	157115	25721022	157115	70072731	m3_1_3F_1.fq	SRR23126330.lite	17781305	2023-01-29 06:02:54	8ceb7e1c3bfb894bc79ee5cdfabce4c4	1	SRA Lite	Primary ETL	1	s3://sra-pub-zq-5/SRR23126330/SRR23126330.lite.1	s3.us-east-1	aws identity	https://sra-downloadb.be-md.ncbi.nlm.nih.gov/sos9/sra-pub-zq-922/SRR023/23126/SRR23126330/SRR23126330.lite.1	https://sra-downloadb.be-md.ncbi.nlm.nih.gov/sos9/sra-pub-zq-922/SRR023/23126/SRR23126330/SRR23126330.lite.1	worldwide	anonymous	gs://sra-pub-zq-102/SRR23126330/SRR23126330.lite.1	gs.us-east1	gcp identity	-	2021-11-19	cacao field	cacao tree	plant leaf	USA: Miami, FL	Theobroma cacao	25.64 N 80.29 W	m3_1_3F	MIGS/MIMS/MIMARKS.plant-associated	-	http://ftp.sra.ebi.ac.uk/vol1/fastq/SRR231/030/SRR23126330/SRR23126330_1.fastq.gz	http://ftp.sra.ebi.ac.uk/vol1/fastq/SRR231/030/SRR23126330/SRR23126330_2.fastq.gz	-	era-fasp@fasp.sra.ebi.ac.uk:vol1/fastq/SRR231/030/SRR23126330/SRR23126330_1.fastq.gz	era-fasp@fasp.sra.ebi.ac.uk:vol1/fastq/SRR231/030/SRR23126330/SRR23126330_2.fastq.gz
SRR23126331	SRP418302	Cacao phyllosphere microbiome is related to Phytophthora palmivora resistance	SRX19077283	amplicon sequencing of Theobroma cacao: phyllosphere microbiome	amplicon sequencing of Theobroma cacao: phyllosphere microbiome	662107	phyllosphere metagenome	m3_1_2F_ITS	AMPLICON	METAGENOMIC	PCR	PAIRED	SRS16492243	-	SAMN32798747	PRJNA925518	Illumina NovaSeq 6000	Illumina NovaSeq 6000	ILLUMINA	186326	30389041	186326	83100525	m3_1_2F_1.fq	SRR23126331.lite	21089486	2023-01-29 15:50:12	0f60b3bf1d1c77143a19e184e9631185	1	SRA Lite	Primary ETL	1	s3://sra-pub-zq-5/SRR23126331/SRR23126331.lite.1	s3.us-east-1	aws identity	https://sra-downloadb.be-md.ncbi.nlm.nih.gov/sos9/sra-pub-zq-922/SRR023/23126/SRR23126331/SRR23126331.lite.1	https://sra-downloadb.be-md.ncbi.nlm.nih.gov/sos9/sra-pub-zq-922/SRR023/23126/SRR23126331/SRR23126331.lite.1	worldwide	anonymous	gs://sra-pub-zq-102/SRR23126331/SRR23126331.lite.1	gs.us-east1	gcp identity	-	2021-11-19	cacao field	cacao tree	plant leaf	USA: Miami, FL	Theobroma cacao	25.64 N 80.29 W	m3_1_2F	MIGS/MIMS/MIMARKS.plant-associated	-	http://ftp.sra.ebi.ac.uk/vol1/fastq/SRR231/031/SRR23126331/SRR23126331_1.fastq.gz	http://ftp.sra.ebi.ac.uk/vol1/fastq/SRR231/031/SRR23126331/SRR23126331_2.fastq.gz	-	era-fasp@fasp.sra.ebi.ac.uk:vol1/fastq/SRR231/031/SRR23126331/SRR23126331_1.fastq.gz	era-fasp@fasp.sra.ebi.ac.uk:vol1/fastq/SRR231/031/SRR23126331/SRR23126331_2.fastq.gz
SRR23126332	SRP418302	Cacao phyllosphere microbiome is related to Phytophthora palmivora resistance	SRX19077282	amplicon sequencing of Theobroma cacao: phyllosphere microbiome	amplicon sequencing of Theobroma cacao: phyllosphere microbiome	662107	phyllosphere metagenome	m3_1_1F_ITS	AMPLICON	METAGENOMIC	PCR	PAIRED	SRS16492242	-	SAMN32798746	PRJNA925518	Illumina NovaSeq 6000	Illumina NovaSeq 6000	ILLUMINA	184882	30087646	184882	82456603	m3_1_1F_1.fq	SRR23126332.lite	20852810	2023-01-29 06:02:56	6cba3475898fd6047611c74685e935e7	1	SRA Lite	Primary ETL	1	s3://sra-pub-zq-5/SRR23126332/SRR23126332.lite.1	s3.us-east-1	aws identity	https://sra-downloadb.be-md.ncbi.nlm.nih.gov/sos9/sra-pub-zq-922/SRR023/23126/SRR23126332/SRR23126332.lite.1	https://sra-downloadb.be-md.ncbi.nlm.nih.gov/sos9/sra-pub-zq-922/SRR023/23126/SRR23126332/SRR23126332.lite.1	worldwide	anonymous	gs://sra-pub-zq-102/SRR23126332/SRR23126332.lite.1	gs.us-east1	gcp identity	-	2021-11-19	cacao field	cacao tree	plant leaf	USA: Miami, FL	Theobroma cacao	25.64 N 80.29 W	m3_1_1F	MIGS/MIMS/MIMARKS.plant-associated	-	http://ftp.sra.ebi.ac.uk/vol1/fastq/SRR231/032/SRR23126332/SRR23126332_1.fastq.gz	http://ftp.sra.ebi.ac.uk/vol1/fastq/SRR231/032/SRR23126332/SRR23126332_2.fastq.gz	-	era-fasp@fasp.sra.ebi.ac.uk:vol1/fastq/SRR231/032/SRR23126332/SRR23126332_1.fastq.gz	era-fasp@fasp.sra.ebi.ac.uk:vol1/fastq/SRR231/032/SRR23126332/SRR23126332_2.fastq.gz
SRR23126333	SRP418302	Cacao phyllosphere microbiome is related to Phytophthora palmivora resistance	SRX19077281	amplicon sequencing of Theobroma cacao: phyllosphere microbiome	amplicon sequencing of Theobroma cacao: phyllosphere microbiome	662107	phyllosphere metagenome	m1_1_8_16S	AMPLICON	METAGENOMIC	PCR	PAIRED	SRS16492240	-	SAMN32798683	PRJNA925518	Illumina NovaSeq 6000	Illumina NovaSeq 6000	ILLUMINA	164856	15727225	164856	74019882	m1_1_8_1.fq	SRR23126333.lite	11315731	2023-01-29 13:06:49	3f1b2440d5055b373418048ff1a42585	1	SRA Lite	Primary ETL	1	s3://sra-pub-zq-5/SRR23126333/SRR23126333.lite.1	s3.us-east-1	aws identity	https://sra-downloadb.be-md.ncbi.nlm.nih.gov/sos9/sra-pub-zq-922/SRR023/23126/SRR23126333/SRR23126333.lite.1	https://sra-downloadb.be-md.ncbi.nlm.nih.gov/sos9/sra-pub-zq-922/SRR023/23126/SRR23126333/SRR23126333.lite.1	worldwide	anonymous	gs://sra-pub-zq-102/SRR23126333/SRR23126333.lite.1	gs.us-east1	gcp identity	-	2021-11-19	cacao field	cacao tree	plant leaf	USA: Miami, FL	Theobroma cacao	25.64 N 80.29 W	m1_1_8	MIGS/MIMS/MIMARKS.plant-associated	-	http://ftp.sra.ebi.ac.uk/vol1/fastq/SRR231/033/SRR23126333/SRR23126333_1.fastq.gz	http://ftp.sra.ebi.ac.uk/vol1/fastq/SRR231/033/SRR23126333/SRR23126333_2.fastq.gz	-	era-fasp@fasp.sra.ebi.ac.uk:vol1/fastq/SRR231/033/SRR23126333/SRR23126333_1.fastq.gz	era-fasp@fasp.sra.ebi.ac.uk:vol1/fastq/SRR231/033/SRR23126333/SRR23126333_2.fastq.gz
SRR23126334	SRP418302	Cacao phyllosphere microbiome is related to Phytophthora palmivora resistance	SRX19077280	amplicon sequencing of Theobroma cacao: phyllosphere microbiome	amplicon sequencing of Theobroma cacao: phyllosphere microbiome	662107	phyllosphere metagenome	m3_2_11F_ITS	AMPLICON	METAGENOMIC	PCR	PAIRED	SRS16492241	-	SAMN32798745	PRJNA925518	Illumina NovaSeq 6000	Illumina NovaSeq 6000	ILLUMINA	187981	28747478	187981	83838424	m3_2_11F_1.fq	SRR23126334.lite	19928698	2023-01-29 08:24:38	84143f370adf757e6c380dc0807f0f79	1	SRA Lite	Primary ETL	1	s3://sra-pub-zq-5/SRR23126334/SRR23126334.lite.1	s3.us-east-1	aws identity	https://sra-downloadb.be-md.ncbi.nlm.nih.gov/sos9/sra-pub-zq-922/SRR023/23126/SRR23126334/SRR23126334.lite.1	https://sra-downloadb.be-md.ncbi.nlm.nih.gov/sos9/sra-pub-zq-922/SRR023/23126/SRR23126334/SRR23126334.lite.1	worldwide	anonymous	gs://sra-pub-zq-102/SRR23126334/SRR23126334.lite.1	gs.us-east1	gcp identity	-	2021-12-03	cacao field	cacao tree	plant leaf	USA: Miami, FL	Theobroma cacao	25.64 N 80.29 W	m3_2_11F	MIGS/MIMS/MIMARKS.plant-associated	-	http://ftp.sra.ebi.ac.uk/vol1/fastq/SRR231/034/SRR23126334/SRR23126334_1.fastq.gz	http://ftp.sra.ebi.ac.uk/vol1/fastq/SRR231/034/SRR23126334/SRR23126334_2.fastq.gz	-	era-fasp@fasp.sra.ebi.ac.uk:vol1/fastq/SRR231/034/SRR23126334/SRR23126334_1.fastq.gz	era-fasp@fasp.sra.ebi.ac.uk:vol1/fastq/SRR231/034/SRR23126334/SRR23126334_2.fastq.gz
SRR23126335	SRP418302	Cacao phyllosphere microbiome is related to Phytophthora palmivora resistance	SRX19077279	amplicon sequencing of Theobroma cacao: phyllosphere microbiome	amplicon sequencing of Theobroma cacao: phyllosphere microbiome	662107	phyllosphere metagenome	m3_2_10F_ITS	AMPLICON	METAGENOMIC	PCR	PAIRED	SRS16492239	-	SAMN32798744	PRJNA925518	Illumina NovaSeq 6000	Illumina NovaSeq 6000	ILLUMINA	152055	23752415	152055	67816066	m3_2_10F_1.fq	SRR23126335.lite	16533277	2023-01-29 14:32:02	8e99d32a71afc32442e9fa1931fc7730	1	SRA Lite	Primary ETL	1	s3://sra-pub-zq-5/SRR23126335/SRR23126335.lite.1	s3.us-east-1	aws identity	https://sra-downloadb.be-md.ncbi.nlm.nih.gov/sos9/sra-pub-zq-922/SRR023/23126/SRR23126335/SRR23126335.lite.1	https://sra-downloadb.be-md.ncbi.nlm.nih.gov/sos9/sra-pub-zq-922/SRR023/23126/SRR23126335/SRR23126335.lite.1	worldwide	anonymous	gs://sra-pub-zq-102/SRR23126335/SRR23126335.lite.1	gs.us-east1	gcp identity	-	2021-12-03	cacao field	cacao tree	plant leaf	USA: Miami, FL	Theobroma cacao	25.64 N 80.29 W	m3_2_10F	MIGS/MIMS/MIMARKS.plant-associated	-	http://ftp.sra.ebi.ac.uk/vol1/fastq/SRR231/035/SRR23126335/SRR23126335_1.fastq.gz	http://ftp.sra.ebi.ac.uk/vol1/fastq/SRR231/035/SRR23126335/SRR23126335_2.fastq.gz	-	era-fasp@fasp.sra.ebi.ac.uk:vol1/fastq/SRR231/035/SRR23126335/SRR23126335_1.fastq.gz	era-fasp@fasp.sra.ebi.ac.uk:vol1/fastq/SRR231/035/SRR23126335/SRR23126335_2.fastq.gz
SRR23126336	SRP418302	Cacao phyllosphere microbiome is related to Phytophthora palmivora resistance	SRX19077278	amplicon sequencing of Theobroma cacao: phyllosphere microbiome	amplicon sequencing of Theobroma cacao: phyllosphere microbiome	662107	phyllosphere metagenome	m3_2_9F_ITS	AMPLICON	METAGENOMIC	PCR	PAIRED	SRS16492238	-	SAMN32798743	PRJNA925518	Illumina NovaSeq 6000	Illumina NovaSeq 6000	ILLUMINA	166953	26854667	166953	74460622	m3_2_9F_1.fq	SRR23126336.lite	18684468	2023-01-29 08:24:37	b5044ae879f8b81f82a091a411e94a13	1	SRA Lite	Primary ETL	1	s3://sra-pub-zq-5/SRR23126336/SRR23126336.lite.1	s3.us-east-1	aws identity	https://sra-downloadb.be-md.ncbi.nlm.nih.gov/sos9/sra-pub-zq-922/SRR023/23126/SRR23126336/SRR23126336.lite.1	https://sra-downloadb.be-md.ncbi.nlm.nih.gov/sos9/sra-pub-zq-922/SRR023/23126/SRR23126336/SRR23126336.lite.1	worldwide	anonymous	gs://sra-pub-zq-102/SRR23126336/SRR23126336.lite.1	gs.us-east1	gcp identity	-	2021-12-03	cacao field	cacao tree	plant leaf	USA: Miami, FL	Theobroma cacao	25.64 N 80.29 W	m3_2_9F	MIGS/MIMS/MIMARKS.plant-associated	-	http://ftp.sra.ebi.ac.uk/vol1/fastq/SRR231/036/SRR23126336/SRR23126336_1.fastq.gz	http://ftp.sra.ebi.ac.uk/vol1/fastq/SRR231/036/SRR23126336/SRR23126336_2.fastq.gz	-	era-fasp@fasp.sra.ebi.ac.uk:vol1/fastq/SRR231/036/SRR23126336/SRR23126336_1.fastq.gz	era-fasp@fasp.sra.ebi.ac.uk:vol1/fastq/SRR231/036/SRR23126336/SRR23126336_2.fastq.gz
SRR23126337	SRP418302	Cacao phyllosphere microbiome is related to Phytophthora palmivora resistance	SRX19077277	amplicon sequencing of Theobroma cacao: phyllosphere microbiome	amplicon sequencing of Theobroma cacao: phyllosphere microbiome	662107	phyllosphere metagenome	m3_2_8F_ITS	AMPLICON	METAGENOMIC	PCR	PAIRED	SRS16492237	-	SAMN32798742	PRJNA925518	Illumina NovaSeq 6000	Illumina NovaSeq 6000	ILLUMINA	170547	27192536	170547	76063468	m3_2_8F_1.fq	SRR23126337.lite	18897299	2023-01-29 06:59:17	e928f232eaa9dae207165311bd554681	1	SRA Lite	Primary ETL	1	s3://sra-pub-zq-5/SRR23126337/SRR23126337.lite.1	s3.us-east-1	aws identity	https://sra-downloadb.be-md.ncbi.nlm.nih.gov/sos9/sra-pub-zq-922/SRR023/23126/SRR23126337/SRR23126337.lite.1	https://sra-downloadb.be-md.ncbi.nlm.nih.gov/sos9/sra-pub-zq-922/SRR023/23126/SRR23126337/SRR23126337.lite.1	worldwide	anonymous	gs://sra-pub-zq-102/SRR23126337/SRR23126337.lite.1	gs.us-east1	gcp identity	-	2021-12-03	cacao field	cacao tree	plant leaf	USA: Miami, FL	Theobroma cacao	25.64 N 80.29 W	m3_2_8F	MIGS/MIMS/MIMARKS.plant-associated	-	http://ftp.sra.ebi.ac.uk/vol1/fastq/SRR231/037/SRR23126337/SRR23126337_1.fastq.gz	http://ftp.sra.ebi.ac.uk/vol1/fastq/SRR231/037/SRR23126337/SRR23126337_2.fastq.gz	-	era-fasp@fasp.sra.ebi.ac.uk:vol1/fastq/SRR231/037/SRR23126337/SRR23126337_1.fastq.gz	era-fasp@fasp.sra.ebi.ac.uk:vol1/fastq/SRR231/037/SRR23126337/SRR23126337_2.fastq.gz
SRR23126338	SRP418302	Cacao phyllosphere microbiome is related to Phytophthora palmivora resistance	SRX19077276	amplicon sequencing of Theobroma cacao: phyllosphere microbiome	amplicon sequencing of Theobroma cacao: phyllosphere microbiome	662107	phyllosphere metagenome	m3_2_7F_ITS	AMPLICON	METAGENOMIC	PCR	PAIRED	SRS16492236	-	SAMN32798741	PRJNA925518	Illumina NovaSeq 6000	Illumina NovaSeq 6000	ILLUMINA	169569	27031729	169569	75627194	m3_2_7F_1.fq	SRR23126338.lite	18806076	2023-01-29 08:24:37	1d4d8cb0d5b316739d83f2f75d746790	1	SRA Lite	Primary ETL	1	s3://sra-pub-zq-5/SRR23126338/SRR23126338.lite.1	s3.us-east-1	aws identity	https://sra-downloadb.be-md.ncbi.nlm.nih.gov/sos9/sra-pub-zq-922/SRR023/23126/SRR23126338/SRR23126338.lite.1	https://sra-downloadb.be-md.ncbi.nlm.nih.gov/sos9/sra-pub-zq-922/SRR023/23126/SRR23126338/SRR23126338.lite.1	worldwide	anonymous	gs://sra-pub-zq-102/SRR23126338/SRR23126338.lite.1	gs.us-east1	gcp identity	-	2021-12-03	cacao field	cacao tree	plant leaf	USA: Miami, FL	Theobroma cacao	25.64 N 80.29 W	m3_2_7F	MIGS/MIMS/MIMARKS.plant-associated	-	http://ftp.sra.ebi.ac.uk/vol1/fastq/SRR231/038/SRR23126338/SRR23126338_1.fastq.gz	http://ftp.sra.ebi.ac.uk/vol1/fastq/SRR231/038/SRR23126338/SRR23126338_2.fastq.gz	-	era-fasp@fasp.sra.ebi.ac.uk:vol1/fastq/SRR231/038/SRR23126338/SRR23126338_1.fastq.gz	era-fasp@fasp.sra.ebi.ac.uk:vol1/fastq/SRR231/038/SRR23126338/SRR23126338_2.fastq.gz
SRR23126339	SRP418302	Cacao phyllosphere microbiome is related to Phytophthora palmivora resistance	SRX19077275	amplicon sequencing of Theobroma cacao: phyllosphere microbiome	amplicon sequencing of Theobroma cacao: phyllosphere microbiome	662107	phyllosphere metagenome	m3_2_6F_ITS	AMPLICON	METAGENOMIC	PCR	PAIRED	SRS16492235	-	SAMN32798740	PRJNA925518	Illumina NovaSeq 6000	Illumina NovaSeq 6000	ILLUMINA	163954	26128422	163954	73122838	m3_2_6F_1.fq	SRR23126339.lite	18226896	2023-01-29 08:24:59	044e4b6556a89b997c75de9d2bdad2fa	1	SRA Lite	Primary ETL	1	s3://sra-pub-zq-5/SRR23126339/SRR23126339.lite.1	s3.us-east-1	aws identity	https://sra-downloadb.be-md.ncbi.nlm.nih.gov/sos9/sra-pub-zq-922/SRR023/23126/SRR23126339/SRR23126339.lite.1	https://sra-downloadb.be-md.ncbi.nlm.nih.gov/sos9/sra-pub-zq-922/SRR023/23126/SRR23126339/SRR23126339.lite.1	worldwide	anonymous	gs://sra-pub-zq-102/SRR23126339/SRR23126339.lite.1	gs.us-east1	gcp identity	-	2021-12-03	cacao field	cacao tree	plant leaf	USA: Miami, FL	Theobroma cacao	25.64 N 80.29 W	m3_2_6F	MIGS/MIMS/MIMARKS.plant-associated	-	http://ftp.sra.ebi.ac.uk/vol1/fastq/SRR231/039/SRR23126339/SRR23126339_1.fastq.gz	http://ftp.sra.ebi.ac.uk/vol1/fastq/SRR231/039/SRR23126339/SRR23126339_2.fastq.gz	-	era-fasp@fasp.sra.ebi.ac.uk:vol1/fastq/SRR231/039/SRR23126339/SRR23126339_1.fastq.gz	era-fasp@fasp.sra.ebi.ac.uk:vol1/fastq/SRR231/039/SRR23126339/SRR23126339_2.fastq.gz
SRR23126340	SRP418302	Cacao phyllosphere microbiome is related to Phytophthora palmivora resistance	SRX19077274	amplicon sequencing of Theobroma cacao: phyllosphere microbiome	amplicon sequencing of Theobroma cacao: phyllosphere microbiome	662107	phyllosphere metagenome	m3_2_5F_ITS	AMPLICON	METAGENOMIC	PCR	PAIRED	SRS16492234	-	SAMN32798739	PRJNA925518	Illumina NovaSeq 6000	Illumina NovaSeq 6000	ILLUMINA	177262	27897262	177262	79058260	m3_2_5F_1.fq	SRR23126340.lite	19468505	2023-01-29 08:24:38	05d6daeaa6fbbec9eb7dbecb9340e273	1	SRA Lite	Primary ETL	1	s3://sra-pub-zq-5/SRR23126340/SRR23126340.lite.1	s3.us-east-1	aws identity	https://sra-downloadb.be-md.ncbi.nlm.nih.gov/sos9/sra-pub-zq-922/SRR023/23126/SRR23126340/SRR23126340.lite.1	https://sra-downloadb.be-md.ncbi.nlm.nih.gov/sos9/sra-pub-zq-922/SRR023/23126/SRR23126340/SRR23126340.lite.1	worldwide	anonymous	gs://sra-pub-zq-102/SRR23126340/SRR23126340.lite.1	gs.us-east1	gcp identity	-	2021-12-03	cacao field	cacao tree	plant leaf	USA: Miami, FL	Theobroma cacao	25.64 N 80.29 W	m3_2_5F	MIGS/MIMS/MIMARKS.plant-associated	-	http://ftp.sra.ebi.ac.uk/vol1/fastq/SRR231/040/SRR23126340/SRR23126340_1.fastq.gz	http://ftp.sra.ebi.ac.uk/vol1/fastq/SRR231/040/SRR23126340/SRR23126340_2.fastq.gz	-	era-fasp@fasp.sra.ebi.ac.uk:vol1/fastq/SRR231/040/SRR23126340/SRR23126340_1.fastq.gz	era-fasp@fasp.sra.ebi.ac.uk:vol1/fastq/SRR231/040/SRR23126340/SRR23126340_2.fastq.gz
SRR23126341	SRP418302	Cacao phyllosphere microbiome is related to Phytophthora palmivora resistance	SRX19077273	amplicon sequencing of Theobroma cacao: phyllosphere microbiome	amplicon sequencing of Theobroma cacao: phyllosphere microbiome	662107	phyllosphere metagenome	m3_2_4F_ITS	AMPLICON	METAGENOMIC	PCR	PAIRED	SRS16492233	-	SAMN32798738	PRJNA925518	Illumina NovaSeq 6000	Illumina NovaSeq 6000	ILLUMINA	165451	25661190	165451	73790593	m3_2_4F_1.fq	SRR23126341.lite	17853758	2023-01-29 08:24:39	fa27ac6995384578498968030cea166f	1	SRA Lite	Primary ETL	1	s3://sra-pub-zq-5/SRR23126341/SRR23126341.lite.1	s3.us-east-1	aws identity	https://sra-downloadb.be-md.ncbi.nlm.nih.gov/sos9/sra-pub-zq-922/SRR023/23126/SRR23126341/SRR23126341.lite.1	https://sra-downloadb.be-md.ncbi.nlm.nih.gov/sos9/sra-pub-zq-922/SRR023/23126/SRR23126341/SRR23126341.lite.1	worldwide	anonymous	gs://sra-pub-zq-102/SRR23126341/SRR23126341.lite.1	gs.us-east1	gcp identity	-	2021-12-03	cacao field	cacao tree	plant leaf	USA: Miami, FL	Theobroma cacao	25.64 N 80.29 W	m3_2_4F	MIGS/MIMS/MIMARKS.plant-associated	-	http://ftp.sra.ebi.ac.uk/vol1/fastq/SRR231/041/SRR23126341/SRR23126341_1.fastq.gz	http://ftp.sra.ebi.ac.uk/vol1/fastq/SRR231/041/SRR23126341/SRR23126341_2.fastq.gz	-	era-fasp@fasp.sra.ebi.ac.uk:vol1/fastq/SRR231/041/SRR23126341/SRR23126341_1.fastq.gz	era-fasp@fasp.sra.ebi.ac.uk:vol1/fastq/SRR231/041/SRR23126341/SRR23126341_2.fastq.gz
SRR23126342	SRP418302	Cacao phyllosphere microbiome is related to Phytophthora palmivora resistance	SRX19077272	amplicon sequencing of Theobroma cacao: phyllosphere microbiome	amplicon sequencing of Theobroma cacao: phyllosphere microbiome	662107	phyllosphere metagenome	m3_2_3F_ITS	AMPLICON	METAGENOMIC	PCR	PAIRED	SRS16492232	-	SAMN32798737	PRJNA925518	Illumina NovaSeq 6000	Illumina NovaSeq 6000	ILLUMINA	189249	29873862	189249	84404348	m3_2_3F_1.fq	SRR23126342.lite	20851248	2023-01-29 13:06:50	8acd77afd0f4970bdc000e38ed7e7d80	1	SRA Lite	Primary ETL	1	s3://sra-pub-zq-5/SRR23126342/SRR23126342.lite.1	s3.us-east-1	aws identity	https://sra-downloadb.be-md.ncbi.nlm.nih.gov/sos9/sra-pub-zq-922/SRR023/23126/SRR23126342/SRR23126342.lite.1	https://sra-downloadb.be-md.ncbi.nlm.nih.gov/sos9/sra-pub-zq-922/SRR023/23126/SRR23126342/SRR23126342.lite.1	worldwide	anonymous	gs://sra-pub-zq-102/SRR23126342/SRR23126342.lite.1	gs.us-east1	gcp identity	-	2021-12-03	cacao field	cacao tree	plant leaf	USA: Miami, FL	Theobroma cacao	25.64 N 80.29 W	m3_2_3F	MIGS/MIMS/MIMARKS.plant-associated	-	http://ftp.sra.ebi.ac.uk/vol1/fastq/SRR231/042/SRR23126342/SRR23126342_1.fastq.gz	http://ftp.sra.ebi.ac.uk/vol1/fastq/SRR231/042/SRR23126342/SRR23126342_2.fastq.gz	-	era-fasp@fasp.sra.ebi.ac.uk:vol1/fastq/SRR231/042/SRR23126342/SRR23126342_1.fastq.gz	era-fasp@fasp.sra.ebi.ac.uk:vol1/fastq/SRR231/042/SRR23126342/SRR23126342_2.fastq.gz
SRR23126343	SRP418302	Cacao phyllosphere microbiome is related to Phytophthora palmivora resistance	SRX19077271	amplicon sequencing of Theobroma cacao: phyllosphere microbiome	amplicon sequencing of Theobroma cacao: phyllosphere microbiome	662107	phyllosphere metagenome	m3_2_2F_ITS	AMPLICON	METAGENOMIC	PCR	PAIRED	SRS16492231	-	SAMN32798736	PRJNA925518	Illumina NovaSeq 6000	Illumina NovaSeq 6000	ILLUMINA	168862	25856137	168862	75312102	m3_2_2F_1.fq	SRR23126343.lite	17885847	2023-01-29 08:24:39	a5826df1a5c186ec8acfbdc927c4d547	1	SRA Lite	Primary ETL	1	s3://sra-pub-zq-5/SRR23126343/SRR23126343.lite.1	s3.us-east-1	aws identity	https://sra-downloadb.be-md.ncbi.nlm.nih.gov/sos9/sra-pub-zq-922/SRR023/23126/SRR23126343/SRR23126343.lite.1	https://sra-downloadb.be-md.ncbi.nlm.nih.gov/sos9/sra-pub-zq-922/SRR023/23126/SRR23126343/SRR23126343.lite.1	worldwide	anonymous	gs://sra-pub-zq-102/SRR23126343/SRR23126343.lite.1	gs.us-east1	gcp identity	-	2021-12-03	cacao field	cacao tree	plant leaf	USA: Miami, FL	Theobroma cacao	25.64 N 80.29 W	m3_2_2F	MIGS/MIMS/MIMARKS.plant-associated	-	http://ftp.sra.ebi.ac.uk/vol1/fastq/SRR231/043/SRR23126343/SRR23126343_1.fastq.gz	http://ftp.sra.ebi.ac.uk/vol1/fastq/SRR231/043/SRR23126343/SRR23126343_2.fastq.gz	-	era-fasp@fasp.sra.ebi.ac.uk:vol1/fastq/SRR231/043/SRR23126343/SRR23126343_1.fastq.gz	era-fasp@fasp.sra.ebi.ac.uk:vol1/fastq/SRR231/043/SRR23126343/SRR23126343_2.fastq.gz
SRR23126344	SRP418302	Cacao phyllosphere microbiome is related to Phytophthora palmivora resistance	SRX19077270	amplicon sequencing of Theobroma cacao: phyllosphere microbiome	amplicon sequencing of Theobroma cacao: phyllosphere microbiome	662107	phyllosphere metagenome	m1_1_7_16S	AMPLICON	METAGENOMIC	PCR	PAIRED	SRS16492230	-	SAMN32798682	PRJNA925518	Illumina NovaSeq 6000	Illumina NovaSeq 6000	ILLUMINA	168486	18032369	168486	75649846	m1_1_7_1.fq	SRR23126344.lite	12977334	2023-01-29 13:06:50	d8416dcb3e036bf8c71f4647fb1f05cd	1	SRA Lite	Primary ETL	1	s3://sra-pub-zq-5/SRR23126344/SRR23126344.lite.1	s3.us-east-1	aws identity	https://sra-downloadb.be-md.ncbi.nlm.nih.gov/sos9/sra-pub-zq-922/SRR023/23126/SRR23126344/SRR23126344.lite.1	https://sra-downloadb.be-md.ncbi.nlm.nih.gov/sos9/sra-pub-zq-922/SRR023/23126/SRR23126344/SRR23126344.lite.1	worldwide	anonymous	gs://sra-pub-zq-102/SRR23126344/SRR23126344.lite.1	gs.us-east1	gcp identity	-	2021-11-19	cacao field	cacao tree	plant leaf	USA: Miami, FL	Theobroma cacao	25.64 N 80.29 W	m1_1_7	MIGS/MIMS/MIMARKS.plant-associated	-	http://ftp.sra.ebi.ac.uk/vol1/fastq/SRR231/044/SRR23126344/SRR23126344_1.fastq.gz	http://ftp.sra.ebi.ac.uk/vol1/fastq/SRR231/044/SRR23126344/SRR23126344_2.fastq.gz	-	era-fasp@fasp.sra.ebi.ac.uk:vol1/fastq/SRR231/044/SRR23126344/SRR23126344_1.fastq.gz	era-fasp@fasp.sra.ebi.ac.uk:vol1/fastq/SRR231/044/SRR23126344/SRR23126344_2.fastq.gz
SRR23126345	SRP418302	Cacao phyllosphere microbiome is related to Phytophthora palmivora resistance	SRX19077269	amplicon sequencing of Theobroma cacao: phyllosphere microbiome	amplicon sequencing of Theobroma cacao: phyllosphere microbiome	662107	phyllosphere metagenome	m3_2_1F_ITS	AMPLICON	METAGENOMIC	PCR	PAIRED	SRS16492229	-	SAMN32798735	PRJNA925518	Illumina NovaSeq 6000	Illumina NovaSeq 6000	ILLUMINA	164842	26143849	164842	73518978	m3_2_1F_1.fq	SRR23126345.lite	18251099	2023-01-29 08:24:40	1d846430a1026d941a853d615c186d2e	1	SRA Lite	Primary ETL	1	s3://sra-pub-zq-5/SRR23126345/SRR23126345.lite.1	s3.us-east-1	aws identity	https://sra-downloadb.be-md.ncbi.nlm.nih.gov/sos9/sra-pub-zq-922/SRR023/23126/SRR23126345/SRR23126345.lite.1	https://sra-downloadb.be-md.ncbi.nlm.nih.gov/sos9/sra-pub-zq-922/SRR023/23126/SRR23126345/SRR23126345.lite.1	worldwide	anonymous	gs://sra-pub-zq-102/SRR23126345/SRR23126345.lite.1	gs.us-east1	gcp identity	-	2021-12-03	cacao field	cacao tree	plant leaf	USA: Miami, FL	Theobroma cacao	25.64 N 80.29 W	m3_2_1F	MIGS/MIMS/MIMARKS.plant-associated	-	http://ftp.sra.ebi.ac.uk/vol1/fastq/SRR231/045/SRR23126345/SRR23126345_1.fastq.gz	http://ftp.sra.ebi.ac.uk/vol1/fastq/SRR231/045/SRR23126345/SRR23126345_2.fastq.gz	-	era-fasp@fasp.sra.ebi.ac.uk:vol1/fastq/SRR231/045/SRR23126345/SRR23126345_1.fastq.gz	era-fasp@fasp.sra.ebi.ac.uk:vol1/fastq/SRR231/045/SRR23126345/SRR23126345_2.fastq.gz
SRR23126346	SRP418302	Cacao phyllosphere microbiome is related to Phytophthora palmivora resistance	SRX19077268	amplicon sequencing of Theobroma cacao: phyllosphere microbiome	amplicon sequencing of Theobroma cacao: phyllosphere microbiome	662107	phyllosphere metagenome	m1_2_11F_ITS	AMPLICON	METAGENOMIC	PCR	PAIRED	SRS16492228	-	SAMN32798734	PRJNA925518	Illumina NovaSeq 6000	Illumina NovaSeq 6000	ILLUMINA	174402	26126161	174402	77782716	m1_2_11F_1.fq	SRR23126346.lite	18203803	2023-01-29 15:50:12	85048adbc036eb9d25c94fa463629585	1	SRA Lite	Primary ETL	1	s3://sra-pub-zq-5/SRR23126346/SRR23126346.lite.1	s3.us-east-1	aws identity	https://sra-downloadb.be-md.ncbi.nlm.nih.gov/sos9/sra-pub-zq-922/SRR023/23126/SRR23126346/SRR23126346.lite.1	https://sra-downloadb.be-md.ncbi.nlm.nih.gov/sos9/sra-pub-zq-922/SRR023/23126/SRR23126346/SRR23126346.lite.1	worldwide	anonymous	gs://sra-pub-zq-102/SRR23126346/SRR23126346.lite.1	gs.us-east1	gcp identity	-	2021-12-03	cacao field	cacao tree	plant leaf	USA: Miami, FL	Theobroma cacao	25.64 N 80.29 W	m1_2_11F	MIGS/MIMS/MIMARKS.plant-associated	-	http://ftp.sra.ebi.ac.uk/vol1/fastq/SRR231/046/SRR23126346/SRR23126346_1.fastq.gz	http://ftp.sra.ebi.ac.uk/vol1/fastq/SRR231/046/SRR23126346/SRR23126346_2.fastq.gz	-	era-fasp@fasp.sra.ebi.ac.uk:vol1/fastq/SRR231/046/SRR23126346/SRR23126346_1.fastq.gz	era-fasp@fasp.sra.ebi.ac.uk:vol1/fastq/SRR231/046/SRR23126346/SRR23126346_2.fastq.gz
SRR23126347	SRP418302	Cacao phyllosphere microbiome is related to Phytophthora palmivora resistance	SRX19077267	amplicon sequencing of Theobroma cacao: phyllosphere microbiome	amplicon sequencing of Theobroma cacao: phyllosphere microbiome	662107	phyllosphere metagenome	m1_2_10F_ITS	AMPLICON	METAGENOMIC	PCR	PAIRED	SRS16492227	-	SAMN32798733	PRJNA925518	Illumina NovaSeq 6000	Illumina NovaSeq 6000	ILLUMINA	163441	23826170	163441	72894035	m1_2_10F_1.fq	SRR23126347.lite	16424918	2023-01-29 06:02:57	abfef1f345244fbdb8699abb603c4036	1	SRA Lite	Primary ETL	1	s3://sra-pub-zq-5/SRR23126347/SRR23126347.lite.1	s3.us-east-1	aws identity	https://sra-downloadb.be-md.ncbi.nlm.nih.gov/sos9/sra-pub-zq-922/SRR023/23126/SRR23126347/SRR23126347.lite.1	https://sra-downloadb.be-md.ncbi.nlm.nih.gov/sos9/sra-pub-zq-922/SRR023/23126/SRR23126347/SRR23126347.lite.1	worldwide	anonymous	gs://sra-pub-zq-102/SRR23126347/SRR23126347.lite.1	gs.us-east1	gcp identity	-	2021-12-03	cacao field	cacao tree	plant leaf	USA: Miami, FL	Theobroma cacao	25.64 N 80.29 W	m1_2_10F	MIGS/MIMS/MIMARKS.plant-associated	-	http://ftp.sra.ebi.ac.uk/vol1/fastq/SRR231/047/SRR23126347/SRR23126347_1.fastq.gz	http://ftp.sra.ebi.ac.uk/vol1/fastq/SRR231/047/SRR23126347/SRR23126347_2.fastq.gz	-	era-fasp@fasp.sra.ebi.ac.uk:vol1/fastq/SRR231/047/SRR23126347/SRR23126347_1.fastq.gz	era-fasp@fasp.sra.ebi.ac.uk:vol1/fastq/SRR231/047/SRR23126347/SRR23126347_2.fastq.gz
SRR23126348	SRP418302	Cacao phyllosphere microbiome is related to Phytophthora palmivora resistance	SRX19077266	amplicon sequencing of Theobroma cacao: phyllosphere microbiome	amplicon sequencing of Theobroma cacao: phyllosphere microbiome	662107	phyllosphere metagenome	m1_2_9F_ITS	AMPLICON	METAGENOMIC	PCR	PAIRED	SRS16492226	-	SAMN32798732	PRJNA925518	Illumina NovaSeq 6000	Illumina NovaSeq 6000	ILLUMINA	186214	28294842	186214	83051224	m1_2_9F_1.fq	SRR23126348.lite	19588284	2023-01-29 15:50:13	73419a229d02ab5fec594b1667aacde0	1	SRA Lite	Primary ETL	1	s3://sra-pub-zq-5/SRR23126348/SRR23126348.lite.1	s3.us-east-1	aws identity	https://sra-downloadb.be-md.ncbi.nlm.nih.gov/sos9/sra-pub-zq-922/SRR023/23126/SRR23126348/SRR23126348.lite.1	https://sra-downloadb.be-md.ncbi.nlm.nih.gov/sos9/sra-pub-zq-922/SRR023/23126/SRR23126348/SRR23126348.lite.1	worldwide	anonymous	gs://sra-pub-zq-102/SRR23126348/SRR23126348.lite.1	gs.us-east1	gcp identity	-	2021-12-03	cacao field	cacao tree	plant leaf	USA: Miami, FL	Theobroma cacao	25.64 N 80.29 W	m1_2_9F	MIGS/MIMS/MIMARKS.plant-associated	-	http://ftp.sra.ebi.ac.uk/vol1/fastq/SRR231/048/SRR23126348/SRR23126348_1.fastq.gz	http://ftp.sra.ebi.ac.uk/vol1/fastq/SRR231/048/SRR23126348/SRR23126348_2.fastq.gz	-	era-fasp@fasp.sra.ebi.ac.uk:vol1/fastq/SRR231/048/SRR23126348/SRR23126348_1.fastq.gz	era-fasp@fasp.sra.ebi.ac.uk:vol1/fastq/SRR231/048/SRR23126348/SRR23126348_2.fastq.gz
SRR23126349	SRP418302	Cacao phyllosphere microbiome is related to Phytophthora palmivora resistance	SRX19077265	amplicon sequencing of Theobroma cacao: phyllosphere microbiome	amplicon sequencing of Theobroma cacao: phyllosphere microbiome	662107	phyllosphere metagenome	m1_2_8F_ITS	AMPLICON	METAGENOMIC	PCR	PAIRED	SRS16492225	-	SAMN32798731	PRJNA925518	Illumina NovaSeq 6000	Illumina NovaSeq 6000	ILLUMINA	153761	23707531	153761	68577231	m1_2_8F_1.fq	SRR23126349.lite	16481175	2023-01-29 15:50:13	1e1177263f5a44163639a687dcc935e8	1	SRA Lite	Primary ETL	1	s3://sra-pub-zq-5/SRR23126349/SRR23126349.lite.1	s3.us-east-1	aws identity	https://sra-downloadb.be-md.ncbi.nlm.nih.gov/sos9/sra-pub-zq-922/SRR023/23126/SRR23126349/SRR23126349.lite.1	https://sra-downloadb.be-md.ncbi.nlm.nih.gov/sos9/sra-pub-zq-922/SRR023/23126/SRR23126349/SRR23126349.lite.1	worldwide	anonymous	gs://sra-pub-zq-102/SRR23126349/SRR23126349.lite.1	gs.us-east1	gcp identity	-	2021-12-03	cacao field	cacao tree	plant leaf	USA: Miami, FL	Theobroma cacao	25.64 N 80.29 W	m1_2_8F	MIGS/MIMS/MIMARKS.plant-associated	-	http://ftp.sra.ebi.ac.uk/vol1/fastq/SRR231/049/SRR23126349/SRR23126349_1.fastq.gz	http://ftp.sra.ebi.ac.uk/vol1/fastq/SRR231/049/SRR23126349/SRR23126349_2.fastq.gz	-	era-fasp@fasp.sra.ebi.ac.uk:vol1/fastq/SRR231/049/SRR23126349/SRR23126349_1.fastq.gz	era-fasp@fasp.sra.ebi.ac.uk:vol1/fastq/SRR231/049/SRR23126349/SRR23126349_2.fastq.gz
SRR23126350	SRP418302	Cacao phyllosphere microbiome is related to Phytophthora palmivora resistance	SRX19077264	amplicon sequencing of Theobroma cacao: phyllosphere microbiome	amplicon sequencing of Theobroma cacao: phyllosphere microbiome	662107	phyllosphere metagenome	m1_2_7F_ITS	AMPLICON	METAGENOMIC	PCR	PAIRED	SRS16492224	-	SAMN32798730	PRJNA925518	Illumina NovaSeq 6000	Illumina NovaSeq 6000	ILLUMINA	169315	26106068	169315	75514254	m1_2_7F_1.fq	SRR23126350.lite	18106334	2023-01-29 08:24:39	ab08bbb382c7b3db1747584dd40c9e80	1	SRA Lite	Primary ETL	1	s3://sra-pub-zq-5/SRR23126350/SRR23126350.lite.1	s3.us-east-1	aws identity	https://sra-downloadb.be-md.ncbi.nlm.nih.gov/sos9/sra-pub-zq-922/SRR023/23126/SRR23126350/SRR23126350.lite.1	https://sra-downloadb.be-md.ncbi.nlm.nih.gov/sos9/sra-pub-zq-922/SRR023/23126/SRR23126350/SRR23126350.lite.1	worldwide	anonymous	gs://sra-pub-zq-102/SRR23126350/SRR23126350.lite.1	gs.us-east1	gcp identity	-	2021-12-03	cacao field	cacao tree	plant leaf	USA: Miami, FL	Theobroma cacao	25.64 N 80.29 W	m1_2_7F	MIGS/MIMS/MIMARKS.plant-associated	-	http://ftp.sra.ebi.ac.uk/vol1/fastq/SRR231/050/SRR23126350/SRR23126350_1.fastq.gz	http://ftp.sra.ebi.ac.uk/vol1/fastq/SRR231/050/SRR23126350/SRR23126350_2.fastq.gz	-	era-fasp@fasp.sra.ebi.ac.uk:vol1/fastq/SRR231/050/SRR23126350/SRR23126350_1.fastq.gz	era-fasp@fasp.sra.ebi.ac.uk:vol1/fastq/SRR231/050/SRR23126350/SRR23126350_2.fastq.gz
SRR23126351	SRP418302	Cacao phyllosphere microbiome is related to Phytophthora palmivora resistance	SRX19077263	amplicon sequencing of Theobroma cacao: phyllosphere microbiome	amplicon sequencing of Theobroma cacao: phyllosphere microbiome	662107	phyllosphere metagenome	m1_2_6F_ITS	AMPLICON	METAGENOMIC	PCR	PAIRED	SRS16492223	-	SAMN32798729	PRJNA925518	Illumina NovaSeq 6000	Illumina NovaSeq 6000	ILLUMINA	158408	24258562	158408	70649679	m1_2_6F_1.fq	SRR23126351.lite	16863269	2023-01-29 13:06:55	fbf7fbd19e6f1835274555d94a0f371e	1	SRA Lite	Primary ETL	1	s3://sra-pub-zq-5/SRR23126351/SRR23126351.lite.1	s3.us-east-1	aws identity	https://sra-downloadb.be-md.ncbi.nlm.nih.gov/sos9/sra-pub-zq-922/SRR023/23126/SRR23126351/SRR23126351.lite.1	https://sra-downloadb.be-md.ncbi.nlm.nih.gov/sos9/sra-pub-zq-922/SRR023/23126/SRR23126351/SRR23126351.lite.1	worldwide	anonymous	gs://sra-pub-zq-102/SRR23126351/SRR23126351.lite.1	gs.us-east1	gcp identity	-	2021-12-03	cacao field	cacao tree	plant leaf	USA: Miami, FL	Theobroma cacao	25.64 N 80.29 W	m1_2_6F	MIGS/MIMS/MIMARKS.plant-associated	-	http://ftp.sra.ebi.ac.uk/vol1/fastq/SRR231/051/SRR23126351/SRR23126351_1.fastq.gz	http://ftp.sra.ebi.ac.uk/vol1/fastq/SRR231/051/SRR23126351/SRR23126351_2.fastq.gz	-	era-fasp@fasp.sra.ebi.ac.uk:vol1/fastq/SRR231/051/SRR23126351/SRR23126351_1.fastq.gz	era-fasp@fasp.sra.ebi.ac.uk:vol1/fastq/SRR231/051/SRR23126351/SRR23126351_2.fastq.gz
SRR23126352	SRP418302	Cacao phyllosphere microbiome is related to Phytophthora palmivora resistance	SRX19077262	amplicon sequencing of Theobroma cacao: phyllosphere microbiome	amplicon sequencing of Theobroma cacao: phyllosphere microbiome	662107	phyllosphere metagenome	m1_2_5F_ITS	AMPLICON	METAGENOMIC	PCR	PAIRED	SRS16492222	-	SAMN32798728	PRJNA925518	Illumina NovaSeq 6000	Illumina NovaSeq 6000	ILLUMINA	187433	29181193	187433	83594670	m1_2_5F_1.fq	SRR23126352.lite	20377929	2023-01-29 08:24:37	26b7226d196388309391c1849c3d44d9	1	SRA Lite	Primary ETL	1	s3://sra-pub-zq-5/SRR23126352/SRR23126352.lite.1	s3.us-east-1	aws identity	https://sra-downloadb.be-md.ncbi.nlm.nih.gov/sos9/sra-pub-zq-922/SRR023/23126/SRR23126352/SRR23126352.lite.1	https://sra-downloadb.be-md.ncbi.nlm.nih.gov/sos9/sra-pub-zq-922/SRR023/23126/SRR23126352/SRR23126352.lite.1	worldwide	anonymous	gs://sra-pub-zq-102/SRR23126352/SRR23126352.lite.1	gs.us-east1	gcp identity	-	2021-12-03	cacao field	cacao tree	plant leaf	USA: Miami, FL	Theobroma cacao	25.64 N 80.29 W	m1_2_5F	MIGS/MIMS/MIMARKS.plant-associated	-	http://ftp.sra.ebi.ac.uk/vol1/fastq/SRR231/052/SRR23126352/SRR23126352_1.fastq.gz	http://ftp.sra.ebi.ac.uk/vol1/fastq/SRR231/052/SRR23126352/SRR23126352_2.fastq.gz	-	era-fasp@fasp.sra.ebi.ac.uk:vol1/fastq/SRR231/052/SRR23126352/SRR23126352_1.fastq.gz	era-fasp@fasp.sra.ebi.ac.uk:vol1/fastq/SRR231/052/SRR23126352/SRR23126352_2.fastq.gz
SRR23126353	SRP418302	Cacao phyllosphere microbiome is related to Phytophthora palmivora resistance	SRX19077261	amplicon sequencing of Theobroma cacao: phyllosphere microbiome	amplicon sequencing of Theobroma cacao: phyllosphere microbiome	662107	phyllosphere metagenome	m1_2_4F_ITS	AMPLICON	METAGENOMIC	PCR	PAIRED	SRS16492221	-	SAMN32798727	PRJNA925518	Illumina NovaSeq 6000	Illumina NovaSeq 6000	ILLUMINA	184915	28395988	184915	82471723	m1_2_4F_1.fq	SRR23126353.lite	19738822	2023-01-29 13:06:58	000fad8f5d3dea44a3e5677d0332ff9f	1	SRA Lite	Primary ETL	1	s3://sra-pub-zq-5/SRR23126353/SRR23126353.lite.1	s3.us-east-1	aws identity	https://sra-downloadb.be-md.ncbi.nlm.nih.gov/sos9/sra-pub-zq-922/SRR023/23126/SRR23126353/SRR23126353.lite.1	https://sra-downloadb.be-md.ncbi.nlm.nih.gov/sos9/sra-pub-zq-922/SRR023/23126/SRR23126353/SRR23126353.lite.1	worldwide	anonymous	gs://sra-pub-zq-102/SRR23126353/SRR23126353.lite.1	gs.us-east1	gcp identity	-	2021-12-03	cacao field	cacao tree	plant leaf	USA: Miami, FL	Theobroma cacao	25.64 N 80.29 W	m1_2_4F	MIGS/MIMS/MIMARKS.plant-associated	-	http://ftp.sra.ebi.ac.uk/vol1/fastq/SRR231/053/SRR23126353/SRR23126353_1.fastq.gz	http://ftp.sra.ebi.ac.uk/vol1/fastq/SRR231/053/SRR23126353/SRR23126353_2.fastq.gz	-	era-fasp@fasp.sra.ebi.ac.uk:vol1/fastq/SRR231/053/SRR23126353/SRR23126353_1.fastq.gz	era-fasp@fasp.sra.ebi.ac.uk:vol1/fastq/SRR231/053/SRR23126353/SRR23126353_2.fastq.gz
SRR23126354	SRP418302	Cacao phyllosphere microbiome is related to Phytophthora palmivora resistance	SRX19077260	amplicon sequencing of Theobroma cacao: phyllosphere microbiome	amplicon sequencing of Theobroma cacao: phyllosphere microbiome	662107	phyllosphere metagenome	m1_2_3F_ITS	AMPLICON	METAGENOMIC	PCR	PAIRED	SRS16492219	-	SAMN32798726	PRJNA925518	Illumina NovaSeq 6000	Illumina NovaSeq 6000	ILLUMINA	188565	28488561	188565	84099357	m1_2_3F_1.fq	SRR23126354.lite	19663876	2023-01-29 08:24:40	3917a5b37f0928e94cb8a721c26effd0	1	SRA Lite	Primary ETL	1	s3://sra-pub-zq-5/SRR23126354/SRR23126354.lite.1	s3.us-east-1	aws identity	https://sra-downloadb.be-md.ncbi.nlm.nih.gov/sos9/sra-pub-zq-922/SRR023/23126/SRR23126354/SRR23126354.lite.1	https://sra-downloadb.be-md.ncbi.nlm.nih.gov/sos9/sra-pub-zq-922/SRR023/23126/SRR23126354/SRR23126354.lite.1	worldwide	anonymous	gs://sra-pub-zq-102/SRR23126354/SRR23126354.lite.1	gs.us-east1	gcp identity	-	2021-12-03	cacao field	cacao tree	plant leaf	USA: Miami, FL	Theobroma cacao	25.64 N 80.29 W	m1_2_3F	MIGS/MIMS/MIMARKS.plant-associated	-	http://ftp.sra.ebi.ac.uk/vol1/fastq/SRR231/054/SRR23126354/SRR23126354_1.fastq.gz	http://ftp.sra.ebi.ac.uk/vol1/fastq/SRR231/054/SRR23126354/SRR23126354_2.fastq.gz	-	era-fasp@fasp.sra.ebi.ac.uk:vol1/fastq/SRR231/054/SRR23126354/SRR23126354_1.fastq.gz	era-fasp@fasp.sra.ebi.ac.uk:vol1/fastq/SRR231/054/SRR23126354/SRR23126354_2.fastq.gz
SRR23126355	SRP418302	Cacao phyllosphere microbiome is related to Phytophthora palmivora resistance	SRX19077259	amplicon sequencing of Theobroma cacao: phyllosphere microbiome	amplicon sequencing of Theobroma cacao: phyllosphere microbiome	662107	phyllosphere metagenome	m1_1_6_16S	AMPLICON	METAGENOMIC	PCR	PAIRED	SRS16492220	-	SAMN32798681	PRJNA925518	Illumina NovaSeq 6000	Illumina NovaSeq 6000	ILLUMINA	179077	18651612	179077	80405020	m1_1_6_1.fq	SRR23126355.lite	13751835	2023-01-29 08:24:39	08e7660a6ddce8ebfeb26cc19b7c2a2f	1	SRA Lite	Primary ETL	1	s3://sra-pub-zq-5/SRR23126355/SRR23126355.lite.1	s3.us-east-1	aws identity	https://sra-downloadb.be-md.ncbi.nlm.nih.gov/sos9/sra-pub-zq-922/SRR023/23126/SRR23126355/SRR23126355.lite.1	https://sra-downloadb.be-md.ncbi.nlm.nih.gov/sos9/sra-pub-zq-922/SRR023/23126/SRR23126355/SRR23126355.lite.1	worldwide	anonymous	gs://sra-pub-zq-102/SRR23126355/SRR23126355.lite.1	gs.us-east1	gcp identity	-	2021-11-19	cacao field	cacao tree	plant leaf	USA: Miami, FL	Theobroma cacao	25.64 N 80.29 W	m1_1_6	MIGS/MIMS/MIMARKS.plant-associated	-	http://ftp.sra.ebi.ac.uk/vol1/fastq/SRR231/055/SRR23126355/SRR23126355_1.fastq.gz	http://ftp.sra.ebi.ac.uk/vol1/fastq/SRR231/055/SRR23126355/SRR23126355_2.fastq.gz	-	era-fasp@fasp.sra.ebi.ac.uk:vol1/fastq/SRR231/055/SRR23126355/SRR23126355_1.fastq.gz	era-fasp@fasp.sra.ebi.ac.uk:vol1/fastq/SRR231/055/SRR23126355/SRR23126355_2.fastq.gz
SRR23126356	SRP418302	Cacao phyllosphere microbiome is related to Phytophthora palmivora resistance	SRX19077258	amplicon sequencing of Theobroma cacao: phyllosphere microbiome	amplicon sequencing of Theobroma cacao: phyllosphere microbiome	662107	phyllosphere metagenome	m1_2_2F_ITS	AMPLICON	METAGENOMIC	PCR	PAIRED	SRS16492217	-	SAMN32798725	PRJNA925518	Illumina NovaSeq 6000	Illumina NovaSeq 6000	ILLUMINA	180949	26611494	180949	80702475	m1_2_2F_1.fq	SRR23126356.lite	18257914	2023-01-29 08:24:39	61a27ca72c54d87736e9741e95fef6dc	1	SRA Lite	Primary ETL	1	s3://sra-pub-zq-5/SRR23126356/SRR23126356.lite.1	s3.us-east-1	aws identity	https://sra-downloadb.be-md.ncbi.nlm.nih.gov/sos9/sra-pub-zq-922/SRR023/23126/SRR23126356/SRR23126356.lite.1	https://sra-downloadb.be-md.ncbi.nlm.nih.gov/sos9/sra-pub-zq-922/SRR023/23126/SRR23126356/SRR23126356.lite.1	worldwide	anonymous	gs://sra-pub-zq-102/SRR23126356/SRR23126356.lite.1	gs.us-east1	gcp identity	-	2021-12-03	cacao field	cacao tree	plant leaf	USA: Miami, FL	Theobroma cacao	25.64 N 80.29 W	m1_2_2F	MIGS/MIMS/MIMARKS.plant-associated	-	http://ftp.sra.ebi.ac.uk/vol1/fastq/SRR231/056/SRR23126356/SRR23126356_1.fastq.gz	http://ftp.sra.ebi.ac.uk/vol1/fastq/SRR231/056/SRR23126356/SRR23126356_2.fastq.gz	-	era-fasp@fasp.sra.ebi.ac.uk:vol1/fastq/SRR231/056/SRR23126356/SRR23126356_1.fastq.gz	era-fasp@fasp.sra.ebi.ac.uk:vol1/fastq/SRR231/056/SRR23126356/SRR23126356_2.fastq.gz
SRR23126357	SRP418302	Cacao phyllosphere microbiome is related to Phytophthora palmivora resistance	SRX19077257	amplicon sequencing of Theobroma cacao: phyllosphere microbiome	amplicon sequencing of Theobroma cacao: phyllosphere microbiome	662107	phyllosphere metagenome	m1_2_1F_ITS	AMPLICON	METAGENOMIC	PCR	PAIRED	SRS16492218	-	SAMN32798724	PRJNA925518	Illumina NovaSeq 6000	Illumina NovaSeq 6000	ILLUMINA	157308	23846105	157308	70158983	m1_2_1F_1.fq	SRR23126357.lite	16526869	2023-01-29 08:24:40	d1db13d6e14c2546795a5a9c0adb6884	1	SRA Lite	Primary ETL	1	s3://sra-pub-zq-5/SRR23126357/SRR23126357.lite.1	s3.us-east-1	aws identity	https://sra-downloadb.be-md.ncbi.nlm.nih.gov/sos9/sra-pub-zq-922/SRR023/23126/SRR23126357/SRR23126357.lite.1	https://sra-downloadb.be-md.ncbi.nlm.nih.gov/sos9/sra-pub-zq-922/SRR023/23126/SRR23126357/SRR23126357.lite.1	worldwide	anonymous	gs://sra-pub-zq-102/SRR23126357/SRR23126357.lite.1	gs.us-east1	gcp identity	-	2021-12-03	cacao field	cacao tree	plant leaf	USA: Miami, FL	Theobroma cacao	25.64 N 80.29 W	m1_2_1F	MIGS/MIMS/MIMARKS.plant-associated	-	http://ftp.sra.ebi.ac.uk/vol1/fastq/SRR231/057/SRR23126357/SRR23126357_1.fastq.gz	http://ftp.sra.ebi.ac.uk/vol1/fastq/SRR231/057/SRR23126357/SRR23126357_2.fastq.gz	-	era-fasp@fasp.sra.ebi.ac.uk:vol1/fastq/SRR231/057/SRR23126357/SRR23126357_1.fastq.gz	era-fasp@fasp.sra.ebi.ac.uk:vol1/fastq/SRR231/057/SRR23126357/SRR23126357_2.fastq.gz
SRR23126358	SRP418302	Cacao phyllosphere microbiome is related to Phytophthora palmivora resistance	SRX19077256	amplicon sequencing of Theobroma cacao: phyllosphere microbiome	amplicon sequencing of Theobroma cacao: phyllosphere microbiome	662107	phyllosphere metagenome	m1_1_9F_ITS	AMPLICON	METAGENOMIC	PCR	PAIRED	SRS16492216	-	SAMN32798723	PRJNA925518	Illumina NovaSeq 6000	Illumina NovaSeq 6000	ILLUMINA	151818	23341701	151818	67710302	m1_1_9F_1.fq	SRR23126358.lite	16185888	2023-01-29 13:07:01	63b9a4b53360e72b3af8de3c01498261	1	SRA Lite	Primary ETL	1	s3://sra-pub-zq-5/SRR23126358/SRR23126358.lite.1	s3.us-east-1	aws identity	https://sra-downloadb.be-md.ncbi.nlm.nih.gov/sos9/sra-pub-zq-922/SRR023/23126/SRR23126358/SRR23126358.lite.1	https://sra-downloadb.be-md.ncbi.nlm.nih.gov/sos9/sra-pub-zq-922/SRR023/23126/SRR23126358/SRR23126358.lite.1	worldwide	anonymous	gs://sra-pub-zq-102/SRR23126358/SRR23126358.lite.1	gs.us-east1	gcp identity	-	2021-11-19	cacao field	cacao tree	plant leaf	USA: Miami, FL	Theobroma cacao	25.64 N 80.29 W	m1_1_9F	MIGS/MIMS/MIMARKS.plant-associated	-	http://ftp.sra.ebi.ac.uk/vol1/fastq/SRR231/058/SRR23126358/SRR23126358_1.fastq.gz	http://ftp.sra.ebi.ac.uk/vol1/fastq/SRR231/058/SRR23126358/SRR23126358_2.fastq.gz	-	era-fasp@fasp.sra.ebi.ac.uk:vol1/fastq/SRR231/058/SRR23126358/SRR23126358_1.fastq.gz	era-fasp@fasp.sra.ebi.ac.uk:vol1/fastq/SRR231/058/SRR23126358/SRR23126358_2.fastq.gz
SRR23126359	SRP418302	Cacao phyllosphere microbiome is related to Phytophthora palmivora resistance	SRX19077255	amplicon sequencing of Theobroma cacao: phyllosphere microbiome	amplicon sequencing of Theobroma cacao: phyllosphere microbiome	662107	phyllosphere metagenome	m1_1_8F_ITS	AMPLICON	METAGENOMIC	PCR	PAIRED	SRS16492215	-	SAMN32798722	PRJNA925518	Illumina NovaSeq 6000	Illumina NovaSeq 6000	ILLUMINA	151637	23186892	151637	67629549	m1_1_8F_1.fq	SRR23126359.lite	16077428	2023-01-29 08:24:42	bffff594f34d202938e9abeb91e9fe94	1	SRA Lite	Primary ETL	1	s3://sra-pub-zq-5/SRR23126359/SRR23126359.lite.1	s3.us-east-1	aws identity	https://sra-downloadb.be-md.ncbi.nlm.nih.gov/sos9/sra-pub-zq-922/SRR023/23126/SRR23126359/SRR23126359.lite.1	https://sra-downloadb.be-md.ncbi.nlm.nih.gov/sos9/sra-pub-zq-922/SRR023/23126/SRR23126359/SRR23126359.lite.1	worldwide	anonymous	gs://sra-pub-zq-102/SRR23126359/SRR23126359.lite.1	gs.us-east1	gcp identity	-	2021-11-19	cacao field	cacao tree	plant leaf	USA: Miami, FL	Theobroma cacao	25.64 N 80.29 W	m1_1_8F	MIGS/MIMS/MIMARKS.plant-associated	-	http://ftp.sra.ebi.ac.uk/vol1/fastq/SRR231/059/SRR23126359/SRR23126359_1.fastq.gz	http://ftp.sra.ebi.ac.uk/vol1/fastq/SRR231/059/SRR23126359/SRR23126359_2.fastq.gz	-	era-fasp@fasp.sra.ebi.ac.uk:vol1/fastq/SRR231/059/SRR23126359/SRR23126359_1.fastq.gz	era-fasp@fasp.sra.ebi.ac.uk:vol1/fastq/SRR231/059/SRR23126359/SRR23126359_2.fastq.gz
SRR23126360	SRP418302	Cacao phyllosphere microbiome is related to Phytophthora palmivora resistance	SRX19077254	amplicon sequencing of Theobroma cacao: phyllosphere microbiome	amplicon sequencing of Theobroma cacao: phyllosphere microbiome	662107	phyllosphere metagenome	m1_1_7F_ITS	AMPLICON	METAGENOMIC	PCR	PAIRED	SRS16492214	-	SAMN32798721	PRJNA925518	Illumina NovaSeq 6000	Illumina NovaSeq 6000	ILLUMINA	161700	24013797	161700	72117275	m1_1_7F_1.fq	SRR23126360.lite	16477123	2023-01-29 13:06:55	e53dbcda0ff9efe57912cfc64cb144bd	1	SRA Lite	Primary ETL	1	s3://sra-pub-zq-5/SRR23126360/SRR23126360.lite.1	s3.us-east-1	aws identity	https://sra-downloadb.be-md.ncbi.nlm.nih.gov/sos9/sra-pub-zq-922/SRR023/23126/SRR23126360/SRR23126360.lite.1	https://sra-downloadb.be-md.ncbi.nlm.nih.gov/sos9/sra-pub-zq-922/SRR023/23126/SRR23126360/SRR23126360.lite.1	worldwide	anonymous	gs://sra-pub-zq-102/SRR23126360/SRR23126360.lite.1	gs.us-east1	gcp identity	-	2021-11-19	cacao field	cacao tree	plant leaf	USA: Miami, FL	Theobroma cacao	25.64 N 80.29 W	m1_1_7F	MIGS/MIMS/MIMARKS.plant-associated	-	http://ftp.sra.ebi.ac.uk/vol1/fastq/SRR231/060/SRR23126360/SRR23126360_1.fastq.gz	http://ftp.sra.ebi.ac.uk/vol1/fastq/SRR231/060/SRR23126360/SRR23126360_2.fastq.gz	-	era-fasp@fasp.sra.ebi.ac.uk:vol1/fastq/SRR231/060/SRR23126360/SRR23126360_1.fastq.gz	era-fasp@fasp.sra.ebi.ac.uk:vol1/fastq/SRR231/060/SRR23126360/SRR23126360_2.fastq.gz
SRR23126361	SRP418302	Cacao phyllosphere microbiome is related to Phytophthora palmivora resistance	SRX19077253	amplicon sequencing of Theobroma cacao: phyllosphere microbiome	amplicon sequencing of Theobroma cacao: phyllosphere microbiome	662107	phyllosphere metagenome	m1_1_6F_ITS	AMPLICON	METAGENOMIC	PCR	PAIRED	SRS16492213	-	SAMN32798720	PRJNA925518	Illumina NovaSeq 6000	Illumina NovaSeq 6000	ILLUMINA	186846	28268625	186846	83332918	m1_1_6F_1.fq	SRR23126361.lite	19454683	2023-01-29 08:24:58	5931ebd47eb4bebdb7874d3d1170c614	1	SRA Lite	Primary ETL	1	s3://sra-pub-zq-5/SRR23126361/SRR23126361.lite.1	s3.us-east-1	aws identity	https://sra-downloadb.be-md.ncbi.nlm.nih.gov/sos9/sra-pub-zq-922/SRR023/23126/SRR23126361/SRR23126361.lite.1	https://sra-downloadb.be-md.ncbi.nlm.nih.gov/sos9/sra-pub-zq-922/SRR023/23126/SRR23126361/SRR23126361.lite.1	worldwide	anonymous	gs://sra-pub-zq-102/SRR23126361/SRR23126361.lite.1	gs.us-east1	gcp identity	-	2021-11-19	cacao field	cacao tree	plant leaf	USA: Miami, FL	Theobroma cacao	25.64 N 80.29 W	m1_1_6F	MIGS/MIMS/MIMARKS.plant-associated	-	http://ftp.sra.ebi.ac.uk/vol1/fastq/SRR231/061/SRR23126361/SRR23126361_1.fastq.gz	http://ftp.sra.ebi.ac.uk/vol1/fastq/SRR231/061/SRR23126361/SRR23126361_2.fastq.gz	-	era-fasp@fasp.sra.ebi.ac.uk:vol1/fastq/SRR231/061/SRR23126361/SRR23126361_1.fastq.gz	era-fasp@fasp.sra.ebi.ac.uk:vol1/fastq/SRR231/061/SRR23126361/SRR23126361_2.fastq.gz
SRR23126362	SRP418302	Cacao phyllosphere microbiome is related to Phytophthora palmivora resistance	SRX19077252	amplicon sequencing of Theobroma cacao: phyllosphere microbiome	amplicon sequencing of Theobroma cacao: phyllosphere microbiome	662107	phyllosphere metagenome	m1_1_5F_ITS	AMPLICON	METAGENOMIC	PCR	PAIRED	SRS16492212	-	SAMN32798719	PRJNA925518	Illumina NovaSeq 6000	Illumina NovaSeq 6000	ILLUMINA	175766	25364413	175766	78391356	m1_1_5F_1.fq	SRR23126362.lite	17239358	2023-01-29 15:50:13	1d1f11e51f51be51860aa545670d8d48	1	SRA Lite	Primary ETL	1	s3://sra-pub-zq-5/SRR23126362/SRR23126362.lite.1	s3.us-east-1	aws identity	https://sra-downloadb.be-md.ncbi.nlm.nih.gov/sos9/sra-pub-zq-922/SRR023/23126/SRR23126362/SRR23126362.lite.1	https://sra-downloadb.be-md.ncbi.nlm.nih.gov/sos9/sra-pub-zq-922/SRR023/23126/SRR23126362/SRR23126362.lite.1	worldwide	anonymous	gs://sra-pub-zq-102/SRR23126362/SRR23126362.lite.1	gs.us-east1	gcp identity	-	2021-11-19	cacao field	cacao tree	plant leaf	USA: Miami, FL	Theobroma cacao	25.64 N 80.29 W	m1_1_5F	MIGS/MIMS/MIMARKS.plant-associated	-	http://ftp.sra.ebi.ac.uk/vol1/fastq/SRR231/062/SRR23126362/SRR23126362_1.fastq.gz	http://ftp.sra.ebi.ac.uk/vol1/fastq/SRR231/062/SRR23126362/SRR23126362_2.fastq.gz	-	era-fasp@fasp.sra.ebi.ac.uk:vol1/fastq/SRR231/062/SRR23126362/SRR23126362_1.fastq.gz	era-fasp@fasp.sra.ebi.ac.uk:vol1/fastq/SRR231/062/SRR23126362/SRR23126362_2.fastq.gz
SRR23126363	SRP418302	Cacao phyllosphere microbiome is related to Phytophthora palmivora resistance	SRX19077251	amplicon sequencing of Theobroma cacao: phyllosphere microbiome	amplicon sequencing of Theobroma cacao: phyllosphere microbiome	662107	phyllosphere metagenome	m1_1_4F_ITS	AMPLICON	METAGENOMIC	PCR	PAIRED	SRS16492211	-	SAMN32798718	PRJNA925518	Illumina NovaSeq 6000	Illumina NovaSeq 6000	ILLUMINA	10965	1860871	10965	4890367	m1_1_4F_1.fq	SRR23126363.lite	1290265	2023-01-29 06:02:56	ac0c30d6a920004ae74fc9c9b56668e8	1	SRA Lite	Primary ETL	1	s3://sra-pub-zq-5/SRR23126363/SRR23126363.lite.1	s3.us-east-1	aws identity	https://sra-downloadb.be-md.ncbi.nlm.nih.gov/sos9/sra-pub-zq-922/SRR023/23126/SRR23126363/SRR23126363.lite.1	https://sra-downloadb.be-md.ncbi.nlm.nih.gov/sos9/sra-pub-zq-922/SRR023/23126/SRR23126363/SRR23126363.lite.1	worldwide	anonymous	gs://sra-pub-zq-102/SRR23126363/SRR23126363.lite.1	gs.us-east1	gcp identity	-	2021-11-19	cacao field	cacao tree	plant leaf	USA: Miami, FL	Theobroma cacao	25.64 N 80.29 W	m1_1_4F	MIGS/MIMS/MIMARKS.plant-associated	-	http://ftp.sra.ebi.ac.uk/vol1/fastq/SRR231/063/SRR23126363/SRR23126363_1.fastq.gz	http://ftp.sra.ebi.ac.uk/vol1/fastq/SRR231/063/SRR23126363/SRR23126363_2.fastq.gz	-	era-fasp@fasp.sra.ebi.ac.uk:vol1/fastq/SRR231/063/SRR23126363/SRR23126363_1.fastq.gz	era-fasp@fasp.sra.ebi.ac.uk:vol1/fastq/SRR231/063/SRR23126363/SRR23126363_2.fastq.gz
SRR23126364	SRP418302	Cacao phyllosphere microbiome is related to Phytophthora palmivora resistance	SRX19077250	amplicon sequencing of Theobroma cacao: phyllosphere microbiome	amplicon sequencing of Theobroma cacao: phyllosphere microbiome	662107	phyllosphere metagenome	m1_1_2F_ITS	AMPLICON	METAGENOMIC	PCR	PAIRED	SRS16492210	-	SAMN32798717	PRJNA925518	Illumina NovaSeq 6000	Illumina NovaSeq 6000	ILLUMINA	179627	29086257	179627	80113163	m1_1_2F_1.fq	SRR23126364.lite	20285004	2023-01-29 15:50:16	6314ee57c5f76f507e94ca14cba049ec	1	SRA Lite	Primary ETL	1	s3://sra-pub-zq-5/SRR23126364/SRR23126364.lite.1	s3.us-east-1	aws identity	https://sra-downloadb.be-md.ncbi.nlm.nih.gov/sos9/sra-pub-zq-922/SRR023/23126/SRR23126364/SRR23126364.lite.1	https://sra-downloadb.be-md.ncbi.nlm.nih.gov/sos9/sra-pub-zq-922/SRR023/23126/SRR23126364/SRR23126364.lite.1	worldwide	anonymous	gs://sra-pub-zq-102/SRR23126364/SRR23126364.lite.1	gs.us-east1	gcp identity	-	2021-11-19	cacao field	cacao tree	plant leaf	USA: Miami, FL	Theobroma cacao	25.64 N 80.29 W	m1_1_2F	MIGS/MIMS/MIMARKS.plant-associated	-	http://ftp.sra.ebi.ac.uk/vol1/fastq/SRR231/064/SRR23126364/SRR23126364_1.fastq.gz	http://ftp.sra.ebi.ac.uk/vol1/fastq/SRR231/064/SRR23126364/SRR23126364_2.fastq.gz	-	era-fasp@fasp.sra.ebi.ac.uk:vol1/fastq/SRR231/064/SRR23126364/SRR23126364_1.fastq.gz	era-fasp@fasp.sra.ebi.ac.uk:vol1/fastq/SRR231/064/SRR23126364/SRR23126364_2.fastq.gz
SRR23126365	SRP418302	Cacao phyllosphere microbiome is related to Phytophthora palmivora resistance	SRX19077249	amplicon sequencing of Theobroma cacao: phyllosphere microbiome	amplicon sequencing of Theobroma cacao: phyllosphere microbiome	662107	phyllosphere metagenome	m1_1_1F_ITS	AMPLICON	METAGENOMIC	PCR	PAIRED	SRS16492209	-	SAMN32798716	PRJNA925518	Illumina NovaSeq 6000	Illumina NovaSeq 6000	ILLUMINA	177048	26646217	177048	78962967	m1_1_1F_1.fq	SRR23126365.lite	18426215	2023-01-29 15:50:13	2372f046a3ef5f6c51acb3ad3cc2819e	1	SRA Lite	Primary ETL	1	s3://sra-pub-zq-5/SRR23126365/SRR23126365.lite.1	s3.us-east-1	aws identity	https://sra-downloadb.be-md.ncbi.nlm.nih.gov/sos9/sra-pub-zq-922/SRR023/23126/SRR23126365/SRR23126365.lite.1	https://sra-downloadb.be-md.ncbi.nlm.nih.gov/sos9/sra-pub-zq-922/SRR023/23126/SRR23126365/SRR23126365.lite.1	worldwide	anonymous	gs://sra-pub-zq-102/SRR23126365/SRR23126365.lite.1	gs.us-east1	gcp identity	-	2021-11-19	cacao field	cacao tree	plant leaf	USA: Miami, FL	Theobroma cacao	25.64 N 80.29 W	m1_1_1F	MIGS/MIMS/MIMARKS.plant-associated	-	http://ftp.sra.ebi.ac.uk/vol1/fastq/SRR231/065/SRR23126365/SRR23126365_1.fastq.gz	http://ftp.sra.ebi.ac.uk/vol1/fastq/SRR231/065/SRR23126365/SRR23126365_2.fastq.gz	-	era-fasp@fasp.sra.ebi.ac.uk:vol1/fastq/SRR231/065/SRR23126365/SRR23126365_1.fastq.gz	era-fasp@fasp.sra.ebi.ac.uk:vol1/fastq/SRR231/065/SRR23126365/SRR23126365_2.fastq.gz
SRR23126366	SRP418302	Cacao phyllosphere microbiome is related to Phytophthora palmivora resistance	SRX19077248	amplicon sequencing of Theobroma cacao: phyllosphere microbiome	amplicon sequencing of Theobroma cacao: phyllosphere microbiome	662107	phyllosphere metagenome	m1_1_5_16S	AMPLICON	METAGENOMIC	PCR	PAIRED	SRS16492208	-	SAMN32798680	PRJNA925518	Illumina NovaSeq 6000	Illumina NovaSeq 6000	ILLUMINA	150847	14561202	150847	67729851	m1_1_5_1.fq	SRR23126366.lite	10502894	2023-01-29 08:24:41	ddc6405c0cab848f32b3b7001553ae74	1	SRA Lite	Primary ETL	1	s3://sra-pub-zq-5/SRR23126366/SRR23126366.lite.1	s3.us-east-1	aws identity	https://sra-downloadb.be-md.ncbi.nlm.nih.gov/sos9/sra-pub-zq-922/SRR023/23126/SRR23126366/SRR23126366.lite.1	https://sra-downloadb.be-md.ncbi.nlm.nih.gov/sos9/sra-pub-zq-922/SRR023/23126/SRR23126366/SRR23126366.lite.1	worldwide	anonymous	gs://sra-pub-zq-102/SRR23126366/SRR23126366.lite.1	gs.us-east1	gcp identity	-	2021-11-19	cacao field	cacao tree	plant leaf	USA: Miami, FL	Theobroma cacao	25.64 N 80.29 W	m1_1_5	MIGS/MIMS/MIMARKS.plant-associated	-	http://ftp.sra.ebi.ac.uk/vol1/fastq/SRR231/066/SRR23126366/SRR23126366_1.fastq.gz	http://ftp.sra.ebi.ac.uk/vol1/fastq/SRR231/066/SRR23126366/SRR23126366_2.fastq.gz	-	era-fasp@fasp.sra.ebi.ac.uk:vol1/fastq/SRR231/066/SRR23126366/SRR23126366_1.fastq.gz	era-fasp@fasp.sra.ebi.ac.uk:vol1/fastq/SRR231/066/SRR23126366/SRR23126366_2.fastq.gz
SRR23126367	SRP418302	Cacao phyllosphere microbiome is related to Phytophthora palmivora resistance	SRX19077247	amplicon sequencing of Theobroma cacao: phyllosphere microbiome	amplicon sequencing of Theobroma cacao: phyllosphere microbiome	662107	phyllosphere metagenome	m3_1_9_16S	AMPLICON	METAGENOMIC	PCR	PAIRED	SRS16492207	-	SAMN32798715	PRJNA925518	Illumina NovaSeq 6000	Illumina NovaSeq 6000	ILLUMINA	160639	16370875	160639	72126616	m3_1_9_1.fq	SRR23126367.lite	12112025	2023-01-29 13:07:19	872521dc9b3b34b3a51986e24699f33e	1	SRA Lite	Primary ETL	1	s3://sra-pub-zq-5/SRR23126367/SRR23126367.lite.1	s3.us-east-1	aws identity	https://sra-downloadb.be-md.ncbi.nlm.nih.gov/sos9/sra-pub-zq-922/SRR023/23126/SRR23126367/SRR23126367.lite.1	https://sra-downloadb.be-md.ncbi.nlm.nih.gov/sos9/sra-pub-zq-922/SRR023/23126/SRR23126367/SRR23126367.lite.1	worldwide	anonymous	gs://sra-pub-zq-102/SRR23126367/SRR23126367.lite.1	gs.us-east1	gcp identity	-	2021-11-19	cacao field	cacao tree	plant leaf	USA: Miami, FL	Theobroma cacao	25.64 N 80.29 W	m3_1_9	MIGS/MIMS/MIMARKS.plant-associated	-	http://ftp.sra.ebi.ac.uk/vol1/fastq/SRR231/067/SRR23126367/SRR23126367_1.fastq.gz	http://ftp.sra.ebi.ac.uk/vol1/fastq/SRR231/067/SRR23126367/SRR23126367_2.fastq.gz	-	era-fasp@fasp.sra.ebi.ac.uk:vol1/fastq/SRR231/067/SRR23126367/SRR23126367_1.fastq.gz	era-fasp@fasp.sra.ebi.ac.uk:vol1/fastq/SRR231/067/SRR23126367/SRR23126367_2.fastq.gz
SRR23126368	SRP418302	Cacao phyllosphere microbiome is related to Phytophthora palmivora resistance	SRX19077246	amplicon sequencing of Theobroma cacao: phyllosphere microbiome	amplicon sequencing of Theobroma cacao: phyllosphere microbiome	662107	phyllosphere metagenome	m3_1_8_16S	AMPLICON	METAGENOMIC	PCR	PAIRED	SRS16492205	-	SAMN32798714	PRJNA925518	Illumina NovaSeq 6000	Illumina NovaSeq 6000	ILLUMINA	180157	15410001	180157	80890117	m3_1_8_1.fq	SRR23126368.lite	10787131	2023-01-29 08:24:45	0266456f6765c0ad8404145019565c05	1	SRA Lite	Primary ETL	1	s3://sra-pub-zq-5/SRR23126368/SRR23126368.lite.1	s3.us-east-1	aws identity	https://sra-downloadb.be-md.ncbi.nlm.nih.gov/sos9/sra-pub-zq-922/SRR023/23126/SRR23126368/SRR23126368.lite.1	https://sra-downloadb.be-md.ncbi.nlm.nih.gov/sos9/sra-pub-zq-922/SRR023/23126/SRR23126368/SRR23126368.lite.1	worldwide	anonymous	gs://sra-pub-zq-102/SRR23126368/SRR23126368.lite.1	gs.us-east1	gcp identity	-	2021-11-19	cacao field	cacao tree	plant leaf	USA: Miami, FL	Theobroma cacao	25.64 N 80.29 W	m3_1_8	MIGS/MIMS/MIMARKS.plant-associated	-	http://ftp.sra.ebi.ac.uk/vol1/fastq/SRR231/068/SRR23126368/SRR23126368_1.fastq.gz	http://ftp.sra.ebi.ac.uk/vol1/fastq/SRR231/068/SRR23126368/SRR23126368_2.fastq.gz	-	era-fasp@fasp.sra.ebi.ac.uk:vol1/fastq/SRR231/068/SRR23126368/SRR23126368_1.fastq.gz	era-fasp@fasp.sra.ebi.ac.uk:vol1/fastq/SRR231/068/SRR23126368/SRR23126368_2.fastq.gz
SRR23126369	SRP418302	Cacao phyllosphere microbiome is related to Phytophthora palmivora resistance	SRX19077245	amplicon sequencing of Theobroma cacao: phyllosphere microbiome	amplicon sequencing of Theobroma cacao: phyllosphere microbiome	662107	phyllosphere metagenome	m3_1_7_16S	AMPLICON	METAGENOMIC	PCR	PAIRED	SRS16492206	-	SAMN32798713	PRJNA925518	Illumina NovaSeq 6000	Illumina NovaSeq 6000	ILLUMINA	185128	18232745	185128	83121814	m3_1_7_1.fq	SRR23126369.lite	13071772	2023-01-29 13:07:03	b150c7753b9d1859893c31e17d3272aa	1	SRA Lite	Primary ETL	1	s3://sra-pub-zq-5/SRR23126369/SRR23126369.lite.1	s3.us-east-1	aws identity	https://sra-downloadb.be-md.ncbi.nlm.nih.gov/sos9/sra-pub-zq-922/SRR023/23126/SRR23126369/SRR23126369.lite.1	https://sra-downloadb.be-md.ncbi.nlm.nih.gov/sos9/sra-pub-zq-922/SRR023/23126/SRR23126369/SRR23126369.lite.1	worldwide	anonymous	gs://sra-pub-zq-102/SRR23126369/SRR23126369.lite.1	gs.us-east1	gcp identity	-	2021-11-19	cacao field	cacao tree	plant leaf	USA: Miami, FL	Theobroma cacao	25.64 N 80.29 W	m3_1_7	MIGS/MIMS/MIMARKS.plant-associated	-	http://ftp.sra.ebi.ac.uk/vol1/fastq/SRR231/069/SRR23126369/SRR23126369_1.fastq.gz	http://ftp.sra.ebi.ac.uk/vol1/fastq/SRR231/069/SRR23126369/SRR23126369_2.fastq.gz	-	era-fasp@fasp.sra.ebi.ac.uk:vol1/fastq/SRR231/069/SRR23126369/SRR23126369_1.fastq.gz	era-fasp@fasp.sra.ebi.ac.uk:vol1/fastq/SRR231/069/SRR23126369/SRR23126369_2.fastq.gz
SRR23126370	SRP418302	Cacao phyllosphere microbiome is related to Phytophthora palmivora resistance	SRX19077244	amplicon sequencing of Theobroma cacao: phyllosphere microbiome	amplicon sequencing of Theobroma cacao: phyllosphere microbiome	662107	phyllosphere metagenome	m3_1_6_16S	AMPLICON	METAGENOMIC	PCR	PAIRED	SRS16492204	-	SAMN32798712	PRJNA925518	Illumina NovaSeq 6000	Illumina NovaSeq 6000	ILLUMINA	181882	17184842	181882	81664475	m3_1_6_1.fq	SRR23126370.lite	12235046	2023-01-29 08:24:42	a13bee030669bbdd141b74ddeaf31d85	1	SRA Lite	Primary ETL	1	s3://sra-pub-zq-5/SRR23126370/SRR23126370.lite.1	s3.us-east-1	aws identity	https://sra-downloadb.be-md.ncbi.nlm.nih.gov/sos9/sra-pub-zq-922/SRR023/23126/SRR23126370/SRR23126370.lite.1	https://sra-downloadb.be-md.ncbi.nlm.nih.gov/sos9/sra-pub-zq-922/SRR023/23126/SRR23126370/SRR23126370.lite.1	worldwide	anonymous	gs://sra-pub-zq-102/SRR23126370/SRR23126370.lite.1	gs.us-east1	gcp identity	-	2021-11-19	cacao field	cacao tree	plant leaf	USA: Miami, FL	Theobroma cacao	25.64 N 80.29 W	m3_1_6	MIGS/MIMS/MIMARKS.plant-associated	-	http://ftp.sra.ebi.ac.uk/vol1/fastq/SRR231/070/SRR23126370/SRR23126370_1.fastq.gz	http://ftp.sra.ebi.ac.uk/vol1/fastq/SRR231/070/SRR23126370/SRR23126370_2.fastq.gz	-	era-fasp@fasp.sra.ebi.ac.uk:vol1/fastq/SRR231/070/SRR23126370/SRR23126370_1.fastq.gz	era-fasp@fasp.sra.ebi.ac.uk:vol1/fastq/SRR231/070/SRR23126370/SRR23126370_2.fastq.gz
SRR23126371	SRP418302	Cacao phyllosphere microbiome is related to Phytophthora palmivora resistance	SRX19077243	amplicon sequencing of Theobroma cacao: phyllosphere microbiome	amplicon sequencing of Theobroma cacao: phyllosphere microbiome	662107	phyllosphere metagenome	m3_1_5_16S	AMPLICON	METAGENOMIC	PCR	PAIRED	SRS16492203	-	SAMN32798711	PRJNA925518	Illumina NovaSeq 6000	Illumina NovaSeq 6000	ILLUMINA	148600	15056761	148600	66721096	m3_1_5_1.fq	SRR23126371.lite	11044258	2023-01-29 08:24:43	f5b243333021ef312ee7f6f6bcc1a8ce	1	SRA Lite	Primary ETL	1	s3://sra-pub-zq-5/SRR23126371/SRR23126371.lite.1	s3.us-east-1	aws identity	https://sra-downloadb.be-md.ncbi.nlm.nih.gov/sos9/sra-pub-zq-922/SRR023/23126/SRR23126371/SRR23126371.lite.1	https://sra-downloadb.be-md.ncbi.nlm.nih.gov/sos9/sra-pub-zq-922/SRR023/23126/SRR23126371/SRR23126371.lite.1	worldwide	anonymous	gs://sra-pub-zq-102/SRR23126371/SRR23126371.lite.1	gs.us-east1	gcp identity	-	2021-11-19	cacao field	cacao tree	plant leaf	USA: Miami, FL	Theobroma cacao	25.64 N 80.29 W	m3_1_5	MIGS/MIMS/MIMARKS.plant-associated	-	http://ftp.sra.ebi.ac.uk/vol1/fastq/SRR231/071/SRR23126371/SRR23126371_1.fastq.gz	http://ftp.sra.ebi.ac.uk/vol1/fastq/SRR231/071/SRR23126371/SRR23126371_2.fastq.gz	-	era-fasp@fasp.sra.ebi.ac.uk:vol1/fastq/SRR231/071/SRR23126371/SRR23126371_1.fastq.gz	era-fasp@fasp.sra.ebi.ac.uk:vol1/fastq/SRR231/071/SRR23126371/SRR23126371_2.fastq.gz
SRR23126372	SRP418302	Cacao phyllosphere microbiome is related to Phytophthora palmivora resistance	SRX19077242	amplicon sequencing of Theobroma cacao: phyllosphere microbiome	amplicon sequencing of Theobroma cacao: phyllosphere microbiome	662107	phyllosphere metagenome	m3_1_4_16S	AMPLICON	METAGENOMIC	PCR	PAIRED	SRS16492202	-	SAMN32798710	PRJNA925518	Illumina NovaSeq 6000	Illumina NovaSeq 6000	ILLUMINA	140994	12794717	140994	63305928	m3_1_4_1.fq	SRR23126372.lite	9050372	2023-01-29 08:24:52	91f5b359de22245b3a2ed4b8b1660752	1	SRA Lite	Primary ETL	1	s3://sra-pub-zq-5/SRR23126372/SRR23126372.lite.1	s3.us-east-1	aws identity	https://sra-downloadb.be-md.ncbi.nlm.nih.gov/sos9/sra-pub-zq-922/SRR023/23126/SRR23126372/SRR23126372.lite.1	https://sra-downloadb.be-md.ncbi.nlm.nih.gov/sos9/sra-pub-zq-922/SRR023/23126/SRR23126372/SRR23126372.lite.1	worldwide	anonymous	gs://sra-pub-zq-102/SRR23126372/SRR23126372.lite.1	gs.us-east1	gcp identity	-	2021-11-19	cacao field	cacao tree	plant leaf	USA: Miami, FL	Theobroma cacao	25.64 N 80.29 W	m3_1_4	MIGS/MIMS/MIMARKS.plant-associated	-	http://ftp.sra.ebi.ac.uk/vol1/fastq/SRR231/072/SRR23126372/SRR23126372_1.fastq.gz	http://ftp.sra.ebi.ac.uk/vol1/fastq/SRR231/072/SRR23126372/SRR23126372_2.fastq.gz	-	era-fasp@fasp.sra.ebi.ac.uk:vol1/fastq/SRR231/072/SRR23126372/SRR23126372_1.fastq.gz	era-fasp@fasp.sra.ebi.ac.uk:vol1/fastq/SRR231/072/SRR23126372/SRR23126372_2.fastq.gz
SRR23126373	SRP418302	Cacao phyllosphere microbiome is related to Phytophthora palmivora resistance	SRX19077241	amplicon sequencing of Theobroma cacao: phyllosphere microbiome	amplicon sequencing of Theobroma cacao: phyllosphere microbiome	662107	phyllosphere metagenome	m3_1_3_16S	AMPLICON	METAGENOMIC	PCR	PAIRED	SRS16492201	-	SAMN32798709	PRJNA925518	Illumina NovaSeq 6000	Illumina NovaSeq 6000	ILLUMINA	132391	12562122	132391	59443319	m3_1_3_1.fq	SRR23126373.lite	9066537	2023-01-29 06:59:17	0fe64d014c22ceeb71480d74570617f9	1	SRA Lite	Primary ETL	1	s3://sra-pub-zq-5/SRR23126373/SRR23126373.lite.1	s3.us-east-1	aws identity	https://sra-downloadb.be-md.ncbi.nlm.nih.gov/sos9/sra-pub-zq-922/SRR023/23126/SRR23126373/SRR23126373.lite.1	https://sra-downloadb.be-md.ncbi.nlm.nih.gov/sos9/sra-pub-zq-922/SRR023/23126/SRR23126373/SRR23126373.lite.1	worldwide	anonymous	gs://sra-pub-zq-102/SRR23126373/SRR23126373.lite.1	gs.us-east1	gcp identity	-	2021-11-19	cacao field	cacao tree	plant leaf	USA: Miami, FL	Theobroma cacao	25.64 N 80.29 W	m3_1_3	MIGS/MIMS/MIMARKS.plant-associated	-	http://ftp.sra.ebi.ac.uk/vol1/fastq/SRR231/073/SRR23126373/SRR23126373_1.fastq.gz	http://ftp.sra.ebi.ac.uk/vol1/fastq/SRR231/073/SRR23126373/SRR23126373_2.fastq.gz	-	era-fasp@fasp.sra.ebi.ac.uk:vol1/fastq/SRR231/073/SRR23126373/SRR23126373_1.fastq.gz	era-fasp@fasp.sra.ebi.ac.uk:vol1/fastq/SRR231/073/SRR23126373/SRR23126373_2.fastq.gz
SRR23126374	SRP418302	Cacao phyllosphere microbiome is related to Phytophthora palmivora resistance	SRX19077240	amplicon sequencing of Theobroma cacao: phyllosphere microbiome	amplicon sequencing of Theobroma cacao: phyllosphere microbiome	662107	phyllosphere metagenome	m3_1_2_16S	AMPLICON	METAGENOMIC	PCR	PAIRED	SRS16492200	-	SAMN32798708	PRJNA925518	Illumina NovaSeq 6000	Illumina NovaSeq 6000	ILLUMINA	159468	15355911	159468	71600673	m3_1_2_1.fq	SRR23126374.lite	11179900	2023-01-29 08:25:05	29fc08a8971813c930e468b5bc1a9a9d	1	SRA Lite	Primary ETL	1	s3://sra-pub-zq-5/SRR23126374/SRR23126374.lite.1	s3.us-east-1	aws identity	https://sra-downloadb.be-md.ncbi.nlm.nih.gov/sos9/sra-pub-zq-922/SRR023/23126/SRR23126374/SRR23126374.lite.1	https://sra-downloadb.be-md.ncbi.nlm.nih.gov/sos9/sra-pub-zq-922/SRR023/23126/SRR23126374/SRR23126374.lite.1	worldwide	anonymous	gs://sra-pub-zq-102/SRR23126374/SRR23126374.lite.1	gs.us-east1	gcp identity	-	2021-11-19	cacao field	cacao tree	plant leaf	USA: Miami, FL	Theobroma cacao	25.64 N 80.29 W	m3_1_2	MIGS/MIMS/MIMARKS.plant-associated	-	http://ftp.sra.ebi.ac.uk/vol1/fastq/SRR231/074/SRR23126374/SRR23126374_1.fastq.gz	http://ftp.sra.ebi.ac.uk/vol1/fastq/SRR231/074/SRR23126374/SRR23126374_2.fastq.gz	-	era-fasp@fasp.sra.ebi.ac.uk:vol1/fastq/SRR231/074/SRR23126374/SRR23126374_1.fastq.gz	era-fasp@fasp.sra.ebi.ac.uk:vol1/fastq/SRR231/074/SRR23126374/SRR23126374_2.fastq.gz
SRR23126375	SRP418302	Cacao phyllosphere microbiome is related to Phytophthora palmivora resistance	SRX19077239	amplicon sequencing of Theobroma cacao: phyllosphere microbiome	amplicon sequencing of Theobroma cacao: phyllosphere microbiome	662107	phyllosphere metagenome	m3_1_1_16S	AMPLICON	METAGENOMIC	PCR	PAIRED	SRS16492199	-	SAMN32798707	PRJNA925518	Illumina NovaSeq 6000	Illumina NovaSeq 6000	ILLUMINA	142295	13595429	142295	63890107	m3_1_1_1.fq	SRR23126375.lite	9737487	2023-01-29 08:24:45	217b74cc29f076bd4a1d8acc88c24b3b	1	SRA Lite	Primary ETL	1	s3://sra-pub-zq-5/SRR23126375/SRR23126375.lite.1	s3.us-east-1	aws identity	https://sra-downloadb.be-md.ncbi.nlm.nih.gov/sos9/sra-pub-zq-922/SRR023/23126/SRR23126375/SRR23126375.lite.1	https://sra-downloadb.be-md.ncbi.nlm.nih.gov/sos9/sra-pub-zq-922/SRR023/23126/SRR23126375/SRR23126375.lite.1	worldwide	anonymous	gs://sra-pub-zq-102/SRR23126375/SRR23126375.lite.1	gs.us-east1	gcp identity	-	2021-11-19	cacao field	cacao tree	plant leaf	USA: Miami, FL	Theobroma cacao	25.64 N 80.29 W	m3_1_1	MIGS/MIMS/MIMARKS.plant-associated	-	http://ftp.sra.ebi.ac.uk/vol1/fastq/SRR231/075/SRR23126375/SRR23126375_1.fastq.gz	http://ftp.sra.ebi.ac.uk/vol1/fastq/SRR231/075/SRR23126375/SRR23126375_2.fastq.gz	-	era-fasp@fasp.sra.ebi.ac.uk:vol1/fastq/SRR231/075/SRR23126375/SRR23126375_1.fastq.gz	era-fasp@fasp.sra.ebi.ac.uk:vol1/fastq/SRR231/075/SRR23126375/SRR23126375_2.fastq.gz
SRR23126376	SRP418302	Cacao phyllosphere microbiome is related to Phytophthora palmivora resistance	SRX19077238	amplicon sequencing of Theobroma cacao: phyllosphere microbiome	amplicon sequencing of Theobroma cacao: phyllosphere microbiome	662107	phyllosphere metagenome	m3_2_11_16S	AMPLICON	METAGENOMIC	PCR	PAIRED	SRS16492198	-	SAMN32798706	PRJNA925518	Illumina NovaSeq 6000	Illumina NovaSeq 6000	ILLUMINA	164071	16483068	164071	73667503	m3_2_11_1.fq	SRR23126376.lite	11625447	2023-01-29 13:06:58	8a04582499cae200ab73679e8f729e4c	1	SRA Lite	Primary ETL	1	s3://sra-pub-zq-5/SRR23126376/SRR23126376.lite.1	s3.us-east-1	aws identity	https://sra-downloadb.be-md.ncbi.nlm.nih.gov/sos9/sra-pub-zq-922/SRR023/23126/SRR23126376/SRR23126376.lite.1	https://sra-downloadb.be-md.ncbi.nlm.nih.gov/sos9/sra-pub-zq-922/SRR023/23126/SRR23126376/SRR23126376.lite.1	worldwide	anonymous	gs://sra-pub-zq-102/SRR23126376/SRR23126376.lite.1	gs.us-east1	gcp identity	-	2021-12-03	cacao field	cacao tree	plant leaf	USA: Miami, FL	Theobroma cacao	25.64 N 80.29 W	m3_2_11	MIGS/MIMS/MIMARKS.plant-associated	-	http://ftp.sra.ebi.ac.uk/vol1/fastq/SRR231/076/SRR23126376/SRR23126376_1.fastq.gz	http://ftp.sra.ebi.ac.uk/vol1/fastq/SRR231/076/SRR23126376/SRR23126376_2.fastq.gz	-	era-fasp@fasp.sra.ebi.ac.uk:vol1/fastq/SRR231/076/SRR23126376/SRR23126376_1.fastq.gz	era-fasp@fasp.sra.ebi.ac.uk:vol1/fastq/SRR231/076/SRR23126376/SRR23126376_2.fastq.gz
SRR23126377	SRP418302	Cacao phyllosphere microbiome is related to Phytophthora palmivora resistance	SRX19077237	amplicon sequencing of Theobroma cacao: phyllosphere microbiome	amplicon sequencing of Theobroma cacao: phyllosphere microbiome	662107	phyllosphere metagenome	m1_1_4_16S	AMPLICON	METAGENOMIC	PCR	PAIRED	SRS16492197	-	SAMN32798679	PRJNA925518	Illumina NovaSeq 6000	Illumina NovaSeq 6000	ILLUMINA	182866	21268094	182866	82106377	m1_1_4_1.fq	SRR23126377.lite	16126821	2023-01-29 08:24:45	b0cfb77845f685226dd2b41fba04aaf3	1	SRA Lite	Primary ETL	1	s3://sra-pub-zq-5/SRR23126377/SRR23126377.lite.1	s3.us-east-1	aws identity	https://sra-downloadb.be-md.ncbi.nlm.nih.gov/sos9/sra-pub-zq-922/SRR023/23126/SRR23126377/SRR23126377.lite.1	https://sra-downloadb.be-md.ncbi.nlm.nih.gov/sos9/sra-pub-zq-922/SRR023/23126/SRR23126377/SRR23126377.lite.1	worldwide	anonymous	gs://sra-pub-zq-102/SRR23126377/SRR23126377.lite.1	gs.us-east1	gcp identity	-	2021-11-19	cacao field	cacao tree	plant leaf	USA: Miami, FL	Theobroma cacao	25.64 N 80.29 W	m1_1_4	MIGS/MIMS/MIMARKS.plant-associated	-	http://ftp.sra.ebi.ac.uk/vol1/fastq/SRR231/077/SRR23126377/SRR23126377_1.fastq.gz	http://ftp.sra.ebi.ac.uk/vol1/fastq/SRR231/077/SRR23126377/SRR23126377_2.fastq.gz	-	era-fasp@fasp.sra.ebi.ac.uk:vol1/fastq/SRR231/077/SRR23126377/SRR23126377_1.fastq.gz	era-fasp@fasp.sra.ebi.ac.uk:vol1/fastq/SRR231/077/SRR23126377/SRR23126377_2.fastq.gz
SRR23126378	SRP418302	Cacao phyllosphere microbiome is related to Phytophthora palmivora resistance	SRX19077236	amplicon sequencing of Theobroma cacao: phyllosphere microbiome	amplicon sequencing of Theobroma cacao: phyllosphere microbiome	662107	phyllosphere metagenome	m3_2_10_16S	AMPLICON	METAGENOMIC	PCR	PAIRED	SRS16492196	-	SAMN32798705	PRJNA925518	Illumina NovaSeq 6000	Illumina NovaSeq 6000	ILLUMINA	150977	14839454	150977	67788316	m3_2_10_1.fq	SRR23126378.lite	10781024	2023-01-29 13:06:59	740417420880f12e465f3c2588a8b784	1	SRA Lite	Primary ETL	1	s3://sra-pub-zq-5/SRR23126378/SRR23126378.lite.1	s3.us-east-1	aws identity	https://sra-downloadb.be-md.ncbi.nlm.nih.gov/sos9/sra-pub-zq-922/SRR023/23126/SRR23126378/SRR23126378.lite.1	https://sra-downloadb.be-md.ncbi.nlm.nih.gov/sos9/sra-pub-zq-922/SRR023/23126/SRR23126378/SRR23126378.lite.1	worldwide	anonymous	gs://sra-pub-zq-102/SRR23126378/SRR23126378.lite.1	gs.us-east1	gcp identity	-	2021-12-03	cacao field	cacao tree	plant leaf	USA: Miami, FL	Theobroma cacao	25.64 N 80.29 W	m3_2_10	MIGS/MIMS/MIMARKS.plant-associated	-	http://ftp.sra.ebi.ac.uk/vol1/fastq/SRR231/078/SRR23126378/SRR23126378_1.fastq.gz	http://ftp.sra.ebi.ac.uk/vol1/fastq/SRR231/078/SRR23126378/SRR23126378_2.fastq.gz	-	era-fasp@fasp.sra.ebi.ac.uk:vol1/fastq/SRR231/078/SRR23126378/SRR23126378_1.fastq.gz	era-fasp@fasp.sra.ebi.ac.uk:vol1/fastq/SRR231/078/SRR23126378/SRR23126378_2.fastq.gz
SRR23126379	SRP418302	Cacao phyllosphere microbiome is related to Phytophthora palmivora resistance	SRX19077235	amplicon sequencing of Theobroma cacao: phyllosphere microbiome	amplicon sequencing of Theobroma cacao: phyllosphere microbiome	662107	phyllosphere metagenome	m3_2_9_16S	AMPLICON	METAGENOMIC	PCR	PAIRED	SRS16492195	-	SAMN32798704	PRJNA925518	Illumina NovaSeq 6000	Illumina NovaSeq 6000	ILLUMINA	157545	14669387	157545	70737261	m3_2_9_1.fq	SRR23126379.lite	10515167	2023-01-29 15:50:12	8e44da9859a7d8d2ae6bdda723ba9f2e	1	SRA Lite	Primary ETL	1	s3://sra-pub-zq-5/SRR23126379/SRR23126379.lite.1	s3.us-east-1	aws identity	https://sra-downloadb.be-md.ncbi.nlm.nih.gov/sos9/sra-pub-zq-922/SRR023/23126/SRR23126379/SRR23126379.lite.1	https://sra-downloadb.be-md.ncbi.nlm.nih.gov/sos9/sra-pub-zq-922/SRR023/23126/SRR23126379/SRR23126379.lite.1	worldwide	anonymous	gs://sra-pub-zq-102/SRR23126379/SRR23126379.lite.1	gs.us-east1	gcp identity	-	2021-12-03	cacao field	cacao tree	plant leaf	USA: Miami, FL	Theobroma cacao	25.64 N 80.29 W	m3_2_9	MIGS/MIMS/MIMARKS.plant-associated	-	http://ftp.sra.ebi.ac.uk/vol1/fastq/SRR231/079/SRR23126379/SRR23126379_1.fastq.gz	http://ftp.sra.ebi.ac.uk/vol1/fastq/SRR231/079/SRR23126379/SRR23126379_2.fastq.gz	-	era-fasp@fasp.sra.ebi.ac.uk:vol1/fastq/SRR231/079/SRR23126379/SRR23126379_1.fastq.gz	era-fasp@fasp.sra.ebi.ac.uk:vol1/fastq/SRR231/079/SRR23126379/SRR23126379_2.fastq.gz
SRR23126380	SRP418302	Cacao phyllosphere microbiome is related to Phytophthora palmivora resistance	SRX19077234	amplicon sequencing of Theobroma cacao: phyllosphere microbiome	amplicon sequencing of Theobroma cacao: phyllosphere microbiome	662107	phyllosphere metagenome	m3_2_8_16S	AMPLICON	METAGENOMIC	PCR	PAIRED	SRS16492194	-	SAMN32798703	PRJNA925518	Illumina NovaSeq 6000	Illumina NovaSeq 6000	ILLUMINA	177462	17286653	177462	79680011	m3_2_8_1.fq	SRR23126380.lite	12521333	2023-01-29 15:50:16	e31c25647ea118c7517d76e5a94655de	1	SRA Lite	Primary ETL	1	s3://sra-pub-zq-5/SRR23126380/SRR23126380.lite.1	s3.us-east-1	aws identity	https://sra-downloadb.be-md.ncbi.nlm.nih.gov/sos9/sra-pub-zq-922/SRR023/23126/SRR23126380/SRR23126380.lite.1	https://sra-downloadb.be-md.ncbi.nlm.nih.gov/sos9/sra-pub-zq-922/SRR023/23126/SRR23126380/SRR23126380.lite.1	worldwide	anonymous	gs://sra-pub-zq-102/SRR23126380/SRR23126380.lite.1	gs.us-east1	gcp identity	-	2021-12-03	cacao field	cacao tree	plant leaf	USA: Miami, FL	Theobroma cacao	25.64 N 80.29 W	m3_2_8	MIGS/MIMS/MIMARKS.plant-associated	-	http://ftp.sra.ebi.ac.uk/vol1/fastq/SRR231/080/SRR23126380/SRR23126380_1.fastq.gz	http://ftp.sra.ebi.ac.uk/vol1/fastq/SRR231/080/SRR23126380/SRR23126380_2.fastq.gz	-	era-fasp@fasp.sra.ebi.ac.uk:vol1/fastq/SRR231/080/SRR23126380/SRR23126380_1.fastq.gz	era-fasp@fasp.sra.ebi.ac.uk:vol1/fastq/SRR231/080/SRR23126380/SRR23126380_2.fastq.gz
SRR23126381	SRP418302	Cacao phyllosphere microbiome is related to Phytophthora palmivora resistance	SRX19077233	amplicon sequencing of Theobroma cacao: phyllosphere microbiome	amplicon sequencing of Theobroma cacao: phyllosphere microbiome	662107	phyllosphere metagenome	m3_2_7_16S	AMPLICON	METAGENOMIC	PCR	PAIRED	SRS16492193	-	SAMN32798702	PRJNA925518	Illumina NovaSeq 6000	Illumina NovaSeq 6000	ILLUMINA	139939	13344585	139939	62832176	m3_2_7_1.fq	SRR23126381.lite	9579261	2023-01-29 15:50:13	19a01419c0a6534e861eb8160d236d02	1	SRA Lite	Primary ETL	1	s3://sra-pub-zq-5/SRR23126381/SRR23126381.lite.1	s3.us-east-1	aws identity	https://sra-downloadb.be-md.ncbi.nlm.nih.gov/sos9/sra-pub-zq-922/SRR023/23126/SRR23126381/SRR23126381.lite.1	https://sra-downloadb.be-md.ncbi.nlm.nih.gov/sos9/sra-pub-zq-922/SRR023/23126/SRR23126381/SRR23126381.lite.1	worldwide	anonymous	gs://sra-pub-zq-102/SRR23126381/SRR23126381.lite.1	gs.us-east1	gcp identity	-	2021-12-03	cacao field	cacao tree	plant leaf	USA: Miami, FL	Theobroma cacao	25.64 N 80.29 W	m3_2_7	MIGS/MIMS/MIMARKS.plant-associated	-	http://ftp.sra.ebi.ac.uk/vol1/fastq/SRR231/081/SRR23126381/SRR23126381_1.fastq.gz	http://ftp.sra.ebi.ac.uk/vol1/fastq/SRR231/081/SRR23126381/SRR23126381_2.fastq.gz	-	era-fasp@fasp.sra.ebi.ac.uk:vol1/fastq/SRR231/081/SRR23126381/SRR23126381_1.fastq.gz	era-fasp@fasp.sra.ebi.ac.uk:vol1/fastq/SRR231/081/SRR23126381/SRR23126381_2.fastq.gz
SRR23126382	SRP418302	Cacao phyllosphere microbiome is related to Phytophthora palmivora resistance	SRX19077232	amplicon sequencing of Theobroma cacao: phyllosphere microbiome	amplicon sequencing of Theobroma cacao: phyllosphere microbiome	662107	phyllosphere metagenome	m3_2_6_16S	AMPLICON	METAGENOMIC	PCR	PAIRED	SRS16492192	-	SAMN32798701	PRJNA925518	Illumina NovaSeq 6000	Illumina NovaSeq 6000	ILLUMINA	167341	16479631	167341	75135476	m3_2_6_1.fq	SRR23126382.lite	11864915	2023-01-29 15:50:13	5cc0ddf7315d3386ee214585bcc31396	1	SRA Lite	Primary ETL	1	s3://sra-pub-zq-5/SRR23126382/SRR23126382.lite.1	s3.us-east-1	aws identity	https://sra-downloadb.be-md.ncbi.nlm.nih.gov/sos9/sra-pub-zq-922/SRR023/23126/SRR23126382/SRR23126382.lite.1	https://sra-downloadb.be-md.ncbi.nlm.nih.gov/sos9/sra-pub-zq-922/SRR023/23126/SRR23126382/SRR23126382.lite.1	worldwide	anonymous	gs://sra-pub-zq-102/SRR23126382/SRR23126382.lite.1	gs.us-east1	gcp identity	-	2021-12-03	cacao field	cacao tree	plant leaf	USA: Miami, FL	Theobroma cacao	25.64 N 80.29 W	m3_2_6	MIGS/MIMS/MIMARKS.plant-associated	-	http://ftp.sra.ebi.ac.uk/vol1/fastq/SRR231/082/SRR23126382/SRR23126382_1.fastq.gz	http://ftp.sra.ebi.ac.uk/vol1/fastq/SRR231/082/SRR23126382/SRR23126382_2.fastq.gz	-	era-fasp@fasp.sra.ebi.ac.uk:vol1/fastq/SRR231/082/SRR23126382/SRR23126382_1.fastq.gz	era-fasp@fasp.sra.ebi.ac.uk:vol1/fastq/SRR231/082/SRR23126382/SRR23126382_2.fastq.gz
SRR23126383	SRP418302	Cacao phyllosphere microbiome is related to Phytophthora palmivora resistance	SRX19077231	amplicon sequencing of Theobroma cacao: phyllosphere microbiome	amplicon sequencing of Theobroma cacao: phyllosphere microbiome	662107	phyllosphere metagenome	m3_2_5_16S	AMPLICON	METAGENOMIC	PCR	PAIRED	SRS16492191	-	SAMN32798700	PRJNA925518	Illumina NovaSeq 6000	Illumina NovaSeq 6000	ILLUMINA	167503	15433687	167503	75208238	m3_2_5_1.fq	SRR23126383.lite	10927618	2023-01-29 13:07:03	a62fe07d8c3c0bfa2deeaea122888ce7	1	SRA Lite	Primary ETL	1	s3://sra-pub-zq-5/SRR23126383/SRR23126383.lite.1	s3.us-east-1	aws identity	https://sra-downloadb.be-md.ncbi.nlm.nih.gov/sos9/sra-pub-zq-922/SRR023/23126/SRR23126383/SRR23126383.lite.1	https://sra-downloadb.be-md.ncbi.nlm.nih.gov/sos9/sra-pub-zq-922/SRR023/23126/SRR23126383/SRR23126383.lite.1	worldwide	anonymous	gs://sra-pub-zq-102/SRR23126383/SRR23126383.lite.1	gs.us-east1	gcp identity	-	2021-12-03	cacao field	cacao tree	plant leaf	USA: Miami, FL	Theobroma cacao	25.64 N 80.29 W	m3_2_5	MIGS/MIMS/MIMARKS.plant-associated	-	http://ftp.sra.ebi.ac.uk/vol1/fastq/SRR231/083/SRR23126383/SRR23126383_1.fastq.gz	http://ftp.sra.ebi.ac.uk/vol1/fastq/SRR231/083/SRR23126383/SRR23126383_2.fastq.gz	-	era-fasp@fasp.sra.ebi.ac.uk:vol1/fastq/SRR231/083/SRR23126383/SRR23126383_1.fastq.gz	era-fasp@fasp.sra.ebi.ac.uk:vol1/fastq/SRR231/083/SRR23126383/SRR23126383_2.fastq.gz
SRR23126384	SRP418302	Cacao phyllosphere microbiome is related to Phytophthora palmivora resistance	SRX19077230	amplicon sequencing of Theobroma cacao: phyllosphere microbiome	amplicon sequencing of Theobroma cacao: phyllosphere microbiome	662107	phyllosphere metagenome	m3_2_4_16S	AMPLICON	METAGENOMIC	PCR	PAIRED	SRS16492190	-	SAMN32798699	PRJNA925518	Illumina NovaSeq 6000	Illumina NovaSeq 6000	ILLUMINA	153142	16658802	153142	68760401	m3_2_4_1.fq	SRR23126384.lite	12493694	2023-01-29 08:24:45	96849c2a2994b6a2d61fa4d8538f437a	1	SRA Lite	Primary ETL	1	s3://sra-pub-zq-5/SRR23126384/SRR23126384.lite.1	s3.us-east-1	aws identity	https://sra-downloadb.be-md.ncbi.nlm.nih.gov/sos9/sra-pub-zq-922/SRR023/23126/SRR23126384/SRR23126384.lite.1	https://sra-downloadb.be-md.ncbi.nlm.nih.gov/sos9/sra-pub-zq-922/SRR023/23126/SRR23126384/SRR23126384.lite.1	worldwide	anonymous	gs://sra-pub-zq-102/SRR23126384/SRR23126384.lite.1	gs.us-east1	gcp identity	-	2021-12-03	cacao field	cacao tree	plant leaf	USA: Miami, FL	Theobroma cacao	25.64 N 80.29 W	m3_2_4	MIGS/MIMS/MIMARKS.plant-associated	-	http://ftp.sra.ebi.ac.uk/vol1/fastq/SRR231/084/SRR23126384/SRR23126384_1.fastq.gz	http://ftp.sra.ebi.ac.uk/vol1/fastq/SRR231/084/SRR23126384/SRR23126384_2.fastq.gz	-	era-fasp@fasp.sra.ebi.ac.uk:vol1/fastq/SRR231/084/SRR23126384/SRR23126384_1.fastq.gz	era-fasp@fasp.sra.ebi.ac.uk:vol1/fastq/SRR231/084/SRR23126384/SRR23126384_2.fastq.gz
SRR23126385	SRP418302	Cacao phyllosphere microbiome is related to Phytophthora palmivora resistance	SRX19077229	amplicon sequencing of Theobroma cacao: phyllosphere microbiome	amplicon sequencing of Theobroma cacao: phyllosphere microbiome	662107	phyllosphere metagenome	m3_2_3_16S	AMPLICON	METAGENOMIC	PCR	PAIRED	SRS16492189	-	SAMN32798698	PRJNA925518	Illumina NovaSeq 6000	Illumina NovaSeq 6000	ILLUMINA	157887	14916474	157887	70890731	m3_2_3_1.fq	SRR23126385.lite	10615922	2023-01-29 14:32:03	bbcec01017bd69f142c92a364c930095	1	SRA Lite	Primary ETL	1	s3://sra-pub-zq-5/SRR23126385/SRR23126385.lite.1	s3.us-east-1	aws identity	https://sra-downloadb.be-md.ncbi.nlm.nih.gov/sos9/sra-pub-zq-922/SRR023/23126/SRR23126385/SRR23126385.lite.1	https://sra-downloadb.be-md.ncbi.nlm.nih.gov/sos9/sra-pub-zq-922/SRR023/23126/SRR23126385/SRR23126385.lite.1	worldwide	anonymous	gs://sra-pub-zq-102/SRR23126385/SRR23126385.lite.1	gs.us-east1	gcp identity	-	2021-12-03	cacao field	cacao tree	plant leaf	USA: Miami, FL	Theobroma cacao	25.64 N 80.29 W	m3_2_3	MIGS/MIMS/MIMARKS.plant-associated	-	http://ftp.sra.ebi.ac.uk/vol1/fastq/SRR231/085/SRR23126385/SRR23126385_1.fastq.gz	http://ftp.sra.ebi.ac.uk/vol1/fastq/SRR231/085/SRR23126385/SRR23126385_2.fastq.gz	-	era-fasp@fasp.sra.ebi.ac.uk:vol1/fastq/SRR231/085/SRR23126385/SRR23126385_1.fastq.gz	era-fasp@fasp.sra.ebi.ac.uk:vol1/fastq/SRR231/085/SRR23126385/SRR23126385_2.fastq.gz
SRR23126386	SRP418302	Cacao phyllosphere microbiome is related to Phytophthora palmivora resistance	SRX19077228	amplicon sequencing of Theobroma cacao: phyllosphere microbiome	amplicon sequencing of Theobroma cacao: phyllosphere microbiome	662107	phyllosphere metagenome	m3_2_2_16S	AMPLICON	METAGENOMIC	PCR	PAIRED	SRS16492188	-	SAMN32798697	PRJNA925518	Illumina NovaSeq 6000	Illumina NovaSeq 6000	ILLUMINA	173997	16186131	173997	78124253	m3_2_2_1.fq	SRR23126386.lite	11591878	2023-01-29 08:24:45	bded3e03077cb4629b8e0c3ea72faebd	1	SRA Lite	Primary ETL	1	s3://sra-pub-zq-5/SRR23126386/SRR23126386.lite.1	s3.us-east-1	aws identity	https://sra-downloadb.be-md.ncbi.nlm.nih.gov/sos9/sra-pub-zq-922/SRR023/23126/SRR23126386/SRR23126386.lite.1	https://sra-downloadb.be-md.ncbi.nlm.nih.gov/sos9/sra-pub-zq-922/SRR023/23126/SRR23126386/SRR23126386.lite.1	worldwide	anonymous	gs://sra-pub-zq-102/SRR23126386/SRR23126386.lite.1	gs.us-east1	gcp identity	-	2021-12-03	cacao field	cacao tree	plant leaf	USA: Miami, FL	Theobroma cacao	25.64 N 80.29 W	m3_2_2	MIGS/MIMS/MIMARKS.plant-associated	-	http://ftp.sra.ebi.ac.uk/vol1/fastq/SRR231/086/SRR23126386/SRR23126386_1.fastq.gz	http://ftp.sra.ebi.ac.uk/vol1/fastq/SRR231/086/SRR23126386/SRR23126386_2.fastq.gz	-	era-fasp@fasp.sra.ebi.ac.uk:vol1/fastq/SRR231/086/SRR23126386/SRR23126386_1.fastq.gz	era-fasp@fasp.sra.ebi.ac.uk:vol1/fastq/SRR231/086/SRR23126386/SRR23126386_2.fastq.gz
SRR23126387	SRP418302	Cacao phyllosphere microbiome is related to Phytophthora palmivora resistance	SRX19077227	amplicon sequencing of Theobroma cacao: phyllosphere microbiome	amplicon sequencing of Theobroma cacao: phyllosphere microbiome	662107	phyllosphere metagenome	m3_2_1_16S	AMPLICON	METAGENOMIC	PCR	PAIRED	SRS16492187	-	SAMN32798696	PRJNA925518	Illumina NovaSeq 6000	Illumina NovaSeq 6000	ILLUMINA	162264	15974155	162264	72856035	m3_2_1_1.fq	SRR23126387.lite	11685988	2023-01-29 08:24:44	451e9cb8b62a842cc24d6575c43a7ca2	1	SRA Lite	Primary ETL	1	s3://sra-pub-zq-5/SRR23126387/SRR23126387.lite.1	s3.us-east-1	aws identity	https://sra-downloadb.be-md.ncbi.nlm.nih.gov/sos9/sra-pub-zq-922/SRR023/23126/SRR23126387/SRR23126387.lite.1	https://sra-downloadb.be-md.ncbi.nlm.nih.gov/sos9/sra-pub-zq-922/SRR023/23126/SRR23126387/SRR23126387.lite.1	worldwide	anonymous	gs://sra-pub-zq-102/SRR23126387/SRR23126387.lite.1	gs.us-east1	gcp identity	-	2021-12-03	cacao field	cacao tree	plant leaf	USA: Miami, FL	Theobroma cacao	25.64 N 80.29 W	m3_2_1	MIGS/MIMS/MIMARKS.plant-associated	-	http://ftp.sra.ebi.ac.uk/vol1/fastq/SRR231/087/SRR23126387/SRR23126387_1.fastq.gz	http://ftp.sra.ebi.ac.uk/vol1/fastq/SRR231/087/SRR23126387/SRR23126387_2.fastq.gz	-	era-fasp@fasp.sra.ebi.ac.uk:vol1/fastq/SRR231/087/SRR23126387/SRR23126387_1.fastq.gz	era-fasp@fasp.sra.ebi.ac.uk:vol1/fastq/SRR231/087/SRR23126387/SRR23126387_2.fastq.gz
SRR23126388	SRP418302	Cacao phyllosphere microbiome is related to Phytophthora palmivora resistance	SRX19077226	amplicon sequencing of Theobroma cacao: phyllosphere microbiome	amplicon sequencing of Theobroma cacao: phyllosphere microbiome	662107	phyllosphere metagenome	m1_1_3_16S	AMPLICON	METAGENOMIC	PCR	PAIRED	SRS16492186	-	SAMN32798678	PRJNA925518	Illumina NovaSeq 6000	Illumina NovaSeq 6000	ILLUMINA	184539	18131319	184539	82857473	m1_1_3_1.fq	SRR23126388.lite	13107597	2023-01-29 08:24:52	b9fba0442dd6c460b531be4f2d99a500	1	SRA Lite	Primary ETL	1	s3://sra-pub-zq-5/SRR23126388/SRR23126388.lite.1	s3.us-east-1	aws identity	https://sra-downloadb.be-md.ncbi.nlm.nih.gov/sos9/sra-pub-zq-922/SRR023/23126/SRR23126388/SRR23126388.lite.1	https://sra-downloadb.be-md.ncbi.nlm.nih.gov/sos9/sra-pub-zq-922/SRR023/23126/SRR23126388/SRR23126388.lite.1	worldwide	anonymous	gs://sra-pub-zq-102/SRR23126388/SRR23126388.lite.1	gs.us-east1	gcp identity	-	2021-11-19	cacao field	cacao tree	plant leaf	USA: Miami, FL	Theobroma cacao	25.64 N 80.29 W	m1_1_3	MIGS/MIMS/MIMARKS.plant-associated	-	http://ftp.sra.ebi.ac.uk/vol1/fastq/SRR231/088/SRR23126388/SRR23126388_1.fastq.gz	http://ftp.sra.ebi.ac.uk/vol1/fastq/SRR231/088/SRR23126388/SRR23126388_2.fastq.gz	-	era-fasp@fasp.sra.ebi.ac.uk:vol1/fastq/SRR231/088/SRR23126388/SRR23126388_1.fastq.gz	era-fasp@fasp.sra.ebi.ac.uk:vol1/fastq/SRR231/088/SRR23126388/SRR23126388_2.fastq.gz
SRR23126389	SRP418302	Cacao phyllosphere microbiome is related to Phytophthora palmivora resistance	SRX19077225	amplicon sequencing of Theobroma cacao: phyllosphere microbiome	amplicon sequencing of Theobroma cacao: phyllosphere microbiome	662107	phyllosphere metagenome	m1_2_11_16S	AMPLICON	METAGENOMIC	PCR	PAIRED	SRS16492185	-	SAMN32798695	PRJNA925518	Illumina NovaSeq 6000	Illumina NovaSeq 6000	ILLUMINA	125917	11409693	125917	56536319	m1_2_11_1.fq	SRR23126389.lite	8092298	2023-01-29 08:24:49	6fc3250ef5b67d25cbe64ca9c9c53687	1	SRA Lite	Primary ETL	1	s3://sra-pub-zq-5/SRR23126389/SRR23126389.lite.1	s3.us-east-1	aws identity	https://sra-downloadb.be-md.ncbi.nlm.nih.gov/sos9/sra-pub-zq-922/SRR023/23126/SRR23126389/SRR23126389.lite.1	https://sra-downloadb.be-md.ncbi.nlm.nih.gov/sos9/sra-pub-zq-922/SRR023/23126/SRR23126389/SRR23126389.lite.1	worldwide	anonymous	gs://sra-pub-zq-102/SRR23126389/SRR23126389.lite.1	gs.us-east1	gcp identity	-	2021-12-03	cacao field	cacao tree	plant leaf	USA: Miami, FL	Theobroma cacao	25.64 N 80.29 W	m1_2_11	MIGS/MIMS/MIMARKS.plant-associated	-	http://ftp.sra.ebi.ac.uk/vol1/fastq/SRR231/089/SRR23126389/SRR23126389_1.fastq.gz	http://ftp.sra.ebi.ac.uk/vol1/fastq/SRR231/089/SRR23126389/SRR23126389_2.fastq.gz	-	era-fasp@fasp.sra.ebi.ac.uk:vol1/fastq/SRR231/089/SRR23126389/SRR23126389_1.fastq.gz	era-fasp@fasp.sra.ebi.ac.uk:vol1/fastq/SRR231/089/SRR23126389/SRR23126389_2.fastq.gz
SRR23126390	SRP418302	Cacao phyllosphere microbiome is related to Phytophthora palmivora resistance	SRX19077224	amplicon sequencing of Theobroma cacao: phyllosphere microbiome	amplicon sequencing of Theobroma cacao: phyllosphere microbiome	662107	phyllosphere metagenome	m1_2_10_16S	AMPLICON	METAGENOMIC	PCR	PAIRED	SRS16492184	-	SAMN32798694	PRJNA925518	Illumina NovaSeq 6000	Illumina NovaSeq 6000	ILLUMINA	167812	18114608	167812	75347200	m1_2_10_1.fq	SRR23126390.lite	13075335	2023-01-29 08:24:48	98da92f2a1a37884b9d1e480ac7551d1	1	SRA Lite	Primary ETL	1	s3://sra-pub-zq-5/SRR23126390/SRR23126390.lite.1	s3.us-east-1	aws identity	https://sra-downloadb.be-md.ncbi.nlm.nih.gov/sos9/sra-pub-zq-922/SRR023/23126/SRR23126390/SRR23126390.lite.1	https://sra-downloadb.be-md.ncbi.nlm.nih.gov/sos9/sra-pub-zq-922/SRR023/23126/SRR23126390/SRR23126390.lite.1	worldwide	anonymous	gs://sra-pub-zq-102/SRR23126390/SRR23126390.lite.1	gs.us-east1	gcp identity	-	2021-12-03	cacao field	cacao tree	plant leaf	USA: Miami, FL	Theobroma cacao	25.64 N 80.29 W	m1_2_10	MIGS/MIMS/MIMARKS.plant-associated	-	http://ftp.sra.ebi.ac.uk/vol1/fastq/SRR231/090/SRR23126390/SRR23126390_1.fastq.gz	http://ftp.sra.ebi.ac.uk/vol1/fastq/SRR231/090/SRR23126390/SRR23126390_2.fastq.gz	-	era-fasp@fasp.sra.ebi.ac.uk:vol1/fastq/SRR231/090/SRR23126390/SRR23126390_1.fastq.gz	era-fasp@fasp.sra.ebi.ac.uk:vol1/fastq/SRR231/090/SRR23126390/SRR23126390_2.fastq.gz
SRR23126391	SRP418302	Cacao phyllosphere microbiome is related to Phytophthora palmivora resistance	SRX19077223	amplicon sequencing of Theobroma cacao: phyllosphere microbiome	amplicon sequencing of Theobroma cacao: phyllosphere microbiome	662107	phyllosphere metagenome	m1_2_9_16S	AMPLICON	METAGENOMIC	PCR	PAIRED	SRS16492183	-	SAMN32798693	PRJNA925518	Illumina NovaSeq 6000	Illumina NovaSeq 6000	ILLUMINA	150645	14716879	150645	67639234	m1_2_9_1.fq	SRR23126391.lite	10649985	2023-01-29 08:24:48	f642fc0b656ffed10a179c8e0d1b3d53	1	SRA Lite	Primary ETL	1	s3://sra-pub-zq-5/SRR23126391/SRR23126391.lite.1	s3.us-east-1	aws identity	https://sra-downloadb.be-md.ncbi.nlm.nih.gov/sos9/sra-pub-zq-922/SRR023/23126/SRR23126391/SRR23126391.lite.1	https://sra-downloadb.be-md.ncbi.nlm.nih.gov/sos9/sra-pub-zq-922/SRR023/23126/SRR23126391/SRR23126391.lite.1	worldwide	anonymous	gs://sra-pub-zq-102/SRR23126391/SRR23126391.lite.1	gs.us-east1	gcp identity	-	2021-12-03	cacao field	cacao tree	plant leaf	USA: Miami, FL	Theobroma cacao	25.64 N 80.29 W	m1_2_9	MIGS/MIMS/MIMARKS.plant-associated	-	http://ftp.sra.ebi.ac.uk/vol1/fastq/SRR231/091/SRR23126391/SRR23126391_1.fastq.gz	http://ftp.sra.ebi.ac.uk/vol1/fastq/SRR231/091/SRR23126391/SRR23126391_2.fastq.gz	-	era-fasp@fasp.sra.ebi.ac.uk:vol1/fastq/SRR231/091/SRR23126391/SRR23126391_1.fastq.gz	era-fasp@fasp.sra.ebi.ac.uk:vol1/fastq/SRR231/091/SRR23126391/SRR23126391_2.fastq.gz
SRR23126392	SRP418302	Cacao phyllosphere microbiome is related to Phytophthora palmivora resistance	SRX19077222	amplicon sequencing of Theobroma cacao: phyllosphere microbiome	amplicon sequencing of Theobroma cacao: phyllosphere microbiome	662107	phyllosphere metagenome	m1_2_8_16S	AMPLICON	METAGENOMIC	PCR	PAIRED	SRS16492182	-	SAMN32798692	PRJNA925518	Illumina NovaSeq 6000	Illumina NovaSeq 6000	ILLUMINA	156708	14655888	156708	70361384	m1_2_8_1.fq	SRR23126392.lite	10507166	2023-01-29 13:06:59	308dfb985795b9693087bd8849fed3a9	1	SRA Lite	Primary ETL	1	s3://sra-pub-zq-5/SRR23126392/SRR23126392.lite.1	s3.us-east-1	aws identity	https://sra-downloadb.be-md.ncbi.nlm.nih.gov/sos9/sra-pub-zq-922/SRR023/23126/SRR23126392/SRR23126392.lite.1	https://sra-downloadb.be-md.ncbi.nlm.nih.gov/sos9/sra-pub-zq-922/SRR023/23126/SRR23126392/SRR23126392.lite.1	worldwide	anonymous	gs://sra-pub-zq-102/SRR23126392/SRR23126392.lite.1	gs.us-east1	gcp identity	-	2021-12-03	cacao field	cacao tree	plant leaf	USA: Miami, FL	Theobroma cacao	25.64 N 80.29 W	m1_2_8	MIGS/MIMS/MIMARKS.plant-associated	-	http://ftp.sra.ebi.ac.uk/vol1/fastq/SRR231/092/SRR23126392/SRR23126392_1.fastq.gz	http://ftp.sra.ebi.ac.uk/vol1/fastq/SRR231/092/SRR23126392/SRR23126392_2.fastq.gz	-	era-fasp@fasp.sra.ebi.ac.uk:vol1/fastq/SRR231/092/SRR23126392/SRR23126392_1.fastq.gz	era-fasp@fasp.sra.ebi.ac.uk:vol1/fastq/SRR231/092/SRR23126392/SRR23126392_2.fastq.gz
SRR23126393	SRP418302	Cacao phyllosphere microbiome is related to Phytophthora palmivora resistance	SRX19077221	amplicon sequencing of Theobroma cacao: phyllosphere microbiome	amplicon sequencing of Theobroma cacao: phyllosphere microbiome	662107	phyllosphere metagenome	m1_2_7_16S	AMPLICON	METAGENOMIC	PCR	PAIRED	SRS16492181	-	SAMN32798691	PRJNA925518	Illumina NovaSeq 6000	Illumina NovaSeq 6000	ILLUMINA	161879	16809307	161879	72683291	m1_2_7_1.fq	SRR23126393.lite	12474642	2023-01-29 08:24:49	f7c003b9940f8582e87a8028f04f64aa	1	SRA Lite	Primary ETL	1	s3://sra-pub-zq-5/SRR23126393/SRR23126393.lite.1	s3.us-east-1	aws identity	https://sra-downloadb.be-md.ncbi.nlm.nih.gov/sos9/sra-pub-zq-922/SRR023/23126/SRR23126393/SRR23126393.lite.1	https://sra-downloadb.be-md.ncbi.nlm.nih.gov/sos9/sra-pub-zq-922/SRR023/23126/SRR23126393/SRR23126393.lite.1	worldwide	anonymous	gs://sra-pub-zq-102/SRR23126393/SRR23126393.lite.1	gs.us-east1	gcp identity	-	2021-12-03	cacao field	cacao tree	plant leaf	USA: Miami, FL	Theobroma cacao	25.64 N 80.29 W	m1_2_7	MIGS/MIMS/MIMARKS.plant-associated	-	http://ftp.sra.ebi.ac.uk/vol1/fastq/SRR231/093/SRR23126393/SRR23126393_1.fastq.gz	http://ftp.sra.ebi.ac.uk/vol1/fastq/SRR231/093/SRR23126393/SRR23126393_2.fastq.gz	-	era-fasp@fasp.sra.ebi.ac.uk:vol1/fastq/SRR231/093/SRR23126393/SRR23126393_1.fastq.gz	era-fasp@fasp.sra.ebi.ac.uk:vol1/fastq/SRR231/093/SRR23126393/SRR23126393_2.fastq.gz
SRR23126394	SRP418302	Cacao phyllosphere microbiome is related to Phytophthora palmivora resistance	SRX19077220	amplicon sequencing of Theobroma cacao: phyllosphere microbiome	amplicon sequencing of Theobroma cacao: phyllosphere microbiome	662107	phyllosphere metagenome	m1_2_6_16S	AMPLICON	METAGENOMIC	PCR	PAIRED	SRS16492180	-	SAMN32798690	PRJNA925518	Illumina NovaSeq 6000	Illumina NovaSeq 6000	ILLUMINA	146555	13898800	146555	65802714	m1_2_6_1.fq	SRR23126394.lite	9975272	2023-01-29 13:07:12	d3f6ffda1ad9db3e2e6ee0a0050870ed	1	SRA Lite	Primary ETL	1	s3://sra-pub-zq-5/SRR23126394/SRR23126394.lite.1	s3.us-east-1	aws identity	https://sra-downloadb.be-md.ncbi.nlm.nih.gov/sos9/sra-pub-zq-922/SRR023/23126/SRR23126394/SRR23126394.lite.1	https://sra-downloadb.be-md.ncbi.nlm.nih.gov/sos9/sra-pub-zq-922/SRR023/23126/SRR23126394/SRR23126394.lite.1	worldwide	anonymous	gs://sra-pub-zq-102/SRR23126394/SRR23126394.lite.1	gs.us-east1	gcp identity	-	2021-12-03	cacao field	cacao tree	plant leaf	USA: Miami, FL	Theobroma cacao	25.64 N 80.29 W	m1_2_6	MIGS/MIMS/MIMARKS.plant-associated	-	http://ftp.sra.ebi.ac.uk/vol1/fastq/SRR231/094/SRR23126394/SRR23126394_1.fastq.gz	http://ftp.sra.ebi.ac.uk/vol1/fastq/SRR231/094/SRR23126394/SRR23126394_2.fastq.gz	-	era-fasp@fasp.sra.ebi.ac.uk:vol1/fastq/SRR231/094/SRR23126394/SRR23126394_1.fastq.gz	era-fasp@fasp.sra.ebi.ac.uk:vol1/fastq/SRR231/094/SRR23126394/SRR23126394_2.fastq.gz
SRR23126395	SRP418302	Cacao phyllosphere microbiome is related to Phytophthora palmivora resistance	SRX19077219	amplicon sequencing of Theobroma cacao: phyllosphere microbiome	amplicon sequencing of Theobroma cacao: phyllosphere microbiome	662107	phyllosphere metagenome	m1_2_5_16S	AMPLICON	METAGENOMIC	PCR	PAIRED	SRS16492179	-	SAMN32798689	PRJNA925518	Illumina NovaSeq 6000	Illumina NovaSeq 6000	ILLUMINA	159641	15357194	159641	71678189	m1_2_5_1.fq	SRR23126395.lite	10915606	2023-01-29 08:24:50	b04f533bbd52e5d0a229b60aab4e2733	1	SRA Lite	Primary ETL	1	s3://sra-pub-zq-5/SRR23126395/SRR23126395.lite.1	s3.us-east-1	aws identity	https://sra-downloadb.be-md.ncbi.nlm.nih.gov/sos9/sra-pub-zq-922/SRR023/23126/SRR23126395/SRR23126395.lite.1	https://sra-downloadb.be-md.ncbi.nlm.nih.gov/sos9/sra-pub-zq-922/SRR023/23126/SRR23126395/SRR23126395.lite.1	worldwide	anonymous	gs://sra-pub-zq-102/SRR23126395/SRR23126395.lite.1	gs.us-east1	gcp identity	-	2021-12-03	cacao field	cacao tree	plant leaf	USA: Miami, FL	Theobroma cacao	25.64 N 80.29 W	m1_2_5	MIGS/MIMS/MIMARKS.plant-associated	-	http://ftp.sra.ebi.ac.uk/vol1/fastq/SRR231/095/SRR23126395/SRR23126395_1.fastq.gz	http://ftp.sra.ebi.ac.uk/vol1/fastq/SRR231/095/SRR23126395/SRR23126395_2.fastq.gz	-	era-fasp@fasp.sra.ebi.ac.uk:vol1/fastq/SRR231/095/SRR23126395/SRR23126395_1.fastq.gz	era-fasp@fasp.sra.ebi.ac.uk:vol1/fastq/SRR231/095/SRR23126395/SRR23126395_2.fastq.gz
SRR23126396	SRP418302	Cacao phyllosphere microbiome is related to Phytophthora palmivora resistance	SRX19077218	amplicon sequencing of Theobroma cacao: phyllosphere microbiome	amplicon sequencing of Theobroma cacao: phyllosphere microbiome	662107	phyllosphere metagenome	m1_2_4_16S	AMPLICON	METAGENOMIC	PCR	PAIRED	SRS16492178	-	SAMN32798688	PRJNA925518	Illumina NovaSeq 6000	Illumina NovaSeq 6000	ILLUMINA	165230	15233013	165230	74187728	m1_2_4_1.fq	SRR23126396.lite	10699030	2023-01-29 15:50:14	8d54101a2cd6585126cdafc9cd2840e0	1	SRA Lite	Primary ETL	1	s3://sra-pub-zq-5/SRR23126396/SRR23126396.lite.1	s3.us-east-1	aws identity	https://sra-downloadb.be-md.ncbi.nlm.nih.gov/sos9/sra-pub-zq-922/SRR023/23126/SRR23126396/SRR23126396.lite.1	https://sra-downloadb.be-md.ncbi.nlm.nih.gov/sos9/sra-pub-zq-922/SRR023/23126/SRR23126396/SRR23126396.lite.1	worldwide	anonymous	gs://sra-pub-zq-102/SRR23126396/SRR23126396.lite.1	gs.us-east1	gcp identity	-	2021-12-03	cacao field	cacao tree	plant leaf	USA: Miami, FL	Theobroma cacao	25.64 N 80.29 W	m1_2_4	MIGS/MIMS/MIMARKS.plant-associated	-	http://ftp.sra.ebi.ac.uk/vol1/fastq/SRR231/096/SRR23126396/SRR23126396_1.fastq.gz	http://ftp.sra.ebi.ac.uk/vol1/fastq/SRR231/096/SRR23126396/SRR23126396_2.fastq.gz	-	era-fasp@fasp.sra.ebi.ac.uk:vol1/fastq/SRR231/096/SRR23126396/SRR23126396_1.fastq.gz	era-fasp@fasp.sra.ebi.ac.uk:vol1/fastq/SRR231/096/SRR23126396/SRR23126396_2.fastq.gz
SRR23126397	SRP418302	Cacao phyllosphere microbiome is related to Phytophthora palmivora resistance	SRX19077217	amplicon sequencing of Theobroma cacao: phyllosphere microbiome	amplicon sequencing of Theobroma cacao: phyllosphere microbiome	662107	phyllosphere metagenome	m1_2_3_16S	AMPLICON	METAGENOMIC	PCR	PAIRED	SRS16492177	-	SAMN32798687	PRJNA925518	Illumina NovaSeq 6000	Illumina NovaSeq 6000	ILLUMINA	176399	17857255	176399	79202842	m1_2_3_1.fq	SRR23126397.lite	12919843	2023-01-29 15:50:16	8e263635f7abccf26fd0d38491656756	1	SRA Lite	Primary ETL	1	s3://sra-pub-zq-5/SRR23126397/SRR23126397.lite.1	s3.us-east-1	aws identity	https://sra-downloadb.be-md.ncbi.nlm.nih.gov/sos9/sra-pub-zq-922/SRR023/23126/SRR23126397/SRR23126397.lite.1	https://sra-downloadb.be-md.ncbi.nlm.nih.gov/sos9/sra-pub-zq-922/SRR023/23126/SRR23126397/SRR23126397.lite.1	worldwide	anonymous	gs://sra-pub-zq-102/SRR23126397/SRR23126397.lite.1	gs.us-east1	gcp identity	-	2021-12-03	cacao field	cacao tree	plant leaf	USA: Miami, FL	Theobroma cacao	25.64 N 80.29 W	m1_2_3	MIGS/MIMS/MIMARKS.plant-associated	-	http://ftp.sra.ebi.ac.uk/vol1/fastq/SRR231/097/SRR23126397/SRR23126397_1.fastq.gz	http://ftp.sra.ebi.ac.uk/vol1/fastq/SRR231/097/SRR23126397/SRR23126397_2.fastq.gz	-	era-fasp@fasp.sra.ebi.ac.uk:vol1/fastq/SRR231/097/SRR23126397/SRR23126397_1.fastq.gz	era-fasp@fasp.sra.ebi.ac.uk:vol1/fastq/SRR231/097/SRR23126397/SRR23126397_2.fastq.gz
SRR23126398	SRP418302	Cacao phyllosphere microbiome is related to Phytophthora palmivora resistance	SRX19077216	amplicon sequencing of Theobroma cacao: phyllosphere microbiome	amplicon sequencing of Theobroma cacao: phyllosphere microbiome	662107	phyllosphere metagenome	m1_2_2_16S	AMPLICON	METAGENOMIC	PCR	PAIRED	SRS16492176	-	SAMN32798686	PRJNA925518	Illumina NovaSeq 6000	Illumina NovaSeq 6000	ILLUMINA	165678	15684606	165678	74388921	m1_2_2_1.fq	SRR23126398.lite	11191490	2023-01-29 15:50:13	e7d7e7acbd06978fd0f92b0dc5ed8dce	1	SRA Lite	Primary ETL	1	s3://sra-pub-zq-5/SRR23126398/SRR23126398.lite.1	s3.us-east-1	aws identity	https://sra-downloadb.be-md.ncbi.nlm.nih.gov/sos9/sra-pub-zq-922/SRR023/23126/SRR23126398/SRR23126398.lite.1	https://sra-downloadb.be-md.ncbi.nlm.nih.gov/sos9/sra-pub-zq-922/SRR023/23126/SRR23126398/SRR23126398.lite.1	worldwide	anonymous	gs://sra-pub-zq-102/SRR23126398/SRR23126398.lite.1	gs.us-east1	gcp identity	-	2021-12-03	cacao field	cacao tree	plant leaf	USA: Miami, FL	Theobroma cacao	25.64 N 80.29 W	m1_2_2	MIGS/MIMS/MIMARKS.plant-associated	-	http://ftp.sra.ebi.ac.uk/vol1/fastq/SRR231/098/SRR23126398/SRR23126398_1.fastq.gz	http://ftp.sra.ebi.ac.uk/vol1/fastq/SRR231/098/SRR23126398/SRR23126398_2.fastq.gz	-	era-fasp@fasp.sra.ebi.ac.uk:vol1/fastq/SRR231/098/SRR23126398/SRR23126398_1.fastq.gz	era-fasp@fasp.sra.ebi.ac.uk:vol1/fastq/SRR231/098/SRR23126398/SRR23126398_2.fastq.gz
SRR23126399	SRP418302	Cacao phyllosphere microbiome is related to Phytophthora palmivora resistance	SRX19077215	amplicon sequencing of Theobroma cacao: phyllosphere microbiome	amplicon sequencing of Theobroma cacao: phyllosphere microbiome	662107	phyllosphere metagenome	m1_1_2_16S	AMPLICON	METAGENOMIC	PCR	PAIRED	SRS16492175	-	SAMN32798677	PRJNA925518	Illumina NovaSeq 6000	Illumina NovaSeq 6000	ILLUMINA	188425	20186188	188425	84602176	m1_1_2_1.fq	SRR23126399.lite	15010589	2023-01-29 15:50:14	b6e96091b1da499ffa7e6108a2daa134	1	SRA Lite	Primary ETL	1	s3://sra-pub-zq-5/SRR23126399/SRR23126399.lite.1	s3.us-east-1	aws identity	https://sra-downloadb.be-md.ncbi.nlm.nih.gov/sos9/sra-pub-zq-922/SRR023/23126/SRR23126399/SRR23126399.lite.1	https://sra-downloadb.be-md.ncbi.nlm.nih.gov/sos9/sra-pub-zq-922/SRR023/23126/SRR23126399/SRR23126399.lite.1	worldwide	anonymous	gs://sra-pub-zq-102/SRR23126399/SRR23126399.lite.1	gs.us-east1	gcp identity	-	2021-11-19	cacao field	cacao tree	plant leaf	USA: Miami, FL	Theobroma cacao	25.64 N 80.29 W	m1_1_2	MIGS/MIMS/MIMARKS.plant-associated	-	http://ftp.sra.ebi.ac.uk/vol1/fastq/SRR231/099/SRR23126399/SRR23126399_1.fastq.gz	http://ftp.sra.ebi.ac.uk/vol1/fastq/SRR231/099/SRR23126399/SRR23126399_2.fastq.gz	-	era-fasp@fasp.sra.ebi.ac.uk:vol1/fastq/SRR231/099/SRR23126399/SRR23126399_1.fastq.gz	era-fasp@fasp.sra.ebi.ac.uk:vol1/fastq/SRR231/099/SRR23126399/SRR23126399_2.fastq.gz
SRR23126400	SRP418302	Cacao phyllosphere microbiome is related to Phytophthora palmivora resistance	SRX19077214	amplicon sequencing of Theobroma cacao: phyllosphere microbiome	amplicon sequencing of Theobroma cacao: phyllosphere microbiome	662107	phyllosphere metagenome	m1_1_1_16S	AMPLICON	METAGENOMIC	PCR	PAIRED	SRS16492174	-	SAMN32798676	PRJNA925518	Illumina NovaSeq 6000	Illumina NovaSeq 6000	ILLUMINA	158897	15411207	158897	71344278	m1_1_1_1.fq	SRR23126400.lite	11203216	2023-01-29 08:24:49	0911a5212479c1fcd4dac898c731a280	1	SRA Lite	Primary ETL	1	s3://sra-pub-zq-5/SRR23126400/SRR23126400.lite.1	s3.us-east-1	aws identity	https://sra-downloadb.be-md.ncbi.nlm.nih.gov/sos9/sra-pub-zq-922/SRR023/23126/SRR23126400/SRR23126400.lite.1	https://sra-downloadb.be-md.ncbi.nlm.nih.gov/sos9/sra-pub-zq-922/SRR023/23126/SRR23126400/SRR23126400.lite.1	worldwide	anonymous	gs://sra-pub-zq-102/SRR23126400/SRR23126400.lite.1	gs.us-east1	gcp identity	-	2021-11-19	cacao field	cacao tree	plant leaf	USA: Miami, FL	Theobroma cacao	25.64 N 80.29 W	m1_1_1	MIGS/MIMS/MIMARKS.plant-associated	-	http://ftp.sra.ebi.ac.uk/vol1/fastq/SRR231/000/SRR23126400/SRR23126400_1.fastq.gz	http://ftp.sra.ebi.ac.uk/vol1/fastq/SRR231/000/SRR23126400/SRR23126400_2.fastq.gz	-	era-fasp@fasp.sra.ebi.ac.uk:vol1/fastq/SRR231/000/SRR23126400/SRR23126400_1.fastq.gz	era-fasp@fasp.sra.ebi.ac.uk:vol1/fastq/SRR231/000/SRR23126400/SRR23126400_2.fastq.gz
